zip_code,active_license_count_2000,active_license_count_2001,active_license_count_2002,active_license_count_2003,active_license_count_2004,active_license_count_2005,active_license_count_2006,active_license_count_2007,active_license_count_2008,active_license_count_2009,active_license_count_2010,active_license_count_2011,active_license_count_2012,active_license_count_2013,active_license_count_2014,active_license_count_2015,active_license_count_2016,active_license_count_2017,active_license_count_2018,active_license_count_2019,active_license_count_2020,active_license_count_2021,active_license_count_2022,active_license_count_2023,active_license_count_2024,active_license_count_2025,positive_storefront_count_2000,positive_storefront_count_2001,positive_storefront_count_2002,positive_storefront_count_2003,positive_storefront_count_2004,positive_storefront_count_2005,positive_storefront_count_2006,positive_storefront_count_2007,positive_storefront_count_2008,positive_storefront_count_2009,positive_storefront_count_2010,positive_storefront_count_2011,positive_storefront_count_2012,positive_storefront_count_2013,positive_storefront_count_2014,positive_storefront_count_2015,positive_storefront_count_2016,positive_storefront_count_2017,positive_storefront_count_2018,positive_storefront_count_2019,positive_storefront_count_2020,positive_storefront_count_2021,positive_storefront_count_2022,positive_storefront_count_2023,positive_storefront_count_2024,positive_storefront_count_2025,positive_weight_2000,positive_weight_2001,positive_weight_2002,positive_weight_2003,positive_weight_2004,positive_weight_2005,positive_weight_2006,positive_weight_2007,positive_weight_2008,positive_weight_2009,positive_weight_2010,positive_weight_2011,positive_weight_2012,positive_weight_2013,positive_weight_2014,positive_weight_2015,positive_weight_2016,positive_weight_2017,positive_weight_2018,positive_weight_2019,positive_weight_2020,positive_weight_2021,positive_weight_2022,positive_weight_2023,positive_weight_2024,positive_weight_2025,negative_weight_2000,negative_weight_2001,negative_weight_2002,negative_weight_2003,negative_weight_2004,negative_weight_2005,negative_weight_2006,negative_weight_2007,negative_weight_2008,negative_weight_2009,negative_weight_2010,negative_weight_2011,negative_weight_2012,negative_weight_2013,negative_weight_2014,negative_weight_2015,negative_weight_2016,negative_weight_2017,negative_weight_2018,negative_weight_2019,negative_weight_2020,negative_weight_2021,negative_weight_2022,negative_weight_2023,negative_weight_2024,negative_weight_2025,net_weight_2000,net_weight_2001,net_weight_2002,net_weight_2003,net_weight_2004,net_weight_2005,net_weight_2006,net_weight_2007,net_weight_2008,net_weight_2009,net_weight_2010,net_weight_2011,net_weight_2012,net_weight_2013,net_weight_2014,net_weight_2015,net_weight_2016,net_weight_2017,net_weight_2018,net_weight_2019,net_weight_2020,net_weight_2021,net_weight_2022,net_weight_2023,net_weight_2024,net_weight_2025,positive_category_count_2000,positive_category_count_2001,positive_category_count_2002,positive_category_count_2003,positive_category_count_2004,positive_category_count_2005,positive_category_count_2006,positive_category_count_2007,positive_category_count_2008,positive_category_count_2009,positive_category_count_2010,positive_category_count_2011,positive_category_count_2012,positive_category_count_2013,positive_category_count_2014,positive_category_count_2015,positive_category_count_2016,positive_category_count_2017,positive_category_count_2018,positive_category_count_2019,positive_category_count_2020,positive_category_count_2021,positive_category_count_2022,positive_category_count_2023,positive_category_count_2024,positive_category_count_2025,positive_category_coverage_2000,positive_category_coverage_2001,positive_category_coverage_2002,positive_category_coverage_2003,positive_category_coverage_2004,positive_category_coverage_2005,positive_category_coverage_2006,positive_category_coverage_2007,positive_category_coverage_2008,positive_category_coverage_2009,positive_category_coverage_2010,positive_category_coverage_2011,positive_category_coverage_2012,positive_category_coverage_2013,positive_category_coverage_2014,positive_category_coverage_2015,positive_category_coverage_2016,positive_category_coverage_2017,positive_category_coverage_2018,positive_category_coverage_2019,positive_category_coverage_2020,positive_category_coverage_2021,positive_category_coverage_2022,positive_category_coverage_2023,positive_category_coverage_2024,positive_category_coverage_2025,mix_balance_2000,mix_balance_2001,mix_balance_2002,mix_balance_2003,mix_balance_2004,mix_balance_2005,mix_balance_2006,mix_balance_2007,mix_balance_2008,mix_balance_2009,mix_balance_2010,mix_balance_2011,mix_balance_2012,mix_balance_2013,mix_balance_2014,mix_balance_2015,mix_balance_2016,mix_balance_2017,mix_balance_2018,mix_balance_2019,mix_balance_2020,mix_balance_2021,mix_balance_2022,mix_balance_2023,mix_balance_2024,mix_balance_2025,destination_intensity_2000,destination_intensity_2001,destination_intensity_2002,destination_intensity_2003,destination_intensity_2004,destination_intensity_2005,destination_intensity_2006,destination_intensity_2007,destination_intensity_2008,destination_intensity_2009,destination_intensity_2010,destination_intensity_2011,destination_intensity_2012,destination_intensity_2013,destination_intensity_2014,destination_intensity_2015,destination_intensity_2016,destination_intensity_2017,destination_intensity_2018,destination_intensity_2019,destination_intensity_2020,destination_intensity_2021,destination_intensity_2022,destination_intensity_2023,destination_intensity_2024,destination_intensity_2025,walkability_score_2000,walkability_score_2001,walkability_score_2002,walkability_score_2003,walkability_score_2004,walkability_score_2005,walkability_score_2006,walkability_score_2007,walkability_score_2008,walkability_score_2009,walkability_score_2010,walkability_score_2011,walkability_score_2012,walkability_score_2013,walkability_score_2014,walkability_score_2015,walkability_score_2016,walkability_score_2017,walkability_score_2018,walkability_score_2019,walkability_score_2020,walkability_score_2021,walkability_score_2022,walkability_score_2023,walkability_score_2024,walkability_score_2025
60601,59,262,1561,2476,2463,2558,2621,2615,2982,1932,3019,1904,2923,1822,2442,1797,2336,1842,2302,1826,1986,1857,1826,1600,1677,1498,13,97,736,1142,1119,1054,1032,1013,959,706,1048,723,1121,818,1215,1027,1350,1180,1447,1236,1316,1283,1257,1165,1187,1115,35,265,2084,3246,3173,2978,2921,2865,2679,1971,2931,2021,3076,2179,3162,2557,3340,2865,3552,3005,3171,3099,3029,2884,2947,2822,0,2,28,46,40,56,59,45,48,33,61,76,150,129,153,146,147,157,175,168,117,127,118,126,128,143,35,263,2056,3200,3133,2922,2862,2820,2631,1938,2870,1945,2926,2050,3009,2411,3193,2708,3377,2837,3054,2972,2911,2758,2819,2679,4,5,5,5,5,5,5,5,5,5,5,5,5,5,5,5,5,5,5,5,5,5,5,5,5,5,0.8,1.0,1.0,1.0,1.0,1.0,1.0,1.0,1.0,1.0,1.0,1.0,1.0,1.0,1.0,1.0,1.0,1.0,1.0,1.0,1.0,1.0,1.0,1.0,1.0,1.0,1.0,0.993,0.987,0.986,0.988,0.982,0.98,0.985,0.982,0.984,0.98,0.964,0.954,0.944,0.954,0.946,0.958,0.948,0.953,0.947,0.964,0.961,0.963,0.958,0.958,0.952,0.81,1.0,1.0,1.0,1.0,1.0,1.0,1.0,1.0,1.0,1.0,1.0,1.0,1.0,1.0,1.0,1.0,1.0,1.0,1.0,1.0,1.0,1.0,1.0,1.0,1.0,90.2,99.6,99.3,99.3,99.4,99.1,99.0,99.2,99.1,99.2,99.0,98.2,97.7,97.2,97.7,97.3,97.9,97.4,97.7,97.4,98.2,98.0,98.1,97.9,97.9,97.6
60602,16,65,781,1335,1389,1455,1507,1604,1623,1151,1776,1127,1715,1070,1510,1071,1359,994,1274,969,1110,916,969,793,882,721,0,10,238,410,413,411,426,449,420,307,463,327,563,452,644,492,674,557,693,585,649,568,588,512,548,486,0,22,636,1099,1102,1086,1125,1184,1100,821,1232,875,1366,1020,1448,1102,1505,1235,1522,1265,1384,1196,1228,1081,1165,1045,0,2,7,12,17,19,14,17,23,19,26,43,91,66,81,72,72,53,72,61,62,60,52,39,47,36,0,20,629,1087,1085,1067,1111,1167,1077,802,1206,832,1275,954,1367,1030,1433,1182,1450,1204,1322,1136,1176,1042,1118,1009,0,4,5,5,5,5,5,5,5,5,5,5,5,5,5,5,5,5,5,5,5,5,5,5,5,5,0.0,0.8,1.0,1.0,1.0,1.0,1.0,1.0,1.0,1.0,1.0,1.0,1.0,1.0,1.0,1.0,1.0,1.0,1.0,1.0,1.0,1.0,1.0,1.0,1.0,1.0,0.5,0.917,0.989,0.989,0.985,0.983,0.988,0.986,0.98,0.977,0.979,0.953,0.938,0.939,0.947,0.939,0.954,0.959,0.955,0.954,0.957,0.952,0.959,0.965,0.961,0.967,0.0,0.736,1.0,1.0,1.0,1.0,1.0,1.0,1.0,1.0,1.0,1.0,1.0,1.0,1.0,1.0,1.0,1.0,1.0,1.0,1.0,1.0,1.0,1.0,1.0,1.0,25.0,84.2,99.5,99.5,99.2,99.1,99.4,99.3,99.0,98.9,99.0,97.7,96.9,97.0,97.4,96.9,97.7,97.9,97.7,97.7,97.9,97.6,98.0,98.3,98.1,98.3
60603,6,43,984,1835,2367,1806,1876,1886,1931,1258,2077,1267,2057,1262,1915,1265,1758,1265,1632,1219,1449,1218,1289,947,1057,793,1,14,333,597,686,564,581,584,553,378,589,418,732,591,903,722,972,773,989,804,922,820,874,670,736,579,3,36,921,1647,1864,1552,1615,1625,1519,1032,1615,1142,1838,1375,2008,1604,2119,1708,2151,1760,1977,1775,1794,1446,1590,1291,2,2,18,38,48,39,48,50,60,38,72,66,147,123,144,126,149,144,149,142,117,121,113,115,105,100,1,34,903,1609,1816,1513,1567,1575,1459,994,1543,1076,1691,1252,1864,1478,1970,1564,2002,1618,1860,1654,1681,1331,1485,1191,1,5,5,5,5,5,5,5,5,5,5,5,5,5,5,5,5,5,5,5,5,5,5,5,5,5,0.2,1.0,1.0,1.0,1.0,1.0,1.0,1.0,1.0,1.0,1.0,1.0,1.0,1.0,1.0,1.0,1.0,1.0,1.0,1.0,1.0,1.0,1.0,1.0,1.0,1.0,0.6,0.947,0.981,0.977,0.975,0.975,0.971,0.97,0.962,0.964,0.957,0.945,0.926,0.918,0.933,0.927,0.934,0.922,0.935,0.925,0.944,0.936,0.941,0.926,0.938,0.928,0.213,0.831,1.0,1.0,1.0,1.0,1.0,1.0,1.0,1.0,1.0,1.0,1.0,1.0,1.0,1.0,1.0,1.0,1.0,1.0,1.0,1.0,1.0,1.0,1.0,1.0,40.3,93.1,99.0,98.9,98.7,98.8,98.6,98.5,98.1,98.2,97.9,97.3,96.3,95.9,96.7,96.4,96.7,96.1,96.8,96.3,97.2,96.8,97.0,96.3,96.9,96.4
60604,14,50,700,1248,1544,1189,1187,1233,1288,828,1297,695,1107,640,953,651,916,600,842,632,718,574,603,441,560,442,5,12,264,484,573,437,430,436,407,265,410,259,410,308,455,381,523,406,529,423,492,415,454,343,424,343,15,33,715,1297,1521,1173,1170,1199,1116,728,1126,707,1091,779,1130,903,1221,928,1204,960,1106,932,1037,795,979,786,0,2,15,28,35,24,22,15,15,12,23,14,24,14,21,16,15,11,21,16,20,15,20,16,23,19,15,31,700,1269,1486,1149,1148,1184,1101,716,1103,693,1067,765,1109,887,1206,917,1183,944,1086,917,1017,779,956,767,2,4,5,5,5,5,5,5,5,5,5,5,5,5,5,5,5,5,5,5,5,5,5,5,5,5,0.4,0.8,1.0,1.0,1.0,1.0,1.0,1.0,1.0,1.0,1.0,1.0,1.0,1.0,1.0,1.0,1.0,1.0,1.0,1.0,1.0,1.0,1.0,1.0,1.0,1.0,1.0,0.943,0.979,0.979,0.978,0.98,0.982,0.988,0.987,0.984,0.98,0.981,0.978,0.982,0.982,0.983,0.988,0.988,0.983,0.984,0.982,0.984,0.981,0.98,0.977,0.976,0.55,0.787,1.0,1.0,1.0,1.0,1.0,1.0,1.0,1.0,1.0,1.0,1.0,1.0,1.0,1.0,1.0,1.0,1.0,1.0,1.0,1.0,1.0,1.0,1.0,1.0,73.7,86.8,99.0,98.9,98.9,99.0,99.1,99.4,99.3,99.2,99.0,99.0,98.9,99.1,99.1,99.1,99.4,99.4,99.1,99.2,99.1,99.2,99.1,99.0,98.9,98.8
60605,33,150,1006,1549,1540,1505,1512,1527,1715,1122,1816,1131,1798,1164,1634,1214,1566,1255,1576,1345,1495,1436,1449,1251,1359,1153,3,59,522,816,803,757,779,790,839,560,891,567,939,714,1073,879,1139,940,1142,1001,1116,1069,1099,989,1097,957,6,165,1476,2301,2257,2145,2220,2247,2377,1589,2523,1613,2622,1970,2925,2331,3030,2482,3048,2656,2972,2856,2957,2678,2984,2607,6,12,80,125,113,104,101,86,76,65,99,104,181,128,150,109,112,101,116,97,85,84,87,73,86,75,0,153,1396,2176,2144,2041,2119,2161,2301,1524,2424,1509,2441,1842,2775,2222,2918,2381,2932,2559,2887,2772,2870,2605,2898,2532,3,5,5,5,5,5,5,5,5,5,5,5,5,5,5,5,5,5,5,5,5,5,5,5,5,5,0.6,1.0,1.0,1.0,1.0,1.0,1.0,1.0,1.0,1.0,1.0,1.0,1.0,1.0,1.0,1.0,1.0,1.0,1.0,1.0,1.0,1.0,1.0,1.0,1.0,1.0,0.5,0.932,0.949,0.948,0.952,0.954,0.956,0.963,0.969,0.961,0.962,0.939,0.935,0.939,0.951,0.955,0.964,0.961,0.963,0.965,0.972,0.971,0.971,0.973,0.972,0.972,0.425,1.0,1.0,1.0,1.0,1.0,1.0,1.0,1.0,1.0,1.0,1.0,1.0,1.0,1.0,1.0,1.0,1.0,1.0,1.0,1.0,1.0,1.0,1.0,1.0,1.0,50.6,96.6,97.4,97.4,97.6,97.7,97.8,98.2,98.5,98.0,98.1,97.0,96.8,96.9,97.6,97.8,98.2,98.0,98.2,98.2,98.6,98.6,98.6,98.7,98.6,98.6
60606,51,293,1663,2553,2490,2514,2554,2513,3273,2094,3420,1979,3123,1875,2787,1900,2588,1819,2397,1798,2176,1865,1956,1546,1813,1454,8,83,594,930,913,880,860,827,811,581,846,563,893,747,1167,968,1303,1062,1385,1186,1363,1262,1280,1100,1235,1079,21,241,1705,2668,2627,2528,2477,2384,2324,1661,2428,1618,2447,1831,2720,2140,2823,2260,2935,2554,2820,2694,2615,2314,2512,2307,0,25,81,115,97,89,90,91,89,50,76,52,87,45,72,57,67,54,67,54,56,56,57,49,42,40,21,216,1624,2553,2530,2439,2387,2293,2235,1611,2352,1566,2360,1786,2648,2083,2756,2206,2868,2500,2764,2638,2558,2265,2470,2267,4,4,5,5,5,5,5,5,5,5,5,5,5,5,5,5,5,5,5,5,5,5,5,5,5,5,0.8,0.8,1.0,1.0,1.0,1.0,1.0,1.0,1.0,1.0,1.0,1.0,1.0,1.0,1.0,1.0,1.0,1.0,1.0,1.0,1.0,1.0,1.0,1.0,1.0,1.0,1.0,0.906,0.955,0.959,0.964,0.966,0.965,0.963,0.963,0.971,0.97,0.969,0.966,0.976,0.974,0.974,0.977,0.977,0.978,0.979,0.981,0.98,0.979,0.979,0.984,0.983,0.674,1.0,1.0,1.0,1.0,1.0,1.0,1.0,1.0,1.0,1.0,1.0,1.0,1.0,1.0,1.0,1.0,1.0,1.0,1.0,1.0,1.0,1.0,1.0,1.0,1.0,86.9,90.3,97.7,97.9,98.2,98.3,98.2,98.2,98.2,98.5,98.5,98.4,98.3,98.8,98.7,98.7,98.8,98.8,98.9,99.0,99.0,99.0,98.9,99.0,99.2,99.1
60607,34,185,1759,2926,2881,2940,3005,3128,3018,1925,3180,2023,3369,2046,2921,2121,2817,2204,2758,2251,2550,2449,2572,2389,2695,2398,5,66,704,1125,1049,1088,1122,1165,1114,740,1187,788,1307,1021,1527,1294,1701,1466,1838,1622,1851,1854,1944,1886,2076,1925,12,182,2009,3212,2974,3083,3181,3301,3157,2080,3346,2200,3598,2701,4023,3260,4366,3672,4669,4103,4744,4744,4978,4762,5287,4928,16,80,593,994,912,863,861,849,820,462,806,554,1113,600,874,589,791,585,690,473,439,393,344,262,341,285,-4,102,1416,2218,2062,2220,2320,2452,2337,1618,2540,1646,2485,2101,3149,2671,3575,3087,3979,3630,4305,4351,4634,4500,4946,4643,3,5,5,5,5,5,5,5,5,5,5,5,5,5,5,5,5,5,5,5,5,5,5,5,5,5,0.6,1.0,1.0,1.0,1.0,1.0,1.0,1.0,1.0,1.0,1.0,1.0,1.0,1.0,1.0,1.0,1.0,1.0,1.0,1.0,1.0,1.0,1.0,1.0,1.0,1.0,0.429,0.695,0.772,0.764,0.765,0.781,0.787,0.795,0.794,0.818,0.806,0.799,0.764,0.818,0.822,0.847,0.847,0.863,0.871,0.897,0.915,0.923,0.935,0.948,0.939,0.945,0.55,1.0,1.0,1.0,1.0,1.0,1.0,1.0,1.0,1.0,1.0,1.0,1.0,1.0,1.0,1.0,1.0,1.0,1.0,1.0,1.0,1.0,1.0,1.0,1.0,1.0,50.2,84.7,88.6,88.2,88.3,89.1,89.3,89.8,89.7,90.9,90.3,89.9,88.2,90.9,91.1,92.3,92.3,93.1,93.6,94.8,95.8,96.2,96.8,97.4,97.0,97.3
60608,41,160,2856,5047,4952,4818,4848,6378,2810,4521,2804,4214,3198,3454,2483,3308,2502,3260,2573,3168,2413,3087,2427,2826,2354,2647,12,41,1006,1770,1669,1580,1546,2004,848,1379,833,1385,1090,1576,1245,1701,1358,1744,1450,1765,1481,1907,1574,1813,1545,1720,34,112,2857,5023,4721,4472,4358,5643,2377,3864,2312,3832,2923,4228,3235,4470,3462,4514,3619,4501,3732,4910,3977,4685,3897,4458,11,54,1311,2164,2081,2101,2127,2886,1143,1939,1203,1929,1713,1635,1068,1539,1046,1471,1031,1314,885,1163,820,1014,763,892,23,58,1546,2859,2640,2371,2231,2757,1234,1925,1109,1903,1210,2593,2167,2931,2416,3043,2588,3187,2847,3747,3157,3671,3134,3566,3,5,5,5,5,5,5,5,5,5,5,5,5,5,5,5,5,5,5,5,5,5,5,5,5,5,0.6,1.0,1.0,1.0,1.0,1.0,1.0,1.0,1.0,1.0,1.0,1.0,1.0,1.0,1.0,1.0,1.0,1.0,1.0,1.0,1.0,1.0,1.0,1.0,1.0,1.0,0.756,0.675,0.685,0.699,0.694,0.68,0.672,0.662,0.675,0.666,0.658,0.665,0.631,0.721,0.752,0.744,0.768,0.754,0.778,0.774,0.808,0.808,0.829,0.822,0.836,0.833,0.787,1.0,1.0,1.0,1.0,1.0,1.0,1.0,1.0,1.0,1.0,1.0,1.0,1.0,1.0,1.0,1.0,1.0,1.0,1.0,1.0,1.0,1.0,1.0,1.0,1.0,72.5,83.7,84.3,84.9,84.7,84.0,83.6,83.1,83.8,83.3,82.9,83.3,81.5,86.1,87.6,87.2,88.4,87.7,88.9,88.7,90.4,90.4,91.5,91.1,91.8,91.7
60609,28,145,2317,4197,4180,4277,4555,4732,4300,2883,4453,2717,4311,2252,3090,2097,2763,2033,2632,1968,2878,2671,3434,2860,3464,2805,2,26,768,1320,1243,1220,1160,1144,1021,654,1058,684,1222,950,1298,1018,1235,1048,1271,1070,1642,1780,2274,2044,2379,2054,6,76,2195,3752,3507,3451,3273,3205,2871,1836,2967,1902,3251,2440,3303,2606,3159,2639,3170,2681,4201,4609,5880,5268,6088,5293,5,64,917,1732,1703,1693,1680,1696,1563,1009,1674,1036,1963,860,1364,895,1346,921,1296,872,1251,899,1208,812,1124,763,1,12,1278,2020,1804,1758,1593,1509,1308,827,1293,866,1288,1580,1939,1711,1813,1718,1874,1809,2950,3710,4672,4456,4964,4530,1,3,5,5,5,5,5,5,5,5,5,5,5,5,5,5,5,5,5,5,5,5,5,5,5,5,0.2,0.6,1.0,1.0,1.0,1.0,1.0,1.0,1.0,1.0,1.0,1.0,1.0,1.0,1.0,1.0,1.0,1.0,1.0,1.0,1.0,1.0,1.0,1.0,1.0,1.0,0.545,0.543,0.705,0.684,0.673,0.671,0.661,0.654,0.647,0.645,0.639,0.647,0.624,0.739,0.708,0.744,0.701,0.741,0.71,0.755,0.771,0.837,0.83,0.866,0.844,0.874,0.337,1.0,1.0,1.0,1.0,1.0,1.0,1.0,1.0,1.0,1.0,1.0,1.0,1.0,1.0,1.0,1.0,1.0,1.0,1.0,1.0,1.0,1.0,1.0,1.0,1.0,40.7,67.1,85.3,84.2,83.7,83.5,83.0,82.7,82.4,82.3,82.0,82.4,81.2,87.0,85.4,87.2,85.1,87.1,85.5,87.7,88.5,91.8,91.5,93.3,92.2,93.7
60610,42,188,2850,4988,4931,5028,5049,5098,4654,3035,4316,2538,3831,2184,2915,1990,2531,1888,2298,1765,1979,1708,1835,1568,1741,1479,15,60,1410,2377,2181,2192,2147,2186,1963,1347,1865,1199,1837,1309,1752,1297,1579,1303,1504,1232,1340,1209,1274,1139,1252,1104,45,171,4028,6755,6137,6175,6079,6195,5555,3815,5298,3398,5136,3627,4837,3560,4351,3582,4162,3412,3722,3355,3544,3159,3480,3064,5,25,223,402,404,389,387,375,317,188,289,255,456,269,280,229,267,223,253,197,193,203,206,195,203,173,40,146,3805,6353,5733,5786,5692,5820,5238,3627,5009,3143,4680,3358,4557,3331,4084,3359,3909,3215,3529,3152,3338,2964,3277,2891,2,5,5,5,5,5,5,5,5,5,5,5,5,5,5,5,5,5,5,5,5,5,5,5,5,5,0.4,1.0,1.0,1.0,1.0,1.0,1.0,1.0,1.0,1.0,1.0,1.0,1.0,1.0,1.0,1.0,1.0,1.0,1.0,1.0,1.0,1.0,1.0,1.0,1.0,1.0,0.9,0.872,0.948,0.944,0.938,0.941,0.94,0.943,0.946,0.953,0.948,0.93,0.918,0.931,0.945,0.94,0.942,0.941,0.943,0.945,0.951,0.943,0.945,0.942,0.945,0.947,0.851,1.0,1.0,1.0,1.0,1.0,1.0,1.0,1.0,1.0,1.0,1.0,1.0,1.0,1.0,1.0,1.0,1.0,1.0,1.0,1.0,1.0,1.0,1.0,1.0,1.0,76.3,93.6,97.4,97.2,96.9,97.0,97.0,97.1,97.3,97.7,97.4,96.5,95.9,96.5,97.3,97.0,97.1,97.1,97.1,97.3,97.5,97.1,97.3,97.1,97.2,97.3
60611,50,292,2888,4801,4590,4819,4877,4757,3123,5178,3142,5172,3660,4659,3254,4430,3187,4174,3191,3987,2955,3692,2690,3284,2639,3050,10,117,1675,2714,2428,2448,2485,2380,1426,2346,1396,2284,1576,2457,1949,2788,2122,2823,2243,2844,2210,2761,2051,2511,2050,2396,29,333,4800,7758,6881,6928,7036,6747,4027,6624,3931,6450,4404,6766,5084,7275,5450,7291,5794,7315,5682,7057,5253,6454,5290,6243,3,12,76,116,119,141,150,165,122,199,122,435,734,746,717,801,622,722,635,664,463,500,400,476,433,456,26,321,4724,7642,6762,6787,6886,6582,3905,6425,3809,6015,3670,6020,4367,6474,4828,6569,5159,6651,5219,6557,4853,5978,4857,5787,3,5,5,5,5,5,5,5,5,5,5,5,5,5,5,5,5,5,5,5,5,5,5,5,5,5,0.6,1.0,1.0,1.0,1.0,1.0,1.0,1.0,1.0,1.0,1.0,1.0,1.0,1.0,1.0,1.0,1.0,1.0,1.0,1.0,1.0,1.0,1.0,1.0,1.0,1.0,0.906,0.965,0.984,0.985,0.983,0.98,0.979,0.976,0.971,0.971,0.97,0.937,0.857,0.901,0.876,0.901,0.898,0.91,0.901,0.917,0.925,0.934,0.929,0.931,0.924,0.932,0.736,1.0,1.0,1.0,1.0,1.0,1.0,1.0,1.0,1.0,1.0,1.0,1.0,1.0,1.0,1.0,1.0,1.0,1.0,1.0,1.0,1.0,1.0,1.0,1.0,1.0,78.7,98.3,99.2,99.3,99.2,99.0,99.0,98.8,98.5,98.5,98.5,96.8,92.9,95.0,93.8,95.0,94.9,95.5,95.1,95.8,96.2,96.7,96.5,96.6,96.2,96.6
60612,30,196,1265,2057,2154,2128,2164,2101,2106,1322,2204,1442,2252,1369,1789,1358,1643,1345,1616,1325,1497,1442,1526,1343,1493,1295,2,67,487,748,748,676,662,641,629,422,687,510,776,653,832,742,813,764,838,778,813,864,834,796,843,803,5,193,1401,2150,2156,1950,1907,1833,1795,1207,1976,1465,2178,1728,2164,1871,2057,1913,2100,1933,1996,2149,2053,1977,2091,2033,12,45,432,744,793,855,861,877,896,522,898,522,1007,507,790,499,748,482,689,456,630,466,678,489,636,395,-7,148,969,1406,1363,1095,1046,956,899,685,1078,943,1171,1221,1374,1372,1309,1431,1411,1477,1366,1683,1375,1488,1455,1638,2,3,5,5,5,5,5,5,5,5,5,5,5,5,5,5,5,5,5,5,5,5,5,5,5,5,0.4,0.6,1.0,1.0,1.0,1.0,1.0,1.0,1.0,1.0,1.0,1.0,1.0,1.0,1.0,1.0,1.0,1.0,1.0,1.0,1.0,1.0,1.0,1.0,1.0,1.0,0.294,0.811,0.764,0.743,0.731,0.695,0.689,0.676,0.667,0.698,0.688,0.737,0.684,0.773,0.733,0.789,0.733,0.799,0.753,0.809,0.76,0.822,0.752,0.802,0.767,0.837,0.337,1.0,1.0,1.0,1.0,1.0,1.0,1.0,1.0,1.0,1.0,1.0,1.0,1.0,1.0,1.0,1.0,1.0,1.0,1.0,1.0,1.0,1.0,1.0,1.0,1.0,33.1,80.5,88.2,87.1,86.6,84.8,84.4,83.8,83.4,84.9,84.4,86.9,84.2,88.7,86.6,89.5,86.7,89.9,87.6,90.5,88.0,91.1,87.6,90.1,88.3,91.9
60613,25,158,1608,2703,2763,2563,2514,2486,2435,1553,2572,1643,2707,1583,2170,1544,2007,1554,2017,1620,1904,1758,1867,1669,1926,1580,6,47,811,1410,1471,1292,1215,1213,1194,742,1242,770,1380,976,1460,1081,1433,1128,1489,1239,1476,1369,1457,1327,1525,1242,17,132,2285,3956,4102,3628,3447,3432,3364,2076,3467,2131,3803,2634,3969,2878,3857,2993,4017,3340,4045,3720,3982,3483,4119,3391,14,50,228,353,316,314,295,281,272,156,275,184,344,146,222,148,206,135,180,127,153,120,140,110,123,101,3,82,2057,3603,3786,3314,3152,3151,3092,1920,3192,1947,3459,2488,3747,2730,3651,2858,3837,3213,3892,3600,3842,3373,3996,3290,3,5,5,5,5,5,5,5,5,5,5,5,5,5,5,5,5,5,5,5,5,5,5,5,5,5,0.6,1.0,1.0,1.0,1.0,1.0,1.0,1.0,1.0,1.0,1.0,1.0,1.0,1.0,1.0,1.0,1.0,1.0,1.0,1.0,1.0,1.0,1.0,1.0,1.0,1.0,0.548,0.725,0.909,0.918,0.928,0.92,0.921,0.924,0.925,0.93,0.927,0.921,0.917,0.947,0.947,0.951,0.949,0.957,0.957,0.963,0.964,0.969,0.966,0.969,0.971,0.971,0.597,1.0,1.0,1.0,1.0,1.0,1.0,1.0,1.0,1.0,1.0,1.0,1.0,1.0,1.0,1.0,1.0,1.0,1.0,1.0,1.0,1.0,1.0,1.0,1.0,1.0,57.4,86.3,95.5,95.9,96.4,96.0,96.1,96.2,96.3,96.5,96.3,96.0,95.9,97.4,97.4,97.6,97.5,97.8,97.9,98.2,98.2,98.4,98.3,98.5,98.6,98.6
60614,22,123,2781,4986,5964,4816,4733,4691,2828,4622,2738,4532,3240,4137,2830,3902,2707,3718,2654,3460,2505,3336,2478,3028,2465,2921,5,45,1518,2613,2725,2347,2335,2316,1359,2326,1368,2376,1598,2598,1924,2802,1959,2724,1943,2602,1946,2613,1986,2444,2015,2399,15,124,4352,7461,7675,6653,6654,6616,3871,6679,3894,6792,4442,7187,5174,7631,5275,7392,5190,7059,5232,7116,5352,6664,5411,6529,0,8,278,510,665,468,473,466,293,443,272,507,581,553,417,496,360,443,305,381,229,321,214,283,242,290,15,116,4074,6951,7010,6185,6181,6150,3578,6236,3622,6285,3861,6634,4757,7135,4915,6949,4885,6678,5003,6795,5138,6381,5169,6239,2,5,5,5,5,5,5,5,5,5,5,5,5,5,5,5,5,5,5,5,5,5,5,5,5,5,0.4,1.0,1.0,1.0,1.0,1.0,1.0,1.0,1.0,1.0,1.0,1.0,1.0,1.0,1.0,1.0,1.0,1.0,1.0,1.0,1.0,1.0,1.0,1.0,1.0,1.0,1.0,0.939,0.94,0.936,0.92,0.934,0.934,0.934,0.93,0.938,0.935,0.931,0.884,0.929,0.925,0.939,0.936,0.943,0.944,0.949,0.958,0.957,0.962,0.959,0.957,0.957,0.55,1.0,1.0,1.0,1.0,1.0,1.0,1.0,1.0,1.0,1.0,1.0,1.0,1.0,1.0,1.0,1.0,1.0,1.0,1.0,1.0,1.0,1.0,1.0,1.0,1.0,73.7,97.0,97.0,96.8,96.0,96.7,96.7,96.7,96.5,96.9,96.7,96.5,94.2,96.4,96.3,96.9,96.8,97.2,97.2,97.4,97.9,97.8,98.1,98.0,97.9,97.9
60615,9,64,766,1316,1322,1247,1221,1167,1087,686,1130,717,1172,637,878,651,864,699,886,733,855,840,842,731,776,657,3,27,318,551,534,482,469,469,447,272,449,275,512,382,565,447,607,495,615,520,607,601,608,551,596,528,7,76,902,1543,1484,1327,1297,1296,1235,756,1252,770,1394,1031,1509,1186,1615,1307,1651,1388,1608,1591,1592,1466,1583,1416,0,14,79,109,113,115,115,96,94,44,86,48,104,55,72,50,61,47,57,46,56,43,55,42,54,41,7,62,823,1434,1371,1212,1182,1200,1141,712,1166,722,1290,976,1437,1136,1554,1260,1594,1342,1552,1548,1537,1424,1529,1375,2,4,5,5,5,5,5,5,5,5,5,5,5,5,5,5,5,5,5,5,5,5,5,5,5,5,0.4,0.8,1.0,1.0,1.0,1.0,1.0,1.0,1.0,1.0,1.0,1.0,1.0,1.0,1.0,1.0,1.0,1.0,1.0,1.0,1.0,1.0,1.0,1.0,1.0,1.0,1.0,0.844,0.919,0.934,0.929,0.92,0.919,0.931,0.929,0.945,0.936,0.941,0.931,0.949,0.954,0.96,0.964,0.965,0.967,0.968,0.966,0.974,0.967,0.972,0.967,0.972,0.425,1.0,1.0,1.0,1.0,1.0,1.0,1.0,1.0,1.0,1.0,1.0,1.0,1.0,1.0,1.0,1.0,1.0,1.0,1.0,1.0,1.0,1.0,1.0,1.0,1.0,70.6,87.2,96.0,96.7,96.5,96.0,95.9,96.6,96.5,97.2,96.8,97.1,96.5,97.5,97.7,98.0,98.2,98.3,98.3,98.4,98.3,98.7,98.3,98.6,98.4,98.6
60616,24,143,1575,2618,2668,2623,2670,2621,2528,1615,2628,1614,2740,1613,2250,1592,2069,1637,2107,1737,2034,1873,2006,1746,1992,1718,6,54,638,1066,1089,1029,1023,1024,1010,631,1064,643,1152,884,1266,1008,1282,1097,1381,1224,1413,1353,1456,1309,1473,1330,16,149,1795,2971,2979,2814,2818,2828,2787,1741,2936,1767,3133,2384,3397,2659,3395,2885,3648,3199,3698,3520,3800,3411,3852,3481,2,43,358,567,548,569,588,560,516,279,518,315,660,320,464,275,424,275,410,285,350,298,298,235,289,223,14,106,1437,2404,2431,2245,2230,2268,2271,1462,2418,1452,2473,2064,2933,2384,2971,2610,3238,2914,3348,3222,3502,3176,3563,3258,2,4,5,5,5,5,5,5,5,5,5,5,5,5,5,5,5,5,5,5,5,5,5,5,5,5,0.4,0.8,1.0,1.0,1.0,1.0,1.0,1.0,1.0,1.0,1.0,1.0,1.0,1.0,1.0,1.0,1.0,1.0,1.0,1.0,1.0,1.0,1.0,1.0,1.0,1.0,0.889,0.776,0.834,0.84,0.845,0.832,0.827,0.835,0.844,0.862,0.85,0.849,0.826,0.882,0.88,0.906,0.889,0.913,0.899,0.918,0.914,0.922,0.927,0.936,0.93,0.94,0.597,1.0,1.0,1.0,1.0,1.0,1.0,1.0,1.0,1.0,1.0,1.0,1.0,1.0,1.0,1.0,1.0,1.0,1.0,1.0,1.0,1.0,1.0,1.0,1.0,1.0,69.4,83.8,91.7,92.0,92.2,91.6,91.4,91.7,92.2,93.1,92.5,92.4,91.3,94.1,94.0,95.3,94.4,95.6,94.9,95.9,95.7,96.1,96.4,96.8,96.5,97.0
60617,36,177,1803,3053,3013,2873,2952,2896,2759,1696,2769,1675,2820,1453,2007,1373,1840,1289,1770,1345,1666,1410,1584,1248,1509,1197,6,54,724,1186,1156,1064,1046,1013,960,552,957,564,1072,781,1134,842,1101,810,1082,876,1037,935,997,837,974,828,18,153,2013,3271,3174,2898,2851,2747,2611,1491,2610,1543,2853,2048,2929,2140,2789,2013,2701,2186,2603,2353,2523,2123,2488,2111,10,37,436,763,765,782,853,884,868,480,913,516,1124,414,690,423,665,423,638,403,611,394,560,368,528,355,8,116,1577,2508,2409,2116,1998,1863,1743,1011,1697,1027,1729,1634,2239,1717,2124,1590,2063,1783,1992,1959,1963,1755,1960,1756,2,4,5,5,5,5,5,5,5,5,5,5,5,5,5,5,5,5,5,5,5,5,5,5,5,5,0.4,0.8,1.0,1.0,1.0,1.0,1.0,1.0,1.0,1.0,1.0,1.0,1.0,1.0,1.0,1.0,1.0,1.0,1.0,1.0,1.0,1.0,1.0,1.0,1.0,1.0,0.643,0.805,0.822,0.811,0.806,0.787,0.77,0.757,0.751,0.756,0.741,0.749,0.717,0.832,0.809,0.835,0.807,0.826,0.809,0.844,0.81,0.857,0.818,0.852,0.825,0.856,0.597,1.0,1.0,1.0,1.0,1.0,1.0,1.0,1.0,1.0,1.0,1.0,1.0,1.0,1.0,1.0,1.0,1.0,1.0,1.0,1.0,1.0,1.0,1.0,1.0,1.0,57.1,85.3,91.1,90.5,90.3,89.4,88.5,87.8,87.5,87.8,87.0,87.5,85.9,91.6,90.5,91.7,90.4,91.3,90.4,92.2,90.5,92.8,90.9,92.6,91.2,92.8
60618,45,163,3260,6003,5904,5725,5672,5578,5027,3272,4980,3296,5218,3094,4114,3039,3856,3081,3692,3018,3336,3340,3152,2803,3093,2703,10,49,1330,2358,2218,2108,2016,2004,1852,1157,1891,1164,2053,1469,2208,1729,2277,1901,2304,1973,2197,2263,2175,2014,2242,2007,24,128,3744,6581,6109,5862,5659,5602,5163,3210,5287,3225,5608,3926,5859,4497,5979,4867,5988,5109,5755,5957,5745,5253,5930,5377,28,68,839,1556,1557,1507,1471,1399,1307,782,1304,861,1649,796,1097,724,998,688,935,615,828,720,772,559,683,510,-4,60,2905,5025,4552,4355,4188,4203,3856,2428,3983,2364,3959,3130,4762,3773,4981,4179,5053,4494,4927,5237,4973,4694,5247,4867,4,5,5,5,5,5,5,5,5,5,5,5,5,5,5,5,5,5,5,5,5,5,5,5,5,5,0.8,1.0,1.0,1.0,1.0,1.0,1.0,1.0,1.0,1.0,1.0,1.0,1.0,1.0,1.0,1.0,1.0,1.0,1.0,1.0,1.0,1.0,1.0,1.0,1.0,1.0,0.462,0.653,0.817,0.809,0.797,0.795,0.794,0.8,0.798,0.804,0.802,0.789,0.773,0.831,0.842,0.861,0.857,0.876,0.865,0.893,0.874,0.892,0.882,0.904,0.897,0.913,0.736,1.0,1.0,1.0,1.0,1.0,1.0,1.0,1.0,1.0,1.0,1.0,1.0,1.0,1.0,1.0,1.0,1.0,1.0,1.0,1.0,1.0,1.0,1.0,1.0,1.0,61.5,82.7,90.8,90.4,89.8,89.8,89.7,90.0,89.9,90.2,90.1,89.5,88.6,91.6,92.1,93.1,92.8,93.8,93.2,94.6,93.7,94.6,94.1,95.2,94.8,95.7
60619,55,366,1904,2763,2818,2774,2686,2490,2414,1499,2488,1471,2426,1343,1885,1291,1702,1206,1546,1197,1492,1377,1456,1239,1392,1140,16,162,853,1202,1192,1105,1070,1011,983,601,1039,605,1173,849,1255,913,1203,876,1106,890,1060,996,1028,925,1032,877,36,438,2363,3302,3268,3033,2942,2785,2714,1667,2864,1655,3088,2189,3180,2321,3054,2214,2794,2245,2707,2530,2645,2368,2697,2295,9,56,308,552,558,575,547,529,499,269,493,273,507,214,346,227,327,252,320,222,283,237,248,189,210,166,27,382,2055,2750,2710,2458,2395,2256,2215,1398,2371,1382,2581,1975,2834,2094,2727,1962,2474,2023,2424,2293,2397,2179,2487,2129,4,5,5,5,5,5,5,5,5,5,5,5,5,5,5,5,5,5,5,5,5,5,5,5,5,5,0.8,1.0,1.0,1.0,1.0,1.0,1.0,1.0,1.0,1.0,1.0,1.0,1.0,1.0,1.0,1.0,1.0,1.0,1.0,1.0,1.0,1.0,1.0,1.0,1.0,1.0,0.8,0.887,0.885,0.857,0.854,0.841,0.843,0.84,0.845,0.861,0.853,0.858,0.859,0.911,0.902,0.911,0.903,0.898,0.897,0.91,0.905,0.914,0.914,0.926,0.928,0.933,0.87,1.0,1.0,1.0,1.0,1.0,1.0,1.0,1.0,1.0,1.0,1.0,1.0,1.0,1.0,1.0,1.0,1.0,1.0,1.0,1.0,1.0,1.0,1.0,1.0,1.0,81.7,94.3,94.2,92.8,92.7,92.0,92.2,92.0,92.2,93.1,92.7,92.9,92.9,95.5,95.1,95.5,95.2,94.9,94.9,95.5,95.3,95.7,95.7,96.3,96.4,96.6
60620,32,176,1601,2605,2644,2561,2533,2451,2321,1471,2370,1428,2402,1241,1764,1194,1643,1178,1543,1224,1471,1341,1392,1151,1267,1052,1,61,603,991,976,918,897,867,829,511,880,519,1022,719,1057,748,1008,753,995,854,979,926,951,848,909,791,3,168,1683,2743,2684,2510,2460,2379,2267,1406,2412,1428,2710,1876,2689,1903,2534,1901,2489,2190,2454,2350,2393,2190,2347,2081,3,40,374,614,626,635,641,614,599,330,570,326,679,292,468,298,460,325,446,305,404,325,354,262,330,262,0,128,1309,2129,2058,1875,1819,1765,1668,1076,1842,1102,2031,1584,2221,1605,2074,1576,2043,1885,2050,2025,2039,1928,2017,1819,1,4,5,5,5,5,5,5,5,5,5,5,5,5,5,5,5,5,5,5,5,5,5,5,5,5,0.2,0.8,1.0,1.0,1.0,1.0,1.0,1.0,1.0,1.0,1.0,1.0,1.0,1.0,1.0,1.0,1.0,1.0,1.0,1.0,1.0,1.0,1.0,1.0,1.0,1.0,0.5,0.808,0.818,0.817,0.811,0.798,0.793,0.795,0.791,0.81,0.809,0.814,0.8,0.865,0.852,0.865,0.846,0.854,0.848,0.878,0.859,0.879,0.871,0.893,0.877,0.888,0.213,1.0,1.0,1.0,1.0,1.0,1.0,1.0,1.0,1.0,1.0,1.0,1.0,1.0,1.0,1.0,1.0,1.0,1.0,1.0,1.0,1.0,1.0,1.0,1.0,1.0,35.3,85.4,90.9,90.9,90.5,89.9,89.7,89.7,89.5,90.5,90.4,90.7,90.0,93.3,92.6,93.2,92.3,92.7,92.4,93.9,92.9,93.9,93.6,94.7,93.8,94.4
60621,22,121,784,1174,1094,991,972,919,942,614,985,576,888,489,658,482,610,455,544,451,508,489,464,401,408,363,4,55,394,590,559,491,476,459,472,286,505,276,493,336,473,360,457,354,416,358,384,377,351,317,318,297,11,156,1146,1725,1638,1426,1374,1320,1359,819,1446,780,1389,935,1305,972,1220,928,1074,940,989,988,922,844,847,789,0,14,152,259,249,251,236,229,231,142,254,155,258,118,168,114,141,96,120,93,120,99,111,98,118,102,11,142,994,1466,1389,1175,1138,1091,1128,677,1192,625,1131,817,1137,858,1079,832,954,847,869,889,811,746,729,687,2,5,5,5,5,5,5,5,5,5,5,5,5,5,5,5,5,5,5,5,5,5,5,5,5,5,0.4,1.0,1.0,1.0,1.0,1.0,1.0,1.0,1.0,1.0,1.0,1.0,1.0,1.0,1.0,1.0,1.0,1.0,1.0,1.0,1.0,1.0,1.0,1.0,1.0,1.0,1.0,0.918,0.883,0.869,0.868,0.85,0.853,0.852,0.855,0.852,0.851,0.834,0.843,0.888,0.886,0.895,0.896,0.906,0.899,0.91,0.892,0.909,0.893,0.896,0.878,0.886,0.494,1.0,1.0,1.0,1.0,1.0,1.0,1.0,1.0,1.0,1.0,1.0,1.0,1.0,1.0,1.0,1.0,1.0,1.0,1.0,1.0,1.0,1.0,1.0,1.0,1.0,72.3,95.9,94.1,93.5,93.4,92.5,92.7,92.6,92.7,92.6,92.5,91.7,92.2,94.4,94.3,94.8,94.8,95.3,95.0,95.5,94.6,95.4,94.6,94.8,93.9,94.3
60622,64,388,2883,4572,4553,4343,4442,4312,4067,2523,4009,2485,4043,2453,3266,2364,3092,2424,3046,2399,2849,2691,2768,2341,2839,2332,19,153,1323,2041,2002,1776,1726,1670,1666,981,1686,987,1787,1303,1939,1479,2027,1657,2125,1746,2084,2035,2079,1798,2161,1760,55,443,3771,5779,5646,5044,4912,4756,4739,2747,4770,2786,4963,3486,5194,3859,5387,4294,5649,4558,5552,5355,5549,4713,5636,4627,16,122,696,1154,1030,1041,1133,1172,870,616,868,637,1071,571,707,503,622,412,500,332,409,313,371,260,445,407,39,321,3075,4625,4616,4003,3779,3584,3869,2131,3902,2149,3892,2915,4487,3356,4765,3882,5149,4226,5143,5042,5178,4453,5191,4220,3,5,5,5,5,5,5,5,5,5,5,5,5,5,5,5,5,5,5,5,5,5,5,5,5,5,0.6,1.0,1.0,1.0,1.0,1.0,1.0,1.0,1.0,1.0,1.0,1.0,1.0,1.0,1.0,1.0,1.0,1.0,1.0,1.0,1.0,1.0,1.0,1.0,1.0,1.0,0.775,0.784,0.844,0.834,0.846,0.829,0.813,0.802,0.845,0.817,0.846,0.814,0.823,0.859,0.88,0.885,0.896,0.912,0.919,0.932,0.931,0.945,0.937,0.948,0.927,0.919,0.919,1.0,1.0,1.0,1.0,1.0,1.0,1.0,1.0,1.0,1.0,1.0,1.0,1.0,1.0,1.0,1.0,1.0,1.0,1.0,1.0,1.0,1.0,1.0,1.0,1.0,76.7,89.2,92.2,91.7,92.3,91.4,90.6,90.1,92.2,90.8,92.3,90.7,91.1,93.0,94.0,94.2,94.8,95.6,95.9,96.6,96.6,97.2,96.9,97.4,96.3,96.0
60623,87,338,2423,4060,4121,3967,4100,3918,3705,2291,3745,2303,3787,2064,2757,1923,2526,1836,2396,1776,2158,1850,2042,1646,1985,1545,11,71,901,1511,1485,1387,1339,1298,1232,720,1233,710,1395,1087,1488,1149,1452,1123,1423,1136,1327,1194,1301,1126,1313,1077,31,201,2520,4210,4112,3829,3698,3580,3416,1973,3423,1949,3780,2897,3873,2939,3663,2805,3554,2852,3329,2991,3277,2838,3334,2749,15,81,618,1074,1111,1143,1186,1195,1207,658,1245,668,1438,539,905,563,879,580,863,580,765,587,698,503,678,500,16,120,1902,3136,3001,2686,2512,2385,2209,1315,2178,1281,2342,2358,2968,2376,2784,2225,2691,2272,2564,2404,2579,2335,2656,2249,3,5,5,5,5,5,5,5,5,5,5,5,5,5,5,5,5,5,5,5,5,5,5,5,5,5,0.6,1.0,1.0,1.0,1.0,1.0,1.0,1.0,1.0,1.0,1.0,1.0,1.0,1.0,1.0,1.0,1.0,1.0,1.0,1.0,1.0,1.0,1.0,1.0,1.0,1.0,0.674,0.713,0.803,0.797,0.787,0.77,0.757,0.75,0.739,0.75,0.733,0.745,0.724,0.843,0.811,0.839,0.806,0.829,0.805,0.831,0.813,0.836,0.824,0.849,0.831,0.846,0.763,1.0,1.0,1.0,1.0,1.0,1.0,1.0,1.0,1.0,1.0,1.0,1.0,1.0,1.0,1.0,1.0,1.0,1.0,1.0,1.0,1.0,1.0,1.0,1.0,1.0,67.8,85.6,90.2,89.8,89.4,88.5,87.9,87.5,86.9,87.5,86.7,87.2,86.2,92.2,90.5,92.0,90.3,91.4,90.2,91.6,90.7,91.8,91.2,92.5,91.6,92.3
60624,9,98,930,1560,1644,1588,1581,1501,1426,886,1463,913,1432,773,1034,752,1010,730,924,750,880,811,825,695,794,681,1,28,360,586,616,552,527,475,457,292,486,312,565,424,568,457,593,469,572,501,542,525,509,461,518,466,3,78,1028,1672,1755,1564,1479,1319,1283,809,1373,869,1531,1112,1464,1164,1499,1167,1416,1272,1355,1344,1292,1190,1335,1203,2,50,308,506,546,555,588,575,557,328,596,336,599,267,441,305,459,289,393,269,390,313,363,258,321,256,1,28,720,1166,1209,1009,891,744,726,481,777,533,932,845,1023,859,1040,878,1023,1003,965,1031,929,932,1014,947,1,3,5,5,5,5,5,5,5,5,5,5,5,5,5,5,5,5,5,5,5,5,5,5,5,5,0.2,0.6,1.0,1.0,1.0,1.0,1.0,1.0,1.0,1.0,1.0,1.0,1.0,1.0,1.0,1.0,1.0,1.0,1.0,1.0,1.0,1.0,1.0,1.0,1.0,1.0,0.6,0.609,0.769,0.768,0.763,0.738,0.716,0.696,0.697,0.712,0.697,0.721,0.719,0.806,0.769,0.792,0.766,0.802,0.783,0.825,0.777,0.811,0.781,0.822,0.806,0.825,0.213,1.0,1.0,1.0,1.0,1.0,1.0,1.0,1.0,1.0,1.0,1.0,1.0,1.0,1.0,1.0,1.0,1.0,1.0,1.0,1.0,1.0,1.0,1.0,1.0,1.0,40.3,70.5,88.5,88.4,88.1,86.9,85.8,84.8,84.9,85.6,84.9,86.1,85.9,90.3,88.4,89.6,88.3,90.1,89.1,91.3,88.8,90.6,89.0,91.1,90.3,91.2
60625,53,345,2346,3607,3583,3314,3195,3111,1827,3229,1857,3144,2248,2735,1802,2574,1761,2460,1745,2332,1672,2308,1697,2105,1648,2004,18,183,1200,1785,1767,1555,1479,1433,808,1475,837,1482,992,1594,1162,1705,1199,1693,1230,1644,1232,1700,1286,1568,1251,1509,50,526,3346,4911,4847,4302,4131,3986,2244,4103,2320,4122,2717,4378,3097,4571,3174,4492,3243,4381,3291,4529,3389,4199,3367,4092,9,30,289,507,470,443,442,420,223,419,204,390,355,349,214,335,202,302,178,272,169,263,168,255,169,246,41,496,3057,4404,4377,3859,3689,3566,2021,3684,2116,3732,2362,4029,2883,4236,2972,4190,3065,4109,3122,4266,3221,3944,3198,3846,4,5,5,5,5,5,5,5,5,5,5,5,5,5,5,5,5,5,5,5,5,5,5,5,5,5,0.8,1.0,1.0,1.0,1.0,1.0,1.0,1.0,1.0,1.0,1.0,1.0,1.0,1.0,1.0,1.0,1.0,1.0,1.0,1.0,1.0,1.0,1.0,1.0,1.0,1.0,0.847,0.946,0.92,0.906,0.912,0.907,0.903,0.905,0.91,0.907,0.919,0.914,0.884,0.926,0.935,0.932,0.94,0.937,0.948,0.942,0.951,0.945,0.953,0.943,0.952,0.943,0.904,1.0,1.0,1.0,1.0,1.0,1.0,1.0,1.0,1.0,1.0,1.0,1.0,1.0,1.0,1.0,1.0,1.0,1.0,1.0,1.0,1.0,1.0,1.0,1.0,1.0,85.0,97.3,96.0,95.3,95.6,95.3,95.2,95.2,95.5,95.4,96.0,95.7,94.2,96.3,96.8,96.6,97.0,96.9,97.4,97.1,97.6,97.3,97.6,97.1,97.6,97.2
60626,31,199,1198,1837,1855,1784,1736,1582,1536,1061,1668,1067,1659,985,1317,989,1250,1008,1211,992,1090,1005,1051,873,996,829,13,111,572,852,858,739,710,698,720,450,757,454,809,583,856,668,870,724,869,726,794,763,773,661,753,640,35,312,1596,2352,2359,2066,2008,1982,2042,1265,2127,1255,2219,1570,2338,1790,2349,1921,2354,1952,2168,2079,2101,1784,2041,1738,12,40,189,321,325,331,304,280,271,136,249,144,328,126,209,129,199,131,194,139,189,141,172,121,147,113,23,272,1407,2031,2034,1735,1704,1702,1771,1129,1878,1111,1891,1444,2129,1661,2150,1790,2160,1813,1979,1938,1929,1663,1894,1625,4,5,5,5,5,5,5,5,5,5,5,5,5,5,5,5,5,5,5,5,5,5,5,5,5,5,0.8,1.0,1.0,1.0,1.0,1.0,1.0,1.0,1.0,1.0,1.0,1.0,1.0,1.0,1.0,1.0,1.0,1.0,1.0,1.0,1.0,1.0,1.0,1.0,1.0,1.0,0.745,0.886,0.894,0.88,0.879,0.862,0.869,0.876,0.883,0.903,0.895,0.897,0.871,0.926,0.918,0.933,0.922,0.936,0.924,0.934,0.92,0.936,0.924,0.936,0.933,0.939,0.81,1.0,1.0,1.0,1.0,1.0,1.0,1.0,1.0,1.0,1.0,1.0,1.0,1.0,1.0,1.0,1.0,1.0,1.0,1.0,1.0,1.0,1.0,1.0,1.0,1.0,77.5,94.3,94.7,94.0,93.9,93.1,93.4,93.8,94.1,95.1,94.8,94.9,93.6,96.3,95.9,96.6,96.1,96.8,96.2,96.7,96.0,96.8,96.2,96.8,96.6,96.9
60628,55,370,1766,2652,2639,2547,2468,2345,1399,2398,1450,2249,1656,1672,1130,1531,1075,1402,1067,1362,1066,1346,1006,1164,934,1056,14,151,689,986,968,917,900,853,490,865,534,861,657,927,732,973,710,902,723,905,728,893,683,780,666,729,36,402,1891,2725,2679,2529,2483,2347,1345,2362,1473,2364,1767,2477,1873,2525,1778,2291,1797,2293,1817,2242,1686,1958,1681,1851,13,98,482,823,816,818,786,761,407,753,443,732,588,524,299,471,324,453,314,440,309,425,295,379,261,341,23,304,1409,1902,1863,1711,1697,1586,938,1609,1030,1632,1179,1953,1574,2054,1454,1838,1483,1853,1508,1817,1391,1579,1420,1510,4,5,5,5,5,5,5,5,5,5,5,5,5,5,5,5,5,5,5,5,5,5,5,5,5,5,0.8,1.0,1.0,1.0,1.0,1.0,1.0,1.0,1.0,1.0,1.0,1.0,1.0,1.0,1.0,1.0,1.0,1.0,1.0,1.0,1.0,1.0,1.0,1.0,1.0,1.0,0.735,0.804,0.797,0.768,0.767,0.756,0.76,0.755,0.768,0.758,0.769,0.764,0.75,0.825,0.862,0.843,0.846,0.835,0.851,0.839,0.855,0.841,0.851,0.838,0.866,0.844,0.831,1.0,1.0,1.0,1.0,1.0,1.0,1.0,1.0,1.0,1.0,1.0,1.0,1.0,1.0,1.0,1.0,1.0,1.0,1.0,1.0,1.0,1.0,1.0,1.0,1.0,77.5,90.2,89.8,88.4,88.3,87.8,88.0,87.8,88.4,87.9,88.4,88.2,87.5,91.3,93.1,92.1,92.3,91.7,92.6,92.0,92.7,92.0,92.6,91.9,93.3,92.2
60629,30,302,1922,2899,2892,2752,2769,2656,1551,2664,1581,2539,1961,2131,1462,1992,1433,1919,1445,1878,1404,1850,1379,1684,1386,1583,5,141,871,1292,1253,1138,1103,1051,586,1005,592,981,754,1168,940,1317,991,1320,1031,1324,1019,1321,993,1208,1036,1185,13,399,2457,3604,3476,3134,3025,2877,1609,2735,1582,2632,1990,3103,2420,3408,2535,3415,2647,3410,2643,3415,2575,3125,2692,3105,0,38,301,520,510,498,506,495,272,502,272,532,450,409,238,405,247,402,254,384,241,369,247,325,228,308,13,361,2156,3084,2966,2636,2519,2382,1337,2233,1310,2100,1540,2694,2182,3003,2288,3013,2393,3026,2402,3046,2328,2800,2464,2797,2,5,5,5,5,5,5,5,5,5,5,5,5,5,5,5,5,5,5,5,5,5,5,5,5,5,0.4,1.0,1.0,1.0,1.0,1.0,1.0,1.0,1.0,1.0,1.0,1.0,1.0,1.0,1.0,1.0,1.0,1.0,1.0,1.0,1.0,1.0,1.0,1.0,1.0,1.0,1.0,0.913,0.891,0.874,0.872,0.863,0.857,0.853,0.855,0.845,0.853,0.832,0.816,0.884,0.91,0.894,0.911,0.895,0.912,0.899,0.916,0.902,0.912,0.906,0.922,0.91,0.55,1.0,1.0,1.0,1.0,1.0,1.0,1.0,1.0,1.0,1.0,1.0,1.0,1.0,1.0,1.0,1.0,1.0,1.0,1.0,1.0,1.0,1.0,1.0,1.0,1.0,73.7,95.7,94.5,93.7,93.6,93.1,92.8,92.7,92.8,92.2,92.7,91.6,90.8,94.2,95.5,94.7,95.6,94.7,95.6,94.9,95.8,95.1,95.6,95.3,96.1,95.5
60630,12,68,1555,2880,2831,2779,2717,3542,1517,2455,1519,2354,1831,1980,1408,1898,1378,1772,1316,1694,1325,1685,1281,1509,1240,1396,0,20,598,1076,1019,966,917,1210,524,818,518,831,612,872,675,955,750,951,766,974,822,1015,819,940,837,916,0,58,1665,2962,2757,2622,2516,3357,1441,2268,1444,2267,1643,2306,1759,2458,1933,2394,1944,2462,2108,2617,2102,2411,2148,2344,2,24,434,812,797,806,797,1045,414,707,429,682,620,538,372,538,354,522,337,486,330,495,324,466,325,430,-2,34,1231,2150,1960,1816,1719,2312,1027,1561,1015,1585,1023,1768,1387,1920,1579,1872,1607,1976,1778,2122,1778,1945,1823,1914,0,3,5,5,5,5,5,5,5,5,5,5,5,5,5,5,5,5,5,5,5,5,5,5,5,5,0.0,0.6,1.0,1.0,1.0,1.0,1.0,1.0,1.0,1.0,1.0,1.0,1.0,1.0,1.0,1.0,1.0,1.0,1.0,1.0,1.0,1.0,1.0,1.0,1.0,1.0,0.0,0.707,0.793,0.785,0.776,0.765,0.759,0.763,0.777,0.762,0.771,0.769,0.726,0.811,0.825,0.82,0.845,0.821,0.852,0.835,0.865,0.841,0.866,0.838,0.869,0.845,0.0,0.934,1.0,1.0,1.0,1.0,1.0,1.0,1.0,1.0,1.0,1.0,1.0,1.0,1.0,1.0,1.0,1.0,1.0,1.0,1.0,1.0,1.0,1.0,1.0,1.0,0.0,73.7,89.7,89.2,88.8,88.2,88.0,88.1,88.8,88.1,88.5,88.4,86.3,90.5,91.3,91.0,92.3,91.0,92.6,91.8,93.2,92.0,93.3,91.9,93.4,92.2
60631,12,85,855,1440,1476,1467,1401,1373,1343,832,1334,776,1334,750,1048,723,960,704,907,692,854,754,805,662,741,646,2,25,298,487,489,484,458,442,411,277,433,262,446,313,460,367,468,386,487,418,503,474,487,445,486,460,6,66,814,1319,1304,1301,1237,1196,1107,749,1161,708,1186,818,1184,923,1175,944,1196,1007,1230,1153,1199,1075,1185,1108,0,13,147,270,259,257,240,228,223,135,208,149,309,160,199,134,194,152,178,131,153,112,129,98,119,93,6,53,667,1049,1045,1044,997,968,884,614,953,559,877,658,985,789,981,792,1018,876,1077,1041,1070,977,1066,1015,1,5,5,5,5,5,5,5,5,5,5,5,5,5,5,5,5,5,5,5,5,5,5,5,5,5,0.2,1.0,1.0,1.0,1.0,1.0,1.0,1.0,1.0,1.0,1.0,1.0,1.0,1.0,1.0,1.0,1.0,1.0,1.0,1.0,1.0,1.0,1.0,1.0,1.0,1.0,1.0,0.835,0.847,0.83,0.834,0.835,0.838,0.84,0.832,0.847,0.848,0.826,0.793,0.836,0.856,0.873,0.858,0.861,0.87,0.885,0.889,0.911,0.903,0.916,0.909,0.923,0.337,1.0,1.0,1.0,1.0,1.0,1.0,1.0,1.0,1.0,1.0,1.0,1.0,1.0,1.0,1.0,1.0,1.0,1.0,1.0,1.0,1.0,1.0,1.0,1.0,1.0,63.4,91.8,92.4,91.5,91.7,91.8,91.9,92.0,91.6,92.4,92.4,91.3,89.7,91.8,92.8,93.7,92.9,93.1,93.5,94.2,94.5,95.6,95.1,95.8,95.4,96.1
60632,39,243,2415,4106,4156,3986,4024,4002,2353,3992,2436,3864,2781,3158,2108,2969,2112,2905,2160,2805,2028,2717,1916,2488,1961,2399,2,45,895,1498,1468,1346,1297,1255,702,1204,709,1205,872,1464,1076,1609,1187,1639,1260,1661,1276,1652,1213,1532,1301,1532,6,125,2538,4205,4081,3725,3603,3483,1942,3339,1947,3344,2358,3931,2741,4157,2985,4219,3134,4233,3184,4192,3035,3939,3298,3957,22,141,866,1458,1501,1540,1526,1581,883,1651,939,1626,1272,1280,819,1286,842,1249,845,1224,815,1209,775,1128,745,1058,-16,-16,1672,2747,2580,2185,2077,1902,1059,1688,1008,1718,1086,2651,1922,2871,2143,2970,2289,3009,2369,2983,2260,2811,2553,2899,1,4,5,5,5,5,5,5,5,5,5,5,5,5,5,5,5,5,5,5,5,5,5,5,5,5,0.2,0.8,1.0,1.0,1.0,1.0,1.0,1.0,1.0,1.0,1.0,1.0,1.0,1.0,1.0,1.0,1.0,1.0,1.0,1.0,1.0,1.0,1.0,1.0,1.0,1.0,0.214,0.47,0.746,0.743,0.731,0.708,0.702,0.688,0.687,0.669,0.675,0.673,0.65,0.754,0.77,0.764,0.78,0.772,0.788,0.776,0.796,0.776,0.797,0.777,0.816,0.789,0.337,1.0,1.0,1.0,1.0,1.0,1.0,1.0,1.0,1.0,1.0,1.0,1.0,1.0,1.0,1.0,1.0,1.0,1.0,1.0,1.0,1.0,1.0,1.0,1.0,1.0,24.1,68.5,87.3,87.1,86.6,85.4,85.1,84.4,84.4,83.5,83.7,83.6,82.5,87.7,88.5,88.2,89.0,88.6,89.4,88.8,89.8,88.8,89.8,88.9,90.8,89.5
60633,6,57,291,418,427,393,393,368,208,356,202,340,237,256,149,227,135,213,138,192,131,189,133,172,123,159,1,22,138,194,178,149,138,122,72,115,68,105,68,102,66,110,70,110,73,97,69,95,73,87,66,84,2,54,383,549,507,420,391,344,195,315,184,289,183,281,175,294,182,290,192,251,186,251,194,221,167,211,4,17,78,135,172,169,189,188,106,189,97,176,138,143,82,128,73,118,74,117,76,119,78,114,71,104,-2,37,305,414,335,251,202,156,89,126,87,113,45,138,93,166,109,172,118,134,110,132,116,107,96,107,1,4,5,5,5,5,5,5,5,5,5,5,5,5,5,5,5,5,5,5,5,5,5,5,5,5,0.2,0.8,1.0,1.0,1.0,1.0,1.0,1.0,1.0,1.0,1.0,1.0,1.0,1.0,1.0,1.0,1.0,1.0,1.0,1.0,1.0,1.0,1.0,1.0,1.0,1.0,0.333,0.761,0.831,0.803,0.747,0.713,0.674,0.647,0.648,0.625,0.655,0.622,0.57,0.663,0.681,0.697,0.714,0.711,0.722,0.682,0.71,0.678,0.713,0.66,0.702,0.67,0.213,0.962,1.0,1.0,1.0,1.0,1.0,1.0,1.0,1.0,1.0,1.0,1.0,1.0,1.0,1.0,1.0,1.0,1.0,1.0,1.0,1.0,1.0,1.0,1.0,1.0,27.0,82.1,91.5,90.1,87.3,85.7,83.7,82.3,82.4,81.2,82.7,81.1,78.5,83.1,84.0,84.8,85.7,85.5,86.1,84.1,85.5,83.9,85.7,83.0,85.1,83.5
60634,50,292,2086,3291,3361,3146,3090,2959,1583,2805,1560,2624,1865,2254,1442,2125,1452,2085,1440,1967,1406,1910,1350,1723,1337,1629,6,108,897,1390,1398,1219,1156,1127,618,1104,642,1075,727,1139,825,1264,898,1310,937,1290,970,1314,963,1221,976,1166,13,297,2462,3783,3801,3328,3168,3079,1675,3013,1741,2939,1963,3056,2153,3303,2317,3407,2412,3352,2499,3404,2464,3167,2531,3046,6,36,355,608,598,583,571,559,298,587,310,574,478,458,256,456,277,435,268,414,271,402,257,346,247,333,7,261,2107,3175,3203,2745,2597,2520,1377,2426,1431,2365,1485,2598,1897,2847,2040,2972,2144,2938,2228,3002,2207,2821,2284,2713,5,5,5,5,5,5,5,5,5,5,5,5,5,5,5,5,5,5,5,5,5,5,5,5,5,5,1.0,1.0,1.0,1.0,1.0,1.0,1.0,1.0,1.0,1.0,1.0,1.0,1.0,1.0,1.0,1.0,1.0,1.0,1.0,1.0,1.0,1.0,1.0,1.0,1.0,1.0,0.684,0.892,0.874,0.862,0.864,0.851,0.847,0.846,0.849,0.837,0.849,0.837,0.804,0.87,0.894,0.879,0.893,0.887,0.9,0.89,0.902,0.894,0.906,0.902,0.911,0.901,0.597,1.0,1.0,1.0,1.0,1.0,1.0,1.0,1.0,1.0,1.0,1.0,1.0,1.0,1.0,1.0,1.0,1.0,1.0,1.0,1.0,1.0,1.0,1.0,1.0,1.0,74.1,94.6,93.7,93.1,93.2,92.5,92.4,92.3,92.4,91.8,92.4,91.8,90.2,93.5,94.7,93.9,94.7,94.3,95.0,94.5,95.1,94.7,95.3,95.1,95.6,95.1
60635,0,0,3,6,6,6,6,5,3,3,3,3,3,3,3,2,2,0,0,1,1,2,2,2,2,1,0,0,1,2,2,2,2,2,1,2,1,2,1,2,1,1,0,0,0,0,0,0,1,1,2,1,0,0,3,6,6,6,6,6,3,6,3,6,3,6,3,3,0,0,0,0,0,0,3,3,6,3,0,0,0,0,0,0,0,0,0,0,0,0,0,0,0,0,0,0,0,0,0,0,0,0,0,0,0,0,3,6,6,6,6,6,3,6,3,6,3,6,3,3,0,0,0,0,0,0,3,3,6,3,0,0,1,1,1,1,1,1,1,1,1,1,1,1,1,1,0,0,0,0,0,0,1,1,1,1,0.0,0.0,0.2,0.2,0.2,0.2,0.2,0.2,0.2,0.2,0.2,0.2,0.2,0.2,0.2,0.2,0.0,0.0,0.0,0.0,0.0,0.0,0.2,0.2,0.2,0.2,0.0,0.0,1.0,1.0,1.0,1.0,1.0,1.0,1.0,1.0,1.0,1.0,1.0,1.0,1.0,1.0,0.5,0.0,0.0,0.5,0.5,0.5,1.0,1.0,1.0,1.0,0.0,0.0,0.213,0.337,0.337,0.337,0.337,0.337,0.213,0.337,0.213,0.337,0.213,0.337,0.213,0.213,0.0,0.0,0.0,0.0,0.0,0.0,0.213,0.213,0.337,0.213,0.0,0.0,60.3,63.4,63.4,63.4,63.4,63.4,60.3,63.4,60.3,63.4,60.3,63.4,60.3,60.3,25.0,0.0,0.0,25.0,25.0,25.0,60.3,60.3,63.4,60.3
60636,14,79,1016,1745,1759,1661,1688,1652,994,1658,1013,1652,1213,1269,841,1118,783,1008,742,965,737,959,688,845,689,833,4,29,429,708,720,675,670,657,395,659,406,664,503,683,512,659,480,586,442,560,456,579,438,513,455,527,12,82,1240,2054,2094,1954,1950,1912,1148,1915,1174,1917,1411,1910,1398,1781,1306,1550,1184,1487,1231,1542,1177,1362,1227,1407,0,29,344,634,625,610,610,601,346,645,378,704,632,550,346,536,355,508,344,502,349,486,315,447,314,428,12,53,896,1420,1469,1344,1340,1311,802,1270,796,1213,779,1360,1052,1245,951,1042,840,985,882,1056,862,915,913,979,2,5,5,5,5,5,5,5,5,5,5,5,5,5,5,5,5,5,5,5,5,5,5,5,5,5,0.4,1.0,1.0,1.0,1.0,1.0,1.0,1.0,1.0,1.0,1.0,1.0,1.0,1.0,1.0,1.0,1.0,1.0,1.0,1.0,1.0,1.0,1.0,1.0,1.0,1.0,1.0,0.739,0.783,0.764,0.77,0.762,0.762,0.761,0.768,0.748,0.756,0.731,0.691,0.776,0.802,0.769,0.786,0.753,0.775,0.748,0.779,0.76,0.789,0.753,0.796,0.767,0.494,1.0,1.0,1.0,1.0,1.0,1.0,1.0,1.0,1.0,1.0,1.0,1.0,1.0,1.0,1.0,1.0,1.0,1.0,1.0,1.0,1.0,1.0,1.0,1.0,1.0,72.3,86.9,89.1,88.2,88.5,88.1,88.1,88.0,88.4,87.4,87.8,86.6,84.5,88.8,90.1,88.4,89.3,87.7,88.7,87.4,89.0,88.0,89.4,87.6,89.8,88.3
60637,11,59,751,1335,1357,1274,1291,1291,767,1310,788,1218,879,982,639,914,654,859,661,863,680,912,698,823,683,758,4,24,345,632,634,588,588,611,343,622,361,593,402,642,446,662,484,634,499,649,510,687,526,635,536,605,12,65,974,1774,1772,1645,1657,1723,969,1770,1032,1696,1121,1793,1214,1809,1273,1685,1315,1752,1368,1862,1396,1714,1418,1641,0,8,121,229,231,230,239,218,130,211,122,226,184,152,97,142,93,130,92,127,98,129,101,117,99,113,12,57,853,1545,1541,1415,1418,1505,839,1559,910,1470,937,1641,1117,1667,1180,1555,1223,1625,1270,1733,1295,1597,1319,1528,1,5,5,5,5,5,5,5,5,5,5,5,5,5,5,5,5,5,5,5,5,5,5,5,5,5,0.2,1.0,1.0,1.0,1.0,1.0,1.0,1.0,1.0,1.0,1.0,1.0,1.0,1.0,1.0,1.0,1.0,1.0,1.0,1.0,1.0,1.0,1.0,1.0,1.0,1.0,1.0,0.89,0.889,0.886,0.885,0.877,0.874,0.888,0.882,0.893,0.894,0.882,0.859,0.922,0.926,0.927,0.932,0.928,0.935,0.932,0.933,0.935,0.933,0.936,0.935,0.936,0.494,0.988,1.0,1.0,1.0,1.0,1.0,1.0,1.0,1.0,1.0,1.0,1.0,1.0,1.0,1.0,1.0,1.0,1.0,1.0,1.0,1.0,1.0,1.0,1.0,1.0,67.3,94.2,94.5,94.3,94.2,93.9,93.7,94.4,94.1,94.7,94.7,94.1,93.0,96.1,96.3,96.4,96.6,96.4,96.7,96.6,96.7,96.8,96.6,96.8,96.7,96.8
60638,13,67,1188,2121,2051,2052,2002,2010,1843,1174,1870,1129,1970,1028,1522,1002,1444,1053,1395,1079,1284,1087,1248,1057,1215,995,1,19,538,904,833,814,772,770,715,444,723,431,803,534,812,560,807,655,834,719,802,743,781,720,789,696,3,55,1523,2542,2322,2276,2165,2156,2010,1235,2030,1200,2211,1436,2182,1477,2145,1736,2237,1935,2148,1999,2084,1929,2108,1872,0,11,317,606,604,618,608,605,547,321,554,325,731,316,521,335,511,325,480,311,457,312,459,314,443,294,3,44,1206,1936,1718,1658,1557,1551,1463,914,1476,875,1480,1120,1661,1142,1634,1411,1757,1624,1691,1687,1625,1615,1665,1578,1,4,5,5,5,5,5,5,5,5,5,5,5,5,5,5,5,5,5,5,5,5,5,5,5,5,0.2,0.8,1.0,1.0,1.0,1.0,1.0,1.0,1.0,1.0,1.0,1.0,1.0,1.0,1.0,1.0,1.0,1.0,1.0,1.0,1.0,1.0,1.0,1.0,1.0,1.0,1.0,0.833,0.828,0.807,0.794,0.786,0.781,0.781,0.786,0.794,0.786,0.787,0.752,0.82,0.807,0.815,0.808,0.842,0.823,0.862,0.825,0.865,0.82,0.86,0.826,0.864,0.213,0.919,1.0,1.0,1.0,1.0,1.0,1.0,1.0,1.0,1.0,1.0,1.0,1.0,1.0,1.0,1.0,1.0,1.0,1.0,1.0,1.0,1.0,1.0,1.0,1.0,60.3,84.7,91.4,90.4,89.7,89.3,89.0,89.0,89.3,89.7,89.3,89.3,87.6,91.0,90.4,90.8,90.4,92.1,91.2,93.1,91.2,93.2,91.0,93.0,91.3,93.2
60639,36,140,2739,5087,5080,5057,5089,5002,2963,4859,2983,4668,3341,3644,2461,3417,2405,3300,2427,3169,2343,3097,2337,2857,2300,2688,13,42,983,1731,1639,1599,1552,1526,896,1463,916,1460,1062,1651,1347,1883,1404,1882,1464,1912,1505,1942,1539,1820,1530,1772,36,115,2765,4835,4534,4441,4311,4230,2475,4039,2501,3988,2853,4380,3417,4753,3511,4725,3642,4781,3765,4886,3853,4640,3870,4525,12,39,947,1813,1829,1852,1919,1929,1069,1896,1176,1930,1640,1406,903,1394,897,1401,967,1323,919,1275,881,1168,832,1074,24,76,1818,3022,2705,2589,2392,2301,1406,2143,1325,2058,1213,2974,2514,3359,2614,3324,2675,3458,2846,3611,2972,3472,3038,3451,4,5,5,5,5,5,5,5,5,5,5,5,5,5,5,5,5,5,5,5,5,5,5,5,5,5,0.8,1.0,1.0,1.0,1.0,1.0,1.0,1.0,1.0,1.0,1.0,1.0,1.0,1.0,1.0,1.0,1.0,1.0,1.0,1.0,1.0,1.0,1.0,1.0,1.0,1.0,0.75,0.747,0.745,0.727,0.713,0.706,0.692,0.687,0.698,0.681,0.68,0.674,0.635,0.757,0.791,0.773,0.797,0.771,0.79,0.783,0.804,0.793,0.814,0.799,0.823,0.808,0.81,1.0,1.0,1.0,1.0,1.0,1.0,1.0,1.0,1.0,1.0,1.0,1.0,1.0,1.0,1.0,1.0,1.0,1.0,1.0,1.0,1.0,1.0,1.0,1.0,1.0,77.7,87.3,87.2,86.4,85.6,85.3,84.6,84.3,84.9,84.0,84.0,83.7,81.7,87.8,89.5,88.7,89.8,88.6,89.5,89.2,90.2,89.7,90.7,89.9,91.2,90.4
60640,25,164,2052,3511,3534,3384,3269,3113,1803,3222,1913,3140,2305,2733,1867,2552,1848,2395,1822,2300,1733,2255,1720,2065,1694,1979,3,60,953,1617,1604,1399,1326,1282,739,1325,771,1328,954,1473,1155,1624,1254,1643,1285,1634,1283,1665,1296,1572,1328,1560,7,161,2611,4386,4336,3827,3679,3545,2027,3660,2124,3669,2575,3972,3004,4243,3210,4308,3320,4300,3367,4399,3413,4135,3497,4122,15,34,325,601,589,606,606,585,302,581,311,582,435,422,267,420,261,392,244,333,199,289,181,249,153,218,-8,127,2286,3785,3747,3221,3073,2960,1725,3079,1813,3087,2140,3550,2737,3823,2949,3916,3076,3967,3168,4110,3232,3886,3344,3904,2,5,5,5,5,5,5,5,5,5,5,5,5,5,5,5,5,5,5,5,5,5,5,5,5,5,0.4,1.0,1.0,1.0,1.0,1.0,1.0,1.0,1.0,1.0,1.0,1.0,1.0,1.0,1.0,1.0,1.0,1.0,1.0,1.0,1.0,1.0,1.0,1.0,1.0,1.0,0.318,0.826,0.889,0.879,0.88,0.863,0.859,0.858,0.87,0.863,0.872,0.863,0.855,0.904,0.918,0.91,0.925,0.917,0.932,0.928,0.944,0.938,0.95,0.943,0.958,0.95,0.425,1.0,1.0,1.0,1.0,1.0,1.0,1.0,1.0,1.0,1.0,1.0,1.0,1.0,1.0,1.0,1.0,1.0,1.0,1.0,1.0,1.0,1.0,1.0,1.0,1.0,36.5,91.3,94.5,94.0,94.0,93.2,92.9,92.9,93.5,93.2,93.6,93.2,92.8,95.2,95.9,95.5,96.2,95.8,96.6,96.4,97.2,96.9,97.5,97.2,97.9,97.5
60641,35,263,2265,3713,3832,3684,3629,3464,1926,3353,1919,3141,2324,2643,1751,2481,1683,2325,1675,2132,1523,2043,1536,1945,1572,1885,8,51,773,1268,1293,1167,1103,1039,564,1002,565,967,671,1085,829,1213,879,1221,927,1185,895,1211,919,1162,966,1152,23,144,2138,3493,3542,3197,3065,2896,1571,2795,1568,2692,1833,2905,2145,3132,2233,3120,2336,3041,2269,3105,2324,3009,2471,2984,5,92,728,1236,1206,1166,1148,1094,614,1105,598,1111,969,962,546,915,558,887,581,845,564,792,564,763,550,745,18,52,1410,2257,2336,2031,1917,1802,957,1690,970,1581,864,1943,1599,2217,1675,2233,1755,2196,1705,2313,1760,2246,1921,2239,3,5,5,5,5,5,5,5,5,5,5,5,5,5,5,5,5,5,5,5,5,5,5,5,5,5,0.6,1.0,1.0,1.0,1.0,1.0,1.0,1.0,1.0,1.0,1.0,1.0,1.0,1.0,1.0,1.0,1.0,1.0,1.0,1.0,1.0,1.0,1.0,1.0,1.0,1.0,0.821,0.61,0.746,0.739,0.746,0.733,0.728,0.726,0.719,0.717,0.724,0.708,0.654,0.751,0.797,0.774,0.8,0.779,0.801,0.783,0.801,0.797,0.805,0.798,0.818,0.8,0.674,1.0,1.0,1.0,1.0,1.0,1.0,1.0,1.0,1.0,1.0,1.0,1.0,1.0,1.0,1.0,1.0,1.0,1.0,1.0,1.0,1.0,1.0,1.0,1.0,1.0,72.9,80.5,87.3,86.9,87.3,86.6,86.4,86.3,85.9,85.8,86.2,85.4,82.7,87.6,89.9,88.7,90.0,88.9,90.0,89.1,90.0,89.8,90.2,89.9,90.9,90.0
60642,20,98,721,1223,1285,1254,1274,1263,1357,936,1634,1145,1866,1274,1654,1320,1601,1359,1555,1326,1434,1422,1362,1211,1326,1196,1,33,308,516,523,463,476,473,515,338,628,415,707,592,867,740,932,806,952,843,945,975,930,866,929,873,3,97,892,1482,1488,1323,1355,1337,1451,945,1762,1160,1947,1562,2265,1859,2346,1948,2364,2065,2387,2474,2420,2238,2442,2302,12,28,154,250,260,238,248,260,261,168,292,306,640,424,463,504,505,512,435,412,356,370,316,267,257,202,-9,69,738,1232,1228,1085,1107,1077,1190,777,1470,854,1307,1138,1802,1355,1841,1436,1929,1653,2031,2104,2104,1971,2185,2100,1,4,5,5,5,5,5,5,5,5,5,5,5,5,5,5,5,5,5,5,5,5,5,5,5,5,0.2,0.8,1.0,1.0,1.0,1.0,1.0,1.0,1.0,1.0,1.0,1.0,1.0,1.0,1.0,1.0,1.0,1.0,1.0,1.0,1.0,1.0,1.0,1.0,1.0,1.0,0.2,0.776,0.853,0.856,0.851,0.848,0.845,0.837,0.848,0.849,0.858,0.791,0.753,0.787,0.83,0.787,0.823,0.792,0.845,0.834,0.87,0.87,0.885,0.893,0.905,0.919,0.213,1.0,1.0,1.0,1.0,1.0,1.0,1.0,1.0,1.0,1.0,1.0,1.0,1.0,1.0,1.0,1.0,1.0,1.0,1.0,1.0,1.0,1.0,1.0,1.0,1.0,20.3,83.8,92.6,92.8,92.6,92.4,92.3,91.9,92.4,92.5,92.9,89.6,87.6,89.3,91.5,89.3,91.1,89.6,92.2,91.7,93.5,93.5,94.2,94.7,95.2,96.0
60643,17,99,1074,1815,1801,1779,1777,1722,1000,1699,1001,1604,1209,1390,971,1304,910,1226,908,1160,895,1165,924,1115,909,996,3,35,407,664,654,636,633,624,367,631,385,618,474,705,566,791,583,803,624,785,641,822,669,804,677,742,6,87,1099,1767,1727,1691,1707,1688,986,1697,1039,1668,1245,1823,1406,1966,1440,1981,1513,1917,1562,2006,1626,1976,1686,1885,0,15,180,317,334,325,334,346,190,329,184,314,266,240,164,233,159,212,138,194,123,181,127,177,123,161,6,72,919,1450,1393,1366,1373,1342,796,1368,855,1354,979,1583,1242,1733,1281,1769,1375,1723,1439,1825,1499,1799,1563,1724,3,5,5,5,5,5,5,5,5,5,5,5,5,5,5,5,5,5,5,5,5,5,5,5,5,5,0.6,1.0,1.0,1.0,1.0,1.0,1.0,1.0,1.0,1.0,1.0,1.0,1.0,1.0,1.0,1.0,1.0,1.0,1.0,1.0,1.0,1.0,1.0,1.0,1.0,1.0,1.0,0.853,0.859,0.848,0.838,0.839,0.836,0.83,0.838,0.838,0.85,0.842,0.824,0.884,0.896,0.894,0.901,0.903,0.916,0.908,0.927,0.917,0.928,0.918,0.932,0.921,0.425,1.0,1.0,1.0,1.0,1.0,1.0,1.0,1.0,1.0,1.0,1.0,1.0,1.0,1.0,1.0,1.0,1.0,1.0,1.0,1.0,1.0,1.0,1.0,1.0,1.0,75.6,92.6,93.0,92.4,91.9,91.9,91.8,91.5,91.9,91.9,92.5,92.1,91.2,94.2,94.8,94.7,95.0,95.2,95.8,95.4,96.4,95.9,96.4,95.9,96.6,96.1
60644,9,52,889,1630,2065,1525,1510,1544,927,1593,904,1546,1096,1239,769,1151,783,1108,772,1045,762,1066,787,972,715,836,1,23,357,608,682,501,493,509,294,517,306,559,405,609,442,681,493,663,477,611,477,629,493,572,463,518,3,53,990,1702,1910,1402,1381,1419,824,1447,857,1565,1103,1656,1158,1798,1268,1710,1198,1546,1203,1595,1266,1479,1209,1350,8,11,241,454,640,490,509,545,323,615,328,631,497,537,304,512,321,547,378,572,342,532,321,500,308,440,-5,42,749,1248,1270,912,872,874,501,832,529,934,606,1119,854,1286,947,1163,820,974,861,1063,945,979,901,910,1,5,5,5,5,5,5,5,5,5,5,5,5,5,5,5,5,5,5,5,5,5,5,5,5,5,0.2,1.0,1.0,1.0,1.0,1.0,1.0,1.0,1.0,1.0,1.0,1.0,1.0,1.0,1.0,1.0,1.0,1.0,1.0,1.0,1.0,1.0,1.0,1.0,1.0,1.0,0.273,0.828,0.804,0.789,0.749,0.741,0.731,0.723,0.718,0.702,0.723,0.713,0.689,0.755,0.792,0.778,0.798,0.758,0.76,0.73,0.779,0.75,0.798,0.747,0.797,0.754,0.213,0.975,1.0,1.0,1.0,1.0,1.0,1.0,1.0,1.0,1.0,1.0,1.0,1.0,1.0,1.0,1.0,1.0,1.0,1.0,1.0,1.0,1.0,1.0,1.0,1.0,24.0,90.8,90.2,89.5,87.5,87.1,86.5,86.1,85.9,85.1,86.2,85.6,84.5,87.8,89.6,88.9,89.9,87.9,88.0,86.5,88.9,87.5,89.9,87.4,89.8,87.7
60645,28,133,659,1005,1058,991,964,937,548,984,554,921,685,767,494,728,491,679,478,649,464,632,429,545,415,512,4,53,301,443,446,390,382,369,191,354,190,333,231,390,285,438,298,416,299,412,303,416,280,359,280,353,11,148,833,1217,1221,1084,1057,1024,527,983,527,929,634,1053,758,1154,796,1091,786,1074,802,1096,754,952,753,946,6,23,106,175,182,182,163,168,113,203,102,197,162,137,70,129,74,130,77,128,72,120,72,108,60,96,5,125,727,1042,1039,902,894,856,414,780,425,732,472,916,688,1025,722,961,709,946,730,976,682,844,693,850,3,4,5,5,5,5,5,5,5,5,5,5,5,5,5,5,5,5,5,5,5,5,5,5,5,5,0.6,0.8,1.0,1.0,1.0,1.0,1.0,1.0,1.0,1.0,1.0,1.0,1.0,1.0,1.0,1.0,1.0,1.0,1.0,1.0,1.0,1.0,1.0,1.0,1.0,1.0,0.647,0.865,0.887,0.874,0.87,0.856,0.866,0.859,0.823,0.829,0.838,0.825,0.796,0.885,0.915,0.899,0.915,0.894,0.911,0.894,0.918,0.901,0.913,0.898,0.926,0.908,0.494,1.0,1.0,1.0,1.0,1.0,1.0,1.0,1.0,1.0,1.0,1.0,1.0,1.0,1.0,1.0,1.0,1.0,1.0,1.0,1.0,1.0,1.0,1.0,1.0,1.0,59.7,88.3,94.4,93.7,93.5,92.8,93.3,93.0,91.2,91.4,91.9,91.3,89.8,94.2,95.8,95.0,95.7,94.7,95.5,94.7,95.9,95.1,95.6,94.9,96.3,95.4
60646,21,131,834,1319,1339,1285,1248,1231,1254,724,1236,745,1310,713,1014,659,918,640,845,611,768,677,726,563,686,547,2,44,271,406,406,370,348,346,362,205,351,205,382,274,427,306,430,323,427,337,411,378,401,345,412,360,5,122,745,1105,1097,995,934,923,958,529,919,531,976,686,1054,744,1043,779,1035,817,1010,918,997,850,1034,896,0,19,174,289,288,294,277,260,253,135,252,145,354,144,239,130,226,134,204,118,190,126,188,118,185,122,5,103,571,816,809,701,657,663,705,394,667,386,622,542,815,614,817,645,831,699,820,792,809,732,849,774,2,4,5,5,5,5,5,5,5,5,5,5,5,5,5,5,5,5,5,5,5,5,5,5,5,5,0.4,0.8,1.0,1.0,1.0,1.0,1.0,1.0,1.0,1.0,1.0,1.0,1.0,1.0,1.0,1.0,1.0,1.0,1.0,1.0,1.0,1.0,1.0,1.0,1.0,1.0,1.0,0.865,0.811,0.793,0.792,0.772,0.771,0.78,0.791,0.797,0.785,0.786,0.734,0.827,0.815,0.851,0.822,0.853,0.835,0.874,0.842,0.879,0.841,0.878,0.848,0.88,0.337,1.0,1.0,1.0,1.0,1.0,1.0,1.0,1.0,1.0,1.0,1.0,1.0,1.0,1.0,1.0,1.0,1.0,1.0,1.0,1.0,1.0,1.0,1.0,1.0,1.0,68.4,88.3,90.5,89.6,89.6,88.6,88.6,89.0,89.6,89.8,89.2,89.3,86.7,91.3,90.8,92.6,91.1,92.7,91.8,93.7,92.1,94.0,92.1,93.9,92.4,94.0
60647,46,299,2991,5076,6280,4609,4669,4717,2706,4690,2717,4531,3312,3978,2689,3732,2744,3639,2826,3584,2836,3601,2806,3378,2827,3253,5,77,1299,2182,2486,1811,1789,1776,1023,1846,1070,1894,1378,2201,1668,2432,1858,2499,1980,2569,2135,2672,2137,2542,2186,2484,15,207,3658,6125,6961,5118,5076,5028,2890,5233,3018,5350,3794,6028,4405,6497,4885,6667,5228,6868,5714,7211,5793,6893,5942,6798,19,113,644,1060,1464,1019,986,958,529,975,526,1000,894,817,497,740,472,671,424,587,366,560,360,503,352,481,-4,94,3014,5065,5497,4099,4090,4070,2361,4258,2492,4350,2900,5211,3908,5757,4413,5996,4804,6281,5348,6651,5433,6390,5590,6317,2,5,5,5,5,5,5,5,5,5,5,5,5,5,5,5,5,5,5,5,5,5,5,5,5,5,0.4,1.0,1.0,1.0,1.0,1.0,1.0,1.0,1.0,1.0,1.0,1.0,1.0,1.0,1.0,1.0,1.0,1.0,1.0,1.0,1.0,1.0,1.0,1.0,1.0,1.0,0.441,0.647,0.85,0.852,0.826,0.834,0.837,0.84,0.845,0.843,0.852,0.843,0.809,0.881,0.899,0.898,0.912,0.909,0.925,0.921,0.94,0.928,0.941,0.932,0.944,0.934,0.55,1.0,1.0,1.0,1.0,1.0,1.0,1.0,1.0,1.0,1.0,1.0,1.0,1.0,1.0,1.0,1.0,1.0,1.0,1.0,1.0,1.0,1.0,1.0,1.0,1.0,45.8,82.3,92.5,92.6,91.3,91.7,91.9,92.0,92.3,92.1,92.6,92.1,90.5,94.0,94.9,94.9,95.6,95.4,96.2,96.1,97.0,96.4,97.1,96.6,97.2,96.7
60649,21,66,984,1819,1819,1814,1766,1697,1517,982,1460,923,1368,811,1056,776,936,718,891,776,872,930,843,736,767,645,2,17,402,730,734,730,690,671,634,399,633,386,677,521,727,552,667,521,643,573,631,685,615,566,591,513,4,46,1117,2007,1999,2006,1906,1852,1745,1084,1748,1052,1807,1372,1870,1415,1696,1316,1622,1446,1595,1738,1562,1441,1507,1342,0,5,115,216,209,186,158,141,126,86,127,92,138,101,133,92,115,86,109,89,109,103,109,89,104,87,4,41,1002,1791,1790,1820,1748,1711,1619,998,1621,960,1669,1271,1737,1323,1581,1230,1513,1357,1486,1635,1453,1352,1403,1255,1,4,5,5,5,5,5,5,5,5,5,5,5,5,5,5,5,5,5,5,5,5,5,5,5,5,0.2,0.8,1.0,1.0,1.0,1.0,1.0,1.0,1.0,1.0,1.0,1.0,1.0,1.0,1.0,1.0,1.0,1.0,1.0,1.0,1.0,1.0,1.0,1.0,1.0,1.0,1.0,0.902,0.907,0.903,0.905,0.915,0.923,0.929,0.933,0.926,0.932,0.92,0.929,0.931,0.934,0.939,0.936,0.939,0.937,0.942,0.936,0.944,0.935,0.942,0.935,0.939,0.337,0.887,1.0,1.0,1.0,1.0,1.0,1.0,1.0,1.0,1.0,1.0,1.0,1.0,1.0,1.0,1.0,1.0,1.0,1.0,1.0,1.0,1.0,1.0,1.0,1.0,63.4,87.3,95.3,95.1,95.3,95.8,96.2,96.5,96.6,96.3,96.6,96.0,96.5,96.6,96.7,96.9,96.8,96.9,96.9,97.1,96.8,97.2,96.7,97.1,96.8,97.0
60650,0,0,2,4,4,4,4,4,2,4,2,4,2,3,1,2,1,2,1,1,0,0,0,0,0,0,0,0,0,0,0,0,0,0,0,0,0,0,0,1,1,2,1,2,1,1,0,0,0,0,0,0,0,0,0,0,0,0,0,0,0,0,0,0,0,2,2,4,2,4,2,2,0,0,0,0,0,0,0,0,4,8,8,8,8,6,2,4,2,4,2,2,0,0,0,0,0,0,0,0,0,0,0,0,0,0,-4,-8,-8,-8,-8,-6,-2,-4,-2,-4,-2,0,2,4,2,4,2,2,0,0,0,0,0,0,0,0,0,0,0,0,0,0,0,0,0,0,0,1,1,1,1,1,1,1,0,0,0,0,0,0,0.0,0.0,0.0,0.0,0.0,0.0,0.0,0.0,0.0,0.0,0.0,0.0,0.0,0.2,0.2,0.2,0.2,0.2,0.2,0.2,0.0,0.0,0.0,0.0,0.0,0.0,0.0,0.0,0.0,0.0,0.0,0.0,0.0,0.0,0.0,0.0,0.0,0.0,0.0,0.5,1.0,1.0,1.0,1.0,1.0,1.0,0.0,0.0,0.0,0.0,0.0,0.0,0.0,0.0,0.0,0.0,0.0,0.0,0.0,0.0,0.0,0.0,0.0,0.0,0.0,0.213,0.213,0.337,0.213,0.337,0.213,0.213,0.0,0.0,0.0,0.0,0.0,0.0,0.0,0.0,0.0,0.0,0.0,0.0,0.0,0.0,0.0,0.0,0.0,0.0,0.0,35.3,60.3,63.4,60.3,63.4,60.3,60.3,0.0,0.0,0.0,0.0,0.0,0.0
60651,55,313,2000,2697,2736,2661,2596,2570,1471,2600,1455,2401,1690,1922,1227,1732,1172,1615,1211,1580,1206,1579,1171,1426,1124,1299,6,118,677,932,904,848,836,823,462,829,463,778,580,902,681,958,695,944,757,965,774,987,766,906,750,840,18,340,1892,2597,2527,2369,2334,2301,1292,2317,1286,2162,1583,2436,1785,2462,1738,2324,1833,2358,1893,2411,1900,2251,1893,2130,31,92,597,959,957,998,995,1041,547,1025,535,1041,817,831,510,835,541,802,554,755,510,685,478,665,489,623,-13,248,1295,1638,1570,1371,1339,1260,745,1292,751,1121,766,1605,1275,1627,1197,1522,1279,1603,1383,1726,1422,1586,1404,1507,2,4,5,5,5,5,5,5,5,5,5,5,5,5,5,5,5,5,5,5,5,5,5,5,5,5,0.4,0.8,1.0,1.0,1.0,1.0,1.0,1.0,1.0,1.0,1.0,1.0,1.0,1.0,1.0,1.0,1.0,1.0,1.0,1.0,1.0,1.0,1.0,1.0,1.0,1.0,0.367,0.787,0.76,0.73,0.725,0.704,0.701,0.689,0.703,0.693,0.706,0.675,0.66,0.746,0.778,0.747,0.763,0.743,0.768,0.757,0.788,0.779,0.799,0.772,0.795,0.774,0.597,1.0,1.0,1.0,1.0,1.0,1.0,1.0,1.0,1.0,1.0,1.0,1.0,1.0,1.0,1.0,1.0,1.0,1.0,1.0,1.0,1.0,1.0,1.0,1.0,1.0,43.3,84.4,88.0,86.5,86.3,85.2,85.1,84.4,85.1,84.7,85.3,83.7,83.0,87.3,88.9,87.3,88.1,87.2,88.4,87.9,89.4,88.9,89.9,88.6,89.7,88.7
60652,28,179,1005,1583,1571,1510,1486,1481,871,1476,855,1348,1018,1096,742,991,738,944,730,888,722,911,729,824,656,714,3,67,343,511,494,447,437,447,250,447,268,435,340,509,423,584,454,584,463,558,453,580,471,535,432,459,8,193,966,1423,1366,1225,1185,1220,678,1199,708,1142,853,1254,986,1376,1038,1377,1081,1354,1077,1418,1125,1320,1042,1144,10,33,213,349,354,344,342,342,184,325,199,349,355,304,198,274,188,268,201,254,192,249,184,234,177,235,-2,160,753,1074,1012,881,843,878,494,874,509,793,498,950,788,1102,850,1109,880,1100,885,1169,941,1086,865,909,2,5,5,5,5,5,5,5,5,5,5,5,5,5,5,5,5,5,5,5,5,5,5,5,5,5,0.4,1.0,1.0,1.0,1.0,1.0,1.0,1.0,1.0,1.0,1.0,1.0,1.0,1.0,1.0,1.0,1.0,1.0,1.0,1.0,1.0,1.0,1.0,1.0,1.0,1.0,0.444,0.854,0.819,0.803,0.794,0.781,0.776,0.781,0.787,0.787,0.781,0.766,0.706,0.805,0.833,0.834,0.847,0.837,0.843,0.842,0.849,0.851,0.859,0.849,0.855,0.83,0.425,1.0,1.0,1.0,1.0,1.0,1.0,1.0,1.0,1.0,1.0,1.0,1.0,1.0,1.0,1.0,1.0,1.0,1.0,1.0,1.0,1.0,1.0,1.0,1.0,1.0,42.9,92.7,91.0,90.2,89.7,89.0,88.8,89.1,89.3,89.3,89.0,88.3,85.3,90.2,91.6,91.7,92.3,91.9,92.2,92.1,92.4,92.5,93.0,92.5,92.7,91.5
60653,5,36,520,918,914,913,890,889,544,848,539,770,652,662,510,611,485,610,559,630,536,688,568,656,580,628,1,12,234,402,392,377,343,335,205,310,201,293,265,357,313,398,327,404,374,421,358,444,384,446,407,443,3,33,641,1097,1053,1011,917,899,548,848,541,799,693,930,776,1003,823,1034,937,1088,925,1171,1006,1193,1064,1179,2,5,46,83,77,75,76,63,30,49,28,37,40,38,26,35,24,33,24,33,24,33,24,30,21,27,1,28,595,1014,976,936,841,836,518,799,513,762,653,892,750,968,799,1001,913,1055,901,1138,982,1163,1043,1152,1,4,5,5,5,5,5,5,5,5,5,5,5,5,5,5,5,5,5,5,5,5,5,5,5,5,0.2,0.8,1.0,1.0,1.0,1.0,1.0,1.0,1.0,1.0,1.0,1.0,1.0,1.0,1.0,1.0,1.0,1.0,1.0,1.0,1.0,1.0,1.0,1.0,1.0,1.0,0.6,0.868,0.933,0.93,0.932,0.931,0.923,0.935,0.948,0.945,0.951,0.956,0.945,0.961,0.968,0.966,0.972,0.969,0.975,0.971,0.975,0.973,0.977,0.975,0.981,0.978,0.213,0.787,1.0,1.0,1.0,1.0,1.0,1.0,1.0,1.0,1.0,1.0,1.0,1.0,1.0,1.0,1.0,1.0,1.0,1.0,1.0,1.0,1.0,1.0,1.0,1.0,40.3,83.1,96.7,96.5,96.6,96.5,96.2,96.7,97.4,97.3,97.5,97.8,97.3,98.0,98.4,98.3,98.6,98.5,98.8,98.5,98.7,98.6,98.8,98.8,99.0,98.9
60654,34,162,934,1645,1612,1544,1530,1545,1701,1265,2413,1735,3034,2154,3044,2328,2879,2265,2894,2320,2692,2413,2518,2297,2400,2019,2,16,341,586,528,537,574,603,607,449,844,655,1189,1034,1542,1335,1677,1439,1855,1599,1920,1757,1870,1779,1798,1556,5,46,1001,1711,1534,1562,1676,1760,1759,1293,2434,1881,3371,2833,4161,3506,4391,3716,4818,4131,5002,4529,4842,4334,4656,4086,0,4,27,44,41,40,46,49,48,34,58,270,674,635,730,721,661,593,571,514,353,374,322,343,375,342,5,42,974,1667,1493,1522,1630,1711,1711,1259,2376,1611,2697,2198,3431,2785,3730,3123,4247,3617,4649,4155,4520,3991,4281,3744,2,3,5,5,5,5,5,5,5,5,5,5,5,5,5,5,5,5,5,5,5,5,5,5,5,5,0.4,0.6,1.0,1.0,1.0,1.0,1.0,1.0,1.0,1.0,1.0,1.0,1.0,1.0,1.0,1.0,1.0,1.0,1.0,1.0,1.0,1.0,1.0,1.0,1.0,1.0,1.0,0.92,0.974,0.975,0.974,0.975,0.973,0.973,0.973,0.974,0.977,0.874,0.833,0.817,0.851,0.829,0.869,0.862,0.894,0.889,0.934,0.924,0.938,0.927,0.925,0.923,0.337,0.87,1.0,1.0,1.0,1.0,1.0,1.0,1.0,1.0,1.0,1.0,1.0,1.0,1.0,1.0,1.0,1.0,1.0,1.0,1.0,1.0,1.0,1.0,1.0,1.0,68.4,82.7,98.7,98.7,98.7,98.8,98.7,98.6,98.7,98.7,98.8,93.7,91.7,90.8,92.5,91.5,93.5,93.1,94.7,94.5,96.7,96.2,96.9,96.3,96.3,96.1
60655,2,13,385,732,706,690,661,674,387,604,381,583,468,500,372,472,347,442,342,427,344,439,359,403,352,390,0,6,182,333,299,286,270,279,172,249,166,239,197,252,223,273,228,274,229,272,240,291,255,278,257,273,0,15,513,934,828,798,761,785,485,691,468,670,547,688,602,721,605,709,593,698,621,753,659,728,662,718,0,0,68,139,142,150,149,141,82,112,68,97,84,86,55,90,51,76,49,80,47,78,43,66,35,64,0,15,445,795,686,648,612,644,403,579,400,573,463,602,547,631,554,633,544,618,574,675,616,662,627,654,0,3,5,5,5,5,5,5,5,5,5,5,5,5,5,5,5,5,5,5,5,5,5,5,5,5,0.0,0.6,1.0,1.0,1.0,1.0,1.0,1.0,1.0,1.0,1.0,1.0,1.0,1.0,1.0,1.0,1.0,1.0,1.0,1.0,1.0,1.0,1.0,1.0,1.0,1.0,0.5,1.0,0.883,0.87,0.854,0.842,0.836,0.848,0.855,0.861,0.873,0.874,0.867,0.889,0.916,0.889,0.922,0.903,0.924,0.897,0.93,0.906,0.939,0.917,0.95,0.918,0.0,0.597,1.0,1.0,1.0,1.0,1.0,1.0,1.0,1.0,1.0,1.0,1.0,1.0,1.0,1.0,1.0,1.0,1.0,1.0,1.0,1.0,1.0,1.0,1.0,1.0,25.0,79.9,94.1,93.5,92.7,92.1,91.8,92.4,92.8,93.0,93.7,93.7,93.3,94.4,95.8,94.5,96.1,95.2,96.2,94.9,96.5,95.3,96.9,95.8,97.5,95.9
60656,17,73,456,736,736,704,747,700,377,666,371,615,451,519,333,471,336,457,344,461,342,438,326,401,320,366,1,23,182,286,278,262,264,252,135,228,132,205,141,213,175,257,199,269,219,288,230,283,224,258,218,241,2,65,494,765,732,687,690,670,364,603,356,542,376,548,446,644,505,666,540,693,552,682,543,627,531,592,0,2,46,81,76,64,66,64,34,72,32,63,55,52,27,45,27,47,29,49,29,44,29,45,28,39,2,63,448,684,656,623,624,606,330,531,324,479,321,496,419,599,478,619,511,644,523,638,514,582,503,553,1,4,5,5,5,5,5,5,5,5,5,5,5,5,5,5,5,5,5,5,5,5,5,5,5,5,0.2,0.8,1.0,1.0,1.0,1.0,1.0,1.0,1.0,1.0,1.0,1.0,1.0,1.0,1.0,1.0,1.0,1.0,1.0,1.0,1.0,1.0,1.0,1.0,1.0,1.0,1.0,0.97,0.915,0.904,0.906,0.915,0.913,0.913,0.915,0.893,0.918,0.896,0.872,0.913,0.943,0.935,0.949,0.934,0.949,0.934,0.95,0.939,0.949,0.933,0.95,0.938,0.213,0.975,1.0,1.0,1.0,1.0,1.0,1.0,1.0,1.0,1.0,1.0,1.0,1.0,1.0,1.0,1.0,1.0,1.0,1.0,1.0,1.0,1.0,1.0,1.0,1.0,60.3,92.9,95.7,95.2,95.3,95.7,95.6,95.6,95.7,94.7,95.9,94.8,93.6,95.7,97.1,96.7,97.5,96.7,97.5,96.7,97.5,97.0,97.5,96.7,97.5,96.9
60657,19,120,2417,4371,4308,4262,4172,4212,2557,4087,2528,3979,2910,3580,2502,3327,2367,3162,2439,3013,2210,2827,2117,2616,2149,2487,12,63,1385,2396,2232,2187,2121,2136,1302,2086,1313,2084,1512,2261,1753,2401,1741,2376,1842,2333,1767,2262,1697,2118,1743,2026,32,178,3956,6791,6249,6167,6037,6076,3702,5918,3717,5918,4252,6312,4807,6557,4736,6466,5002,6365,4816,6193,4626,5788,4741,5601,5,15,153,276,267,254,252,227,116,172,108,191,185,176,118,157,111,140,81,105,80,109,66,86,60,67,27,163,3803,6515,5982,5913,5785,5849,3586,5746,3609,5727,4067,6136,4689,6400,4625,6326,4921,6260,4736,6084,4560,5702,4681,5534,3,5,5,5,5,5,5,5,5,5,5,5,5,5,5,5,5,5,5,5,5,5,5,5,5,5,0.6,1.0,1.0,1.0,1.0,1.0,1.0,1.0,1.0,1.0,1.0,1.0,1.0,1.0,1.0,1.0,1.0,1.0,1.0,1.0,1.0,1.0,1.0,1.0,1.0,1.0,0.865,0.922,0.963,0.961,0.959,0.96,0.96,0.964,0.97,0.972,0.972,0.969,0.958,0.973,0.976,0.977,0.977,0.979,0.984,0.984,0.984,0.983,0.986,0.985,0.988,0.988,0.787,1.0,1.0,1.0,1.0,1.0,1.0,1.0,1.0,1.0,1.0,1.0,1.0,1.0,1.0,1.0,1.0,1.0,1.0,1.0,1.0,1.0,1.0,1.0,1.0,1.0,77.9,96.1,98.1,98.0,98.0,98.0,98.0,98.2,98.5,98.6,98.6,98.4,97.9,98.6,98.8,98.8,98.9,98.9,99.2,99.2,99.2,99.1,99.3,99.3,99.4,99.4
60659,15,93,1505,2741,2720,2693,2618,2551,1512,2534,1516,2399,1689,1969,1316,1833,1273,1712,1216,1575,1165,1520,1094,1365,1068,1293,3,24,679,1234,1205,1158,1101,1053,627,1024,646,1017,723,987,790,1118,837,1119,856,1084,857,1088,820,998,836,983,7,65,1848,3303,3168,3057,2912,2764,1645,2656,1693,2635,1871,2597,2021,2830,2106,2813,2129,2703,2131,2721,2046,2520,2110,2498,3,6,198,384,382,389,390,378,220,374,226,370,347,259,167,241,167,232,167,235,164,220,155,212,155,199,4,59,1650,2919,2786,2668,2522,2386,1425,2282,1467,2265,1524,2338,1854,2589,1939,2581,1962,2468,1967,2501,1891,2308,1955,2299,2,5,5,5,5,5,5,5,5,5,5,5,5,5,5,5,5,5,5,5,5,5,5,5,5,5,0.4,1.0,1.0,1.0,1.0,1.0,1.0,1.0,1.0,1.0,1.0,1.0,1.0,1.0,1.0,1.0,1.0,1.0,1.0,1.0,1.0,1.0,1.0,1.0,1.0,1.0,0.7,0.915,0.903,0.896,0.892,0.887,0.882,0.88,0.882,0.877,0.882,0.877,0.844,0.909,0.924,0.922,0.927,0.924,0.927,0.92,0.929,0.925,0.93,0.922,0.932,0.926,0.425,0.988,1.0,1.0,1.0,1.0,1.0,1.0,1.0,1.0,1.0,1.0,1.0,1.0,1.0,1.0,1.0,1.0,1.0,1.0,1.0,1.0,1.0,1.0,1.0,1.0,55.6,95.5,95.2,94.8,94.6,94.4,94.1,94.0,94.1,93.8,94.1,93.8,92.2,95.5,96.2,96.1,96.3,96.2,96.4,96.0,96.4,96.3,96.5,96.1,96.6,96.3
60660,23,83,1011,1698,1713,1630,1598,1571,919,1579,896,1477,1125,1290,861,1162,826,1126,835,1037,806,1033,836,1003,823,956,5,25,499,865,875,779,729,725,416,727,422,693,500,778,573,793,578,800,603,747,602,764,631,742,624,711,15,70,1361,2339,2347,2120,2012,2011,1157,2020,1162,1922,1367,2120,1533,2137,1543,2149,1605,2023,1627,2079,1715,2018,1713,1938,2,28,217,377,391,377,358,322,166,331,173,325,307,283,162,259,158,248,153,207,120,177,115,168,120,174,13,42,1144,1962,1956,1743,1654,1689,991,1689,989,1597,1060,1837,1371,1878,1385,1901,1452,1816,1507,1902,1600,1850,1593,1764,2,5,5,5,5,5,5,5,5,5,5,5,5,5,5,5,5,5,5,5,5,5,5,5,5,5,0.4,1.0,1.0,1.0,1.0,1.0,1.0,1.0,1.0,1.0,1.0,1.0,1.0,1.0,1.0,1.0,1.0,1.0,1.0,1.0,1.0,1.0,1.0,1.0,1.0,1.0,0.882,0.714,0.862,0.861,0.857,0.849,0.849,0.862,0.875,0.859,0.87,0.855,0.817,0.882,0.904,0.892,0.907,0.897,0.913,0.907,0.931,0.922,0.937,0.923,0.935,0.918,0.55,1.0,1.0,1.0,1.0,1.0,1.0,1.0,1.0,1.0,1.0,1.0,1.0,1.0,1.0,1.0,1.0,1.0,1.0,1.0,1.0,1.0,1.0,1.0,1.0,1.0,67.9,85.7,93.1,93.1,92.9,92.5,92.4,93.1,93.7,93.0,93.5,92.8,90.8,94.1,95.2,94.6,95.4,94.8,95.6,95.4,96.6,96.1,96.9,96.2,96.7,95.9
60661,12,69,688,1173,1124,1126,1121,1191,819,1310,898,1320,1027,1283,1005,1263,1002,1222,1025,1184,956,1161,919,1014,827,920,3,27,324,545,503,504,505,523,351,563,406,600,461,688,579,792,635,829,707,858,710,887,685,775,620,714,9,79,927,1565,1446,1453,1458,1508,1007,1632,1174,1733,1293,1909,1502,2067,1570,2133,1746,2202,1726,2237,1658,1965,1528,1837,6,13,60,85,95,97,85,91,62,100,62,126,128,132,96,127,102,125,109,98,53,56,30,44,32,38,3,66,867,1480,1351,1356,1373,1417,945,1532,1112,1607,1165,1777,1406,1940,1468,2008,1637,2104,1673,2181,1628,1921,1496,1799,2,3,5,5,5,5,5,5,5,5,5,5,5,5,5,5,5,5,5,5,5,5,5,5,5,5,0.4,0.6,1.0,1.0,1.0,1.0,1.0,1.0,1.0,1.0,1.0,1.0,1.0,1.0,1.0,1.0,1.0,1.0,1.0,1.0,1.0,1.0,1.0,1.0,1.0,1.0,0.6,0.859,0.939,0.948,0.938,0.937,0.945,0.943,0.942,0.942,0.95,0.932,0.91,0.935,0.94,0.942,0.939,0.945,0.941,0.957,0.97,0.976,0.982,0.978,0.979,0.98,0.425,1.0,1.0,1.0,1.0,1.0,1.0,1.0,1.0,1.0,1.0,1.0,1.0,1.0,1.0,1.0,1.0,1.0,1.0,1.0,1.0,1.0,1.0,1.0,1.0,1.0,50.6,82.9,97.0,97.4,96.9,96.9,97.2,97.2,97.1,97.1,97.5,96.6,95.5,96.8,97.0,97.1,96.9,97.2,97.1,97.9,98.5,98.8,99.1,98.9,99.0,99.0
60666,2,51,463,764,797,722,724,766,733,439,736,437,738,441,698,474,722,505,717,504,676,517,678,513,704,514,0,36,308,493,510,443,455,466,478,259,481,258,486,305,524,358,573,400,578,407,562,436,573,431,599,445,0,108,912,1456,1503,1307,1343,1375,1412,765,1422,765,1427,886,1517,1028,1641,1135,1630,1133,1560,1212,1591,1200,1671,1236,0,6,16,22,29,29,16,22,14,24,20,27,42,42,30,36,23,34,27,33,20,24,16,14,13,11,0,102,896,1434,1474,1278,1327,1353,1398,741,1402,738,1385,844,1487,992,1618,1101,1603,1100,1540,1188,1575,1186,1658,1225,0,2,5,5,5,5,5,5,5,5,5,5,5,5,5,5,5,5,5,5,5,5,5,5,5,5,0.0,0.4,1.0,1.0,1.0,1.0,1.0,1.0,1.0,1.0,1.0,1.0,1.0,1.0,1.0,1.0,1.0,1.0,1.0,1.0,1.0,1.0,1.0,1.0,1.0,1.0,0.5,0.947,0.983,0.985,0.981,0.978,0.988,0.984,0.99,0.97,0.986,0.966,0.971,0.955,0.981,0.966,0.986,0.971,0.984,0.972,0.987,0.981,0.99,0.988,0.992,0.991,0.0,1.0,1.0,1.0,1.0,1.0,1.0,1.0,1.0,1.0,1.0,1.0,1.0,1.0,1.0,1.0,1.0,1.0,1.0,1.0,1.0,1.0,1.0,1.0,1.0,1.0,25.0,82.4,99.1,99.3,99.1,98.9,99.4,99.2,99.5,98.5,99.3,98.3,98.6,97.7,99.0,98.3,99.3,98.5,99.2,98.6,99.4,99.0,99.5,99.4,99.6,99.6
60670,1,2,2,1,0,0,0,0,0,0,0,0,0,0,0,0,0,0,0,0,0,0,0,0,0,0,1,2,2,1,0,0,0,0,0,0,0,0,0,0,0,0,0,0,0,0,0,0,0,0,0,0,1,2,2,1,0,0,0,0,0,0,0,0,0,0,0,0,0,0,0,0,0,0,0,0,0,0,0,0,0,0,0,0,0,0,0,0,0,0,0,0,0,0,0,0,0,0,0,0,0,0,0,0,1,2,2,1,0,0,0,0,0,0,0,0,0,0,0,0,0,0,0,0,0,0,0,0,0,0,1,1,1,1,0,0,0,0,0,0,0,0,0,0,0,0,0,0,0,0,0,0,0,0,0,0,0.2,0.2,0.2,0.2,0.0,0.0,0.0,0.0,0.0,0.0,0.0,0.0,0.0,0.0,0.0,0.0,0.0,0.0,0.0,0.0,0.0,0.0,0.0,0.0,0.0,0.0,1.0,1.0,1.0,1.0,0.0,0.0,0.0,0.0,0.0,0.0,0.0,0.0,0.0,0.0,0.0,0.0,0.0,0.0,0.0,0.0,0.0,0.0,0.0,0.0,0.0,0.0,0.213,0.337,0.337,0.213,0.0,0.0,0.0,0.0,0.0,0.0,0.0,0.0,0.0,0.0,0.0,0.0,0.0,0.0,0.0,0.0,0.0,0.0,0.0,0.0,0.0,0.0,60.3,63.4,63.4,60.3,0.0,0.0,0.0,0.0,0.0,0.0,0.0,0.0,0.0,0.0,0.0,0.0,0.0,0.0,0.0,0.0,0.0,0.0,0.0,0.0,0.0,0.0
60707,11,54,537,896,847,834,839,839,756,523,782,499,803,433,590,419,553,403,521,406,507,414,460,373,449,357,3,14,197,322,291,280,278,281,262,177,277,175,307,221,331,253,334,261,320,266,318,280,297,254,296,249,9,41,562,911,818,782,777,782,735,489,785,492,850,581,862,636,864,654,816,659,812,696,767,638,775,652,0,4,124,239,237,224,239,249,225,131,215,127,258,92,144,88,135,86,136,88,131,91,134,94,125,91,9,37,438,672,581,558,538,533,510,358,570,365,592,489,718,548,729,568,680,571,681,605,633,544,650,561,2,3,5,5,5,5,5,5,5,5,5,5,5,5,5,5,5,5,5,5,5,5,5,5,5,5,0.4,0.6,1.0,1.0,1.0,1.0,1.0,1.0,1.0,1.0,1.0,1.0,1.0,1.0,1.0,1.0,1.0,1.0,1.0,1.0,1.0,1.0,1.0,1.0,1.0,1.0,1.0,0.911,0.819,0.792,0.775,0.777,0.765,0.758,0.766,0.789,0.785,0.795,0.767,0.863,0.857,0.878,0.865,0.884,0.857,0.882,0.861,0.884,0.851,0.872,0.861,0.878,0.425,0.831,1.0,1.0,1.0,1.0,1.0,1.0,1.0,1.0,1.0,1.0,1.0,1.0,1.0,1.0,1.0,1.0,1.0,1.0,1.0,1.0,1.0,1.0,1.0,1.0,70.6,81.3,91.0,89.6,88.8,88.9,88.2,87.9,88.3,89.4,89.2,89.7,88.4,93.2,92.8,93.9,93.2,94.2,92.9,94.1,93.1,94.2,92.6,93.6,93.1,93.9
60827,2,8,62,105,107,87,77,77,79,40,78,42,77,30,58,31,51,27,43,35,43,38,37,26,31,28,0,3,27,42,41,36,34,32,33,16,32,16,34,15,31,18,30,15,24,18,23,18,20,14,18,13,0,7,75,118,115,100,95,90,93,45,90,45,93,42,86,49,80,40,64,49,62,47,53,38,50,37,0,0,22,44,44,44,46,51,54,27,54,27,50,20,38,18,30,12,22,10,20,14,18,8,16,8,0,7,53,74,71,56,49,39,39,18,36,18,43,22,48,31,50,28,42,39,42,33,35,30,34,29,0,2,3,3,3,3,3,3,3,3,3,3,3,3,3,3,4,4,4,4,3,3,3,3,2,2,0.0,0.4,0.6,0.6,0.6,0.6,0.6,0.6,0.6,0.6,0.6,0.6,0.6,0.6,0.6,0.6,0.8,0.8,0.8,0.8,0.6,0.6,0.6,0.6,0.4,0.4,0.5,1.0,0.773,0.728,0.723,0.694,0.674,0.638,0.633,0.625,0.625,0.625,0.65,0.677,0.694,0.731,0.727,0.769,0.744,0.831,0.756,0.77,0.746,0.826,0.758,0.822,0.0,0.425,1.0,1.0,1.0,1.0,1.0,1.0,1.0,0.87,1.0,0.87,1.0,0.851,1.0,0.904,1.0,0.851,0.988,0.904,0.975,0.904,0.934,0.831,0.904,0.81,25.0,70.6,78.7,76.4,76.2,74.7,73.7,71.9,71.6,68.0,71.2,68.0,72.5,70.1,74.7,74.2,81.4,79.7,81.9,84.1,77.2,76.1,75.7,77.1,70.5,71.4
