zip_code,year,period_start_year,period_end_year,years_in_period,land_area_sqmi,active_license_count,active_license_density_per_sqmi,positive_storefront_count,positive_storefront_density_per_sqmi,positive_weight,positive_weight_density_per_sqmi,negative_weight,negative_weight_density_per_sqmi,net_weight,net_weight_density_per_sqmi,mix_balance,destination_intensity,walkability_score
60601,2002,2002,2003,2,0.389,2018.5,5188.946,1132.5,2911.311,3017.5,7757.069,65.5,168.38,2952.0,7588.689,0.979,1.0,98.7
60601,2004,2004,2005,2,0.389,2510.5,6453.728,1333.0,3426.735,3530.5,9075.835,73.0,187.661,3457.5,8888.175,0.98,1.0,98.8
60601,2006,2006,2007,2,0.389,2618.0,6730.077,1272.0,3269.923,3361.5,8641.388,89.0,228.792,3272.5,8412.596,0.974,1.0,98.5
60601,2008,2008,2009,2,0.389,2457.0,6316.195,1079.5,2775.064,2798.0,7192.802,94.0,241.645,2704.0,6951.157,0.967,1.0,98.0
60601,2010,2010,2011,2,0.389,2461.5,6327.763,1133.0,2912.596,2956.0,7598.972,113.0,290.488,2843.0,7308.483,0.963,1.0,97.8
60601,2012,2012,2013,2,0.389,2372.5,6098.972,1158.5,2978.149,3010.5,7739.075,192.0,493.573,2818.5,7245.501,0.94,1.0,96.4
60601,2014,2014,2015,2,0.389,2119.5,5448.586,1246.5,3204.37,3114.5,8006.427,190.0,488.432,2924.5,7517.995,0.943,1.0,96.6
60601,2016,2016,2017,2,0.389,2089.0,5370.18,1373.0,3529.563,3319.5,8533.419,189.0,485.861,3130.5,8047.558,0.946,1.0,96.8
60601,2018,2018,2019,2,0.389,2064.0,5305.913,1427.0,3668.38,3455.0,8881.748,209.0,537.275,3246.0,8344.473,0.943,1.0,96.6
60601,2020,2020,2021,2,0.389,1921.5,4939.589,1367.0,3514.139,3276.5,8422.879,153.0,393.316,3123.5,8029.563,0.955,1.0,97.3
60601,2022,2022,2023,2,0.389,1713.0,4403.599,1256.5,3230.077,3056.5,7857.326,145.5,374.036,2911.0,7483.29,0.955,1.0,97.3
60601,2024,2024,2025,2,0.389,1587.5,4080.977,1180.5,3034.704,2945.5,7571.979,155.0,398.458,2790.5,7173.522,0.95,1.0,97.0
60602,2002,2002,2003,2,0.082,1058.0,12902.439,538.0,6560.976,1189.5,14506.098,25.0,304.878,1164.5,14201.22,0.979,1.0,98.8
60602,2004,2004,2005,2,0.082,1422.0,17341.463,691.0,8426.829,1523.5,18579.268,34.0,414.634,1489.5,18164.634,0.978,1.0,98.7
60602,2006,2006,2007,2,0.082,1555.5,18969.512,723.5,8823.171,1610.0,19634.146,34.5,420.732,1575.5,19213.415,0.979,1.0,98.7
60602,2008,2008,2009,2,0.082,1387.0,16914.634,594.0,7243.902,1340.0,16341.463,36.5,445.122,1303.5,15896.341,0.973,1.0,98.4
60602,2010,2010,2011,2,0.082,1451.5,17701.22,609.5,7432.927,1400.5,17079.268,50.0,609.756,1350.5,16469.512,0.966,1.0,97.9
60602,2012,2012,2013,2,0.082,1392.5,16981.707,662.5,8079.268,1445.0,17621.951,91.5,1115.854,1353.5,16506.098,0.94,1.0,96.4
60602,2014,2014,2015,2,0.082,1290.5,15737.805,702.0,8560.976,1496.5,18250.0,88.5,1079.268,1408.0,17170.732,0.944,1.0,96.6
60602,2016,2016,2017,2,0.082,1176.5,14347.561,732.5,8932.927,1556.0,18975.61,71.0,865.854,1485.0,18109.756,0.956,1.0,97.4
60602,2018,2018,2019,2,0.082,1121.5,13676.829,733.5,8945.122,1546.5,18859.756,74.0,902.439,1472.5,17957.317,0.954,1.0,97.3
60602,2020,2020,2021,2,0.082,1013.0,12353.659,687.0,8378.049,1418.0,17292.683,67.5,823.171,1350.5,16469.512,0.955,1.0,97.3
60602,2022,2022,2023,2,0.082,881.0,10743.902,615.5,7506.098,1259.0,15353.659,55.0,670.732,1204.0,14682.927,0.958,1.0,97.5
60602,2024,2024,2025,2,0.082,801.5,9774.39,570.5,6957.317,1184.0,14439.024,55.0,670.732,1129.0,13768.293,0.956,1.0,97.3
60603,2002,2002,2003,2,0.119,1409.5,11844.538,710.0,5966.387,1627.0,13672.269,54.0,453.782,1573.0,13218.487,0.968,1.0,98.1
60603,2004,2004,2005,2,0.119,2086.5,17533.613,1007.0,8462.185,2247.0,18882.353,80.0,672.269,2167.0,18210.084,0.966,1.0,97.9
60603,2006,2006,2007,2,0.119,1881.0,15806.723,899.0,7554.622,2064.5,17348.739,86.0,722.689,1978.5,16626.05,0.96,1.0,97.6
60603,2008,2008,2009,2,0.119,1594.5,13399.16,708.5,5953.782,1632.5,13718.487,80.5,676.471,1552.0,13042.017,0.953,1.0,97.2
60603,2010,2010,2011,2,0.119,1672.0,14050.42,743.5,6247.899,1737.0,14596.639,108.0,907.563,1629.0,13689.076,0.941,1.0,96.5
60603,2012,2012,2013,2,0.119,1659.5,13945.378,841.5,7071.429,1895.0,15924.37,174.5,1466.387,1720.5,14457.983,0.916,1.0,94.9
60603,2014,2014,2015,2,0.119,1590.0,13361.345,932.0,7831.933,2007.5,16869.748,163.5,1373.95,1844.0,15495.798,0.925,1.0,95.5
60603,2016,2016,2017,2,0.119,1511.5,12701.681,968.0,8134.454,2064.5,17348.739,165.5,1390.756,1899.0,15957.983,0.926,1.0,95.5
60603,2018,2018,2019,2,0.119,1425.5,11978.992,977.0,8210.084,2076.5,17449.58,163.5,1373.95,1913.0,16075.63,0.927,1.0,95.6
60603,2020,2020,2021,2,0.119,1333.5,11205.882,944.5,7936.975,1986.5,16693.277,137.0,1151.261,1849.5,15542.017,0.935,1.0,96.1
60603,2022,2022,2023,2,0.119,1118.0,9394.958,827.0,6949.58,1699.0,14277.311,127.0,1067.227,1572.0,13210.084,0.93,1.0,95.8
60603,2024,2024,2025,2,0.119,925.0,7773.109,698.5,5869.748,1500.5,12609.244,113.0,949.58,1387.5,11659.664,0.93,1.0,95.8
60604,2002,2002,2003,2,0.077,974.0,12649.351,462.0,6000.0,1168.5,15175.325,29.0,376.623,1139.5,14798.701,0.976,1.0,98.5
60604,2004,2004,2005,2,0.077,1366.5,17746.753,631.0,8194.805,1580.0,20519.481,45.5,590.909,1534.5,19928.571,0.972,1.0,98.3
60604,2006,2006,2007,2,0.077,1210.0,15714.286,547.0,7103.896,1394.5,18110.39,33.0,428.571,1361.5,17681.818,0.977,1.0,98.6
60604,2008,2008,2009,2,0.077,1058.0,13740.26,442.5,5746.753,1138.0,14779.221,33.0,428.571,1105.0,14350.649,0.972,1.0,98.3
60604,2010,2010,2011,2,0.077,996.0,12935.065,424.5,5512.987,1092.0,14181.818,40.5,525.974,1051.5,13655.844,0.964,1.0,97.9
60604,2012,2012,2013,2,0.077,873.5,11344.156,428.0,5558.442,1066.5,13850.649,42.0,545.455,1024.5,13305.195,0.962,1.0,97.7
60604,2014,2014,2015,2,0.077,802.0,10415.584,466.0,6051.948,1109.0,14402.597,36.0,467.532,1073.0,13935.065,0.969,1.0,98.1
60604,2016,2016,2017,2,0.077,758.0,9844.156,503.0,6532.468,1150.0,14935.065,26.0,337.662,1124.0,14597.403,0.978,1.0,98.7
60604,2018,2018,2019,2,0.077,737.0,9571.429,511.5,6642.857,1158.0,15038.961,30.5,396.104,1127.5,14642.857,0.974,1.0,98.5
60604,2020,2020,2021,2,0.077,646.0,8389.61,476.5,6188.312,1065.0,13831.169,24.5,318.182,1040.5,13512.987,0.978,1.0,98.7
60604,2022,2022,2023,2,0.077,522.0,6779.221,411.0,5337.662,940.5,12214.286,24.0,311.688,916.5,11902.597,0.975,1.0,98.5
60604,2024,2024,2025,2,0.077,501.0,6506.494,394.5,5123.377,903.5,11733.766,24.0,311.688,879.5,11422.078,0.974,1.0,98.4
60605,2002,2002,2003,2,1.43,1277.5,893.357,778.5,544.406,2075.0,1451.049,110.5,77.273,1964.5,1373.776,0.949,1.0,97.0
60605,2004,2004,2005,2,1.43,1522.5,1064.685,923.0,645.455,2457.5,1718.531,112.5,78.671,2345.0,1639.86,0.956,1.0,97.4
60605,2006,2006,2007,2,1.43,1519.5,1062.587,938.5,656.294,2525.0,1765.734,97.0,67.832,2428.0,1697.902,0.963,1.0,97.8
60605,2008,2008,2009,2,1.43,1418.5,991.958,857.5,599.65,2290.5,1601.748,81.0,56.643,2209.5,1545.105,0.966,1.0,98.0
60605,2010,2010,2011,2,1.43,1473.5,1030.42,890.5,622.727,2377.5,1662.587,110.5,77.273,2267.0,1585.315,0.956,1.0,97.3
60605,2012,2012,2013,2,1.43,1481.0,1035.664,941.5,658.392,2517.0,1760.14,165.0,115.385,2352.0,1644.755,0.938,1.0,96.3
60605,2014,2014,2015,2,1.43,1424.0,995.804,1038.5,726.224,2752.5,1924.825,137.0,95.804,2615.5,1829.021,0.953,1.0,97.2
60605,2016,2016,2017,2,1.43,1410.5,986.364,1089.5,761.888,2857.0,1997.902,112.5,78.671,2744.5,1919.231,0.962,1.0,97.7
60605,2018,2018,2019,2,1.43,1460.5,1021.329,1116.0,780.42,2944.0,2058.741,110.5,77.273,2833.5,1981.469,0.964,1.0,97.8
60605,2020,2020,2021,2,1.43,1465.5,1024.825,1125.5,787.063,2982.0,2085.315,89.0,62.238,2893.0,2023.077,0.971,1.0,98.3
60605,2022,2022,2023,2,1.43,1350.0,944.056,1070.0,748.252,2871.5,2008.042,84.5,59.091,2787.0,1948.951,0.971,1.0,98.3
60605,2024,2024,2025,2,1.43,1256.0,878.322,1048.0,732.867,2840.5,1986.364,88.0,61.538,2752.5,1924.825,0.97,1.0,98.2
60606,2002,2002,2003,2,0.232,2108.0,9086.207,906.0,3905.172,2456.5,10588.362,123.5,532.328,2333.0,10056.034,0.952,1.0,97.1
60606,2004,2004,2005,2,0.232,2502.0,10784.483,1066.5,4596.983,2899.5,12497.845,123.0,530.172,2776.5,11967.672,0.959,1.0,97.6
60606,2006,2006,2007,2,0.232,2533.5,10920.259,1015.5,4377.155,2755.0,11875.0,123.0,530.172,2632.0,11344.828,0.957,1.0,97.4
60606,2008,2008,2009,2,0.232,2683.5,11566.81,877.0,3780.172,2356.0,10155.172,128.5,553.879,2227.5,9601.293,0.948,1.0,96.9
60606,2010,2010,2011,2,0.232,2699.5,11635.776,887.5,3825.431,2387.0,10288.793,137.5,592.672,2249.5,9696.121,0.946,1.0,96.7
60606,2012,2012,2013,2,0.232,2499.0,10771.552,978.0,4215.517,2448.5,10553.879,130.5,562.5,2318.0,9991.379,0.949,1.0,97.0
60606,2014,2014,2015,2,0.232,2343.5,10101.293,1176.0,5068.966,2642.0,11387.931,114.0,491.379,2528.0,10896.552,0.959,1.0,97.5
60606,2016,2016,2017,2,0.232,2203.5,9497.845,1272.0,5482.759,2717.5,11713.362,100.5,433.19,2617.0,11280.172,0.964,1.0,97.9
60606,2018,2018,2019,2,0.232,2097.5,9040.948,1354.5,5838.362,2885.5,12437.5,90.0,387.931,2795.5,12049.569,0.97,1.0,98.2
60606,2020,2020,2021,2,0.232,2020.5,8709.052,1373.5,5920.259,2887.5,12446.121,74.5,321.121,2813.0,12125.0,0.975,1.0,98.5
60606,2022,2022,2023,2,0.232,1751.0,7547.414,1236.5,5329.741,2572.0,11086.207,64.0,275.862,2508.0,10810.345,0.976,1.0,98.5
60606,2024,2024,2025,2,0.232,1633.5,7040.948,1198.5,5165.948,2504.5,10795.259,53.0,228.448,2451.5,10566.81,0.979,1.0,98.8
60607,2002,2002,2003,2,2.313,2342.5,1012.754,1085.5,469.304,2924.0,1264.159,863.0,373.109,2061.0,891.051,0.772,1.0,86.3
60607,2004,2004,2005,2,2.313,2910.5,1258.323,1312.0,567.229,3490.5,1509.079,981.0,424.125,2509.5,1084.955,0.781,1.0,86.8
60607,2006,2006,2007,2,2.313,3066.5,1325.767,1414.5,611.543,3762.0,1626.459,923.0,399.049,2839.0,1227.41,0.803,1.0,88.2
60607,2008,2008,2009,2,2.313,2471.5,1068.526,1160.5,501.729,3085.0,1333.766,698.0,301.773,2387.0,1031.993,0.815,1.0,88.9
60607,2010,2010,2011,2,2.313,2601.5,1124.73,1240.0,536.1,3289.0,1421.963,750.5,324.47,2538.5,1097.492,0.814,1.0,88.9
60607,2012,2012,2013,2,2.313,2707.5,1170.558,1366.5,590.791,3581.5,1548.422,917.0,396.455,2664.5,1151.967,0.796,1.0,87.8
60607,2014,2014,2015,2,2.313,2521.0,1089.927,1536.5,664.289,3915.0,1692.607,761.0,329.01,3154.0,1363.597,0.837,1.0,90.2
60607,2016,2016,2017,2,2.313,2510.5,1085.387,1685.5,728.707,4244.5,1835.063,712.0,307.825,3532.5,1527.237,0.856,1.0,91.4
60607,2018,2018,2019,2,2.313,2504.5,1082.793,1811.0,782.966,4560.0,1971.466,612.5,264.808,3947.5,1706.658,0.882,1.0,92.9
60607,2020,2020,2021,2,2.313,2499.5,1080.631,1919.0,829.658,4880.5,2110.03,447.5,193.472,4433.0,1916.559,0.916,1.0,95.0
60607,2022,2022,2023,2,2.313,2480.5,1072.417,1972.5,852.789,4993.0,2158.668,329.0,142.24,4664.0,2016.429,0.938,1.0,96.3
60607,2024,2024,2025,2,2.313,2546.5,1100.951,2056.0,888.889,5228.0,2260.268,342.0,147.86,4886.0,2112.408,0.939,1.0,96.3
60608,2002,2002,2003,2,6.247,3951.5,632.544,1725.0,276.133,4525.5,724.428,1889.0,302.385,2636.5,422.043,0.706,1.0,82.3
60608,2004,2004,2005,2,6.247,4885.0,781.975,2071.0,331.519,5378.0,860.893,2277.5,364.575,3100.5,496.318,0.703,1.0,82.2
60608,2006,2006,2007,2,6.247,5613.0,898.511,2320.5,371.458,5936.0,950.216,2722.0,435.729,3214.0,514.487,0.686,1.0,81.1
60608,2008,2008,2009,2,6.247,3665.5,586.762,1502.0,240.435,3811.5,610.133,1666.0,266.688,2145.5,343.445,0.696,1.0,81.8
60608,2010,2010,2011,2,6.247,3509.0,561.71,1450.0,232.111,3687.5,590.283,1686.5,269.97,2001.0,320.314,0.686,1.0,81.2
60608,2012,2012,2013,2,6.247,3326.0,532.416,1575.0,252.121,4021.0,643.669,1769.5,283.256,2251.5,360.413,0.694,1.0,81.7
60608,2014,2014,2015,2,6.247,2895.5,463.502,1652.0,264.447,4179.5,669.041,1364.5,218.425,2815.0,450.616,0.754,1.0,85.2
60608,2016,2016,2017,2,6.247,2881.0,461.181,1709.5,273.651,4288.5,686.49,1304.5,208.82,2984.0,477.669,0.767,1.0,86.0
60608,2018,2018,2019,2,6.247,2870.5,459.501,1759.0,281.575,4369.0,699.376,1220.5,195.374,3148.5,504.002,0.782,1.0,86.9
60608,2020,2020,2021,2,6.247,2750.0,440.211,1800.0,288.138,4528.0,724.828,1077.0,172.403,3451.0,552.425,0.808,1.0,88.5
60608,2022,2022,2023,2,6.247,2626.5,420.442,1774.0,283.976,4491.5,718.985,970.0,155.275,3521.5,563.711,0.822,1.0,89.3
60608,2024,2024,2025,2,6.247,2500.5,400.272,1706.0,273.091,4330.0,693.133,875.5,140.147,3454.5,552.985,0.832,1.0,89.9
60609,2002,2002,2003,2,7.75,3257.0,420.258,1415.0,182.581,3672.0,473.806,1474.0,190.194,2198.0,283.613,0.714,1.0,82.8
60609,2004,2004,2005,2,7.75,4228.5,545.613,1719.0,221.806,4388.5,566.258,1904.0,245.677,2484.5,320.581,0.697,1.0,81.8
60609,2006,2006,2007,2,7.75,4643.5,599.161,1730.5,223.29,4266.0,550.452,1884.5,243.161,2381.5,307.29,0.694,1.0,81.6
60609,2008,2008,2009,2,7.75,3591.5,463.419,1302.0,168.0,3191.0,411.742,1425.0,183.871,1766.0,227.871,0.691,1.0,81.5
60609,2010,2010,2011,2,7.75,3585.0,462.581,1327.0,171.226,3264.5,421.226,1478.5,190.774,1786.0,230.452,0.688,1.0,81.3
60609,2012,2012,2013,2,7.75,3281.5,423.419,1416.0,182.71,3446.5,444.71,1520.0,196.129,1926.5,248.581,0.694,1.0,81.6
60609,2014,2014,2015,2,7.75,2593.5,334.645,1349.5,174.129,3286.5,424.065,1200.0,154.839,2086.5,269.226,0.733,1.0,84.0
60609,2016,2016,2017,2,7.75,2398.0,309.419,1304.5,168.323,3178.5,410.129,1200.5,154.903,1978.0,255.226,0.726,1.0,83.6
60609,2018,2018,2019,2,7.75,2300.0,296.774,1307.0,168.645,3165.0,408.387,1150.0,148.387,2015.0,260.0,0.733,1.0,84.0
60609,2020,2020,2021,2,7.75,2774.5,358.0,1826.5,235.677,4612.0,595.097,1129.0,145.677,3483.0,449.419,0.803,1.0,88.2
60609,2022,2022,2023,2,7.75,3147.0,406.065,2263.0,292.0,5761.0,743.355,1056.0,136.258,4705.0,607.097,0.845,1.0,90.7
60609,2024,2024,2025,2,7.75,3134.5,404.452,2313.0,298.452,5869.0,757.29,996.0,128.516,4873.0,628.774,0.855,1.0,91.3
60610,2002,2002,2003,2,1.112,3919.0,3524.281,2274.0,2044.964,6090.5,5477.068,353.5,317.896,5737.0,5159.173,0.945,1.0,96.7
60610,2004,2004,2005,2,1.112,4979.5,4477.968,2703.0,2430.755,7110.0,6393.885,452.0,406.475,6658.0,5987.41,0.94,1.0,96.4
60610,2006,2006,2007,2,1.112,5073.5,4562.5,2700.5,2428.507,7119.0,6401.978,451.0,405.576,6668.0,5996.403,0.94,1.0,96.4
60610,2008,2008,2009,2,1.112,3844.5,3457.284,2065.5,1857.464,5436.5,4888.939,308.0,276.978,5128.5,4611.96,0.946,1.0,96.8
60610,2010,2010,2011,2,1.112,3427.0,3081.835,1911.5,1718.975,5037.0,4529.676,312.5,281.025,4724.5,4248.651,0.942,1.0,96.5
60610,2012,2012,2013,2,1.112,3007.5,2704.586,1808.5,1626.349,4815.0,4330.036,387.5,348.471,4427.5,3981.565,0.926,1.0,95.5
60610,2014,2014,2015,2,1.112,2452.5,2205.486,1673.5,1504.946,4454.0,4005.396,263.5,236.96,4190.5,3768.435,0.944,1.0,96.6
60610,2016,2016,2017,2,1.112,2209.5,1986.96,1572.0,1413.669,4183.5,3762.14,255.5,229.766,3928.0,3532.374,0.942,1.0,96.5
60610,2018,2018,2019,2,1.112,2031.5,1826.888,1466.5,1318.795,3952.0,3553.957,234.0,210.432,3718.0,3343.525,0.944,1.0,96.6
60610,2020,2020,2021,2,1.112,1843.5,1657.824,1355.0,1218.525,3675.0,3304.856,209.5,188.399,3465.5,3116.457,0.946,1.0,96.8
60610,2022,2022,2023,2,1.112,1701.5,1530.126,1271.5,1143.435,3464.0,3115.108,212.5,191.097,3251.5,2924.011,0.942,1.0,96.5
60610,2024,2024,2025,2,1.112,1610.0,1447.842,1232.0,1107.914,3364.0,3025.18,197.0,177.158,3167.0,2848.022,0.945,1.0,96.7
60611,2002,2002,2003,2,0.793,3844.5,4848.045,2548.0,3213.115,6907.0,8709.962,134.5,169.609,6772.5,8540.353,0.981,1.0,98.9
60611,2004,2004,2005,2,0.793,4704.5,5932.535,2910.0,3669.609,7729.0,9746.532,196.0,247.163,7533.0,9499.369,0.975,1.0,98.5
60611,2006,2006,2007,2,0.793,4817.0,6074.401,2932.5,3697.982,7792.5,9826.608,234.5,295.712,7558.0,9530.895,0.971,1.0,98.2
60611,2008,2008,2009,2,0.793,4150.5,5233.922,2300.5,2901.009,6096.0,7687.264,247.5,312.106,5848.5,7375.158,0.961,1.0,97.7
60611,2010,2010,2011,2,0.793,4157.0,5242.119,2243.0,2828.499,5933.5,7482.346,352.0,443.884,5581.5,7038.462,0.944,1.0,96.6
60611,2012,2012,2013,2,0.793,4159.5,5245.271,2346.5,2959.016,6184.5,7798.865,781.5,985.498,5403.0,6813.367,0.888,1.0,93.3
60611,2014,2014,2015,2,0.793,3842.0,4844.893,2557.5,3225.095,6524.5,8227.617,795.0,1002.522,5729.5,7225.095,0.891,1.0,93.5
60611,2016,2016,2017,2,0.793,3680.5,4641.236,2628.5,3314.628,6651.5,8387.768,698.0,880.202,5953.5,7507.566,0.905,1.0,94.3
60611,2018,2018,2019,2,0.793,3589.0,4525.851,2677.0,3375.788,6796.5,8570.618,669.5,844.262,6127.0,7726.356,0.91,1.0,94.6
60611,2020,2020,2021,2,0.793,3323.5,4191.047,2604.0,3283.733,6591.0,8311.475,498.5,628.625,6092.5,7682.85,0.93,1.0,95.8
60611,2022,2022,2023,2,0.793,2987.0,3766.709,2377.0,2997.478,6037.0,7612.863,453.0,571.248,5584.0,7041.614,0.93,1.0,95.8
60611,2024,2024,2025,2,0.793,2844.5,3587.011,2306.5,2908.575,5926.5,7473.518,456.5,575.662,5470.0,6897.856,0.928,1.0,95.7
60612,2002,2002,2003,2,3.719,1661.0,446.625,756.0,203.28,2040.5,548.669,685.0,184.189,1355.5,364.48,0.749,1.0,84.9
60612,2004,2004,2005,2,3.719,2141.0,575.692,920.5,247.513,2461.5,661.871,946.5,254.504,1515.0,407.368,0.722,1.0,83.3
60612,2006,2006,2007,2,3.719,2132.5,573.407,856.0,230.169,2246.5,604.06,968.5,260.419,1278.0,343.641,0.699,1.0,81.9
60612,2008,2008,2009,2,3.719,1714.0,460.877,685.5,184.324,1799.5,483.867,776.5,208.793,1023.0,275.074,0.699,1.0,81.9
60612,2010,2010,2011,2,3.719,1823.0,490.186,770.0,207.045,2051.0,551.492,786.5,211.482,1264.5,340.011,0.723,1.0,83.4
60612,2012,2012,2013,2,3.719,1810.5,486.824,841.5,226.271,2184.5,587.389,812.5,218.473,1372.0,368.916,0.729,1.0,83.7
60612,2014,2014,2015,2,3.719,1573.5,423.098,871.0,234.203,2169.0,583.221,688.0,184.996,1481.0,398.225,0.759,1.0,85.6
60612,2016,2016,2017,2,3.719,1494.0,401.721,864.5,232.455,2136.5,574.482,659.0,177.198,1477.5,397.284,0.764,1.0,85.9
60612,2018,2018,2019,2,3.719,1470.5,395.402,876.0,235.547,2161.0,581.07,607.0,163.216,1554.0,417.854,0.781,1.0,86.8
60612,2020,2020,2021,2,3.719,1469.5,395.133,888.0,238.774,2175.5,584.969,580.0,155.956,1595.5,429.013,0.79,1.0,87.4
60612,2022,2022,2023,2,3.719,1434.5,385.722,860.0,231.245,2108.0,566.819,615.0,165.367,1493.0,401.452,0.774,1.0,86.4
60612,2024,2024,2025,2,3.719,1394.0,374.832,873.0,234.741,2177.0,585.372,542.0,145.738,1635.0,439.634,0.801,1.0,88.0
60613,2002,2002,2003,2,2.328,2155.5,925.902,1355.5,582.259,3563.0,1530.498,323.5,138.96,3239.5,1391.538,0.917,1.0,95.0
60613,2004,2004,2005,2,2.328,2663.0,1143.9,1687.0,724.656,4419.5,1898.411,357.5,153.565,4062.0,1744.845,0.925,1.0,95.5
60613,2006,2006,2007,2,2.328,2500.0,1073.883,1506.0,646.907,3961.0,1701.46,314.5,135.095,3646.5,1566.366,0.926,1.0,95.6
60613,2008,2008,2009,2,2.328,1994.0,856.529,1194.5,513.101,3121.0,1340.636,223.0,95.79,2898.0,1244.845,0.933,1.0,96.0
60613,2010,2010,2011,2,2.328,2107.5,905.284,1251.5,537.586,3248.5,1395.404,232.5,99.871,3016.0,1295.533,0.933,1.0,96.0
60613,2012,2012,2013,2,2.328,2145.0,921.392,1372.0,589.347,3595.5,1544.459,252.5,108.462,3343.0,1435.997,0.934,1.0,96.1
60613,2014,2014,2015,2,2.328,1857.0,797.68,1371.5,589.132,3616.0,1553.265,186.5,80.112,3429.5,1473.153,0.951,1.0,97.1
60613,2016,2016,2017,2,2.328,1780.5,764.82,1355.0,582.045,3567.0,1532.216,170.5,73.239,3396.5,1458.978,0.954,1.0,97.3
60613,2018,2018,2019,2,2.328,1818.5,781.143,1425.5,612.328,3801.0,1632.732,159.5,68.514,3641.5,1564.218,0.96,1.0,97.6
60613,2020,2020,2021,2,2.328,1831.0,786.512,1469.0,631.014,3971.0,1705.756,139.5,59.923,3831.5,1645.833,0.966,1.0,98.0
60613,2022,2022,2023,2,2.328,1768.0,759.45,1441.5,619.201,3841.5,1650.129,126.5,54.338,3715.0,1595.79,0.968,1.0,98.1
60613,2024,2024,2025,2,2.328,1753.0,753.007,1446.5,621.349,3911.5,1680.198,115.0,49.399,3796.5,1630.799,0.971,1.0,98.3
60614,2002,2002,2003,2,3.222,3883.5,1205.307,2533.5,786.313,6691.5,2076.816,450.5,139.82,6241.0,1936.996,0.937,1.0,96.2
60614,2004,2004,2005,2,3.222,5390.0,1672.874,3261.0,1012.104,8372.0,2598.386,630.0,195.531,7742.0,2402.855,0.93,1.0,95.8
60614,2006,2006,2007,2,3.222,4712.0,1462.446,2932.5,910.149,7668.0,2379.888,529.0,164.184,7139.0,2215.705,0.935,1.0,96.1
60614,2008,2008,2009,2,3.222,3725.0,1156.114,2344.0,727.498,6159.5,1911.701,414.0,128.492,5745.5,1783.209,0.937,1.0,96.2
60614,2010,2010,2011,2,3.222,3635.0,1128.181,2335.5,724.86,6154.5,1910.149,431.0,133.768,5723.5,1776.381,0.935,1.0,96.1
60614,2012,2012,2013,2,3.222,3688.5,1144.786,2453.0,761.328,6432.5,1996.431,598.0,185.599,5834.5,1810.832,0.915,1.0,94.9
60614,2014,2014,2015,2,3.222,3366.0,1044.693,2537.5,787.554,6714.0,2083.799,486.0,150.838,6228.0,1932.961,0.932,1.0,96.0
60614,2016,2016,2017,2,3.222,3212.5,997.052,2487.5,772.036,6593.0,2046.245,430.5,133.613,6162.5,1912.632,0.939,1.0,96.3
60614,2018,2018,2019,2,3.222,3057.0,948.79,2391.5,742.241,6332.0,1965.239,376.0,116.698,5956.0,1848.541,0.944,1.0,96.6
60614,2020,2020,2021,2,3.222,2920.5,906.425,2371.5,736.034,6331.5,1965.084,296.0,91.868,6035.5,1873.215,0.955,1.0,97.3
60614,2022,2022,2023,2,3.222,2753.0,854.438,2287.5,709.963,6133.0,1903.476,260.0,80.695,5873.0,1822.781,0.959,1.0,97.6
60614,2024,2024,2025,2,3.222,2693.0,835.816,2269.5,704.376,6075.5,1885.63,278.0,86.282,5797.5,1799.348,0.956,1.0,97.4
60615,2002,2002,2003,2,2.189,1041.0,475.56,571.5,261.078,1474.0,673.367,113.5,51.85,1360.5,621.517,0.929,1.0,95.7
60615,2004,2004,2005,2,2.189,1284.5,586.798,680.0,310.644,1721.0,786.204,140.5,64.185,1580.5,722.019,0.925,1.0,95.5
60615,2006,2006,2007,2,2.189,1194.0,545.455,630.0,287.803,1586.0,724.532,137.0,62.586,1449.0,661.946,0.92,1.0,95.2
60615,2008,2008,2009,2,2.189,886.5,404.979,481.5,219.963,1221.0,557.789,91.0,41.571,1130.0,516.217,0.931,1.0,95.8
60615,2010,2010,2011,2,2.189,923.5,421.882,499.5,228.186,1280.0,584.742,86.5,39.516,1193.5,545.226,0.937,1.0,96.2
60615,2012,2012,2013,2,2.189,904.5,413.202,537.5,245.546,1391.5,635.678,96.5,44.084,1295.0,591.594,0.935,1.0,96.1
60615,2014,2014,2015,2,2.189,764.5,349.246,547.0,249.886,1422.5,649.84,70.0,31.978,1352.5,617.862,0.953,1.0,97.2
60615,2016,2016,2017,2,2.189,781.5,357.012,595.0,271.814,1544.5,705.573,64.0,29.237,1480.5,676.336,0.96,1.0,97.6
60615,2018,2018,2019,2,2.189,809.5,369.804,605.5,276.61,1593.0,727.73,68.5,31.293,1524.5,696.437,0.959,1.0,97.5
60615,2020,2020,2021,2,2.189,847.5,387.163,632.5,288.945,1655.5,756.281,63.5,29.009,1592.0,727.273,0.963,1.0,97.8
60615,2022,2022,2023,2,2.189,786.5,359.296,605.0,276.382,1580.0,721.791,51.5,23.527,1528.5,698.264,0.968,1.0,98.1
60615,2024,2024,2025,2,2.189,716.5,327.318,585.5,267.474,1547.0,706.715,48.5,22.156,1498.5,684.559,0.97,1.0,98.2
60616,2002,2002,2003,2,3.8,2096.5,551.711,1090.5,286.974,2806.0,738.421,509.0,133.947,2297.0,604.474,0.846,1.0,90.8
60616,2004,2004,2005,2,3.8,2645.5,696.184,1388.0,365.263,3484.0,916.842,629.5,165.658,2854.5,751.184,0.847,1.0,90.8
60616,2006,2006,2007,2,3.8,2645.5,696.184,1347.5,354.605,3396.5,893.816,637.0,167.632,2759.5,726.184,0.842,1.0,90.5
60616,2008,2008,2009,2,3.8,2071.5,545.132,1074.0,282.632,2699.0,710.263,443.0,116.579,2256.0,593.684,0.859,1.0,91.5
60616,2010,2010,2011,2,3.8,2121.0,558.158,1122.5,295.395,2803.5,737.763,463.0,121.842,2340.5,615.921,0.858,1.0,91.5
60616,2012,2012,2013,2,3.8,2176.5,572.763,1234.5,324.868,3112.5,819.079,527.5,138.816,2585.0,680.263,0.855,1.0,91.3
60616,2014,2014,2015,2,3.8,1921.0,505.526,1260.5,331.711,3227.5,849.342,395.0,103.947,2832.5,745.395,0.891,1.0,93.5
60616,2016,2016,2017,2,3.8,1853.0,487.632,1281.0,337.105,3284.0,864.211,369.0,97.105,2915.0,767.105,0.899,1.0,93.9
60616,2018,2018,2019,2,3.8,1922.0,505.789,1378.0,362.632,3540.0,931.579,363.5,95.658,3176.5,835.921,0.907,1.0,94.4
60616,2020,2020,2021,2,3.8,1953.5,514.079,1453.5,382.5,3721.0,979.211,336.0,88.421,3385.0,890.789,0.917,1.0,95.0
60616,2022,2022,2023,2,3.8,1876.0,493.684,1443.0,379.737,3711.5,976.711,278.5,73.289,3433.0,903.421,0.93,1.0,95.8
60616,2024,2024,2025,2,3.8,1855.0,488.158,1454.0,382.632,3763.0,990.263,268.0,70.526,3495.0,919.737,0.934,1.0,96.0
60617,2002,2002,2003,2,13.673,2428.0,177.576,1239.5,90.653,3128.0,228.772,725.5,53.061,2402.5,175.711,0.812,1.0,88.7
60617,2004,2004,2005,2,13.673,2943.0,215.242,1480.5,108.279,3678.5,269.034,905.0,66.189,2773.5,202.845,0.803,1.0,88.2
60617,2006,2006,2007,2,13.673,2924.0,213.852,1417.0,103.635,3474.0,254.077,999.5,73.1,2474.5,180.977,0.777,1.0,86.6
60617,2008,2008,2009,2,13.673,2227.5,162.912,1052.5,76.977,2577.5,188.51,780.0,57.047,1797.5,131.463,0.768,1.0,86.1
60617,2010,2010,2011,2,13.673,2222.0,162.51,1045.5,76.465,2588.0,189.278,819.5,59.936,1768.5,129.342,0.76,1.0,85.6
60617,2012,2012,2013,2,13.673,2136.5,156.257,1126.5,82.389,2815.0,205.88,858.5,62.788,1956.5,143.092,0.766,1.0,86.0
60617,2014,2014,2015,2,13.673,1690.0,123.601,1087.0,79.5,2694.0,197.031,605.0,44.248,2089.0,152.783,0.817,1.0,89.0
60617,2016,2016,2017,2,13.673,1564.5,114.423,1032.5,75.514,2525.0,184.671,588.5,43.041,1936.5,141.629,0.811,1.0,88.7
60617,2018,2018,2019,2,13.673,1557.5,113.911,1046.5,76.538,2558.0,187.084,567.5,41.505,1990.5,145.579,0.818,1.0,89.1
60617,2020,2020,2021,2,13.673,1538.0,112.484,1049.0,76.721,2587.0,189.205,550.5,40.262,2036.5,148.943,0.825,1.0,89.5
60617,2022,2022,2023,2,13.673,1416.0,103.562,975.0,71.308,2424.5,177.32,508.5,37.19,1916.0,140.13,0.827,1.0,89.6
60617,2024,2024,2025,2,13.673,1353.0,98.954,953.5,69.736,2395.0,175.163,488.0,35.691,1907.0,139.472,0.831,1.0,89.8
60618,2002,2002,2003,2,4.994,4631.5,927.413,2382.5,477.072,6167.5,1234.982,1428.0,285.943,4739.5,949.039,0.812,1.0,88.7
60618,2004,2004,2005,2,4.994,5814.5,1164.297,2910.0,582.699,7360.0,1473.769,1771.5,354.726,5588.5,1119.043,0.806,1.0,88.4
60618,2006,2006,2007,2,4.994,5625.0,1126.352,2763.0,553.264,7039.5,1409.592,1672.5,334.902,5367.0,1074.69,0.808,1.0,88.5
60618,2008,2008,2009,2,4.994,4149.5,830.897,2046.5,409.792,5216.5,1044.553,1222.5,244.794,3994.0,799.76,0.81,1.0,88.6
60618,2010,2010,2011,2,4.994,4138.0,828.594,2068.5,414.197,5278.5,1056.968,1276.0,255.507,4002.5,801.462,0.805,1.0,88.3
60618,2012,2012,2013,2,4.994,4156.0,832.199,2142.0,428.915,5480.0,1097.317,1370.0,274.329,4110.0,822.988,0.8,1.0,88.0
60618,2014,2014,2015,2,4.994,3576.5,716.159,2178.0,436.123,5554.5,1112.235,994.5,199.139,4560.0,913.096,0.848,1.0,90.9
60618,2016,2016,2017,2,4.994,3468.5,694.533,2260.5,452.643,5737.0,1148.779,916.5,183.52,4820.5,965.258,0.862,1.0,91.7
60618,2018,2018,2019,2,4.994,3355.0,671.806,2257.0,451.942,5757.0,1152.783,855.5,171.306,4901.5,981.478,0.871,1.0,92.2
60618,2020,2020,2021,2,4.994,3338.0,668.402,2327.0,465.959,6025.5,1206.548,832.0,166.6,5193.5,1039.948,0.879,1.0,92.7
60618,2022,2022,2023,2,4.994,2977.5,596.215,2173.5,435.222,5642.5,1129.856,704.5,141.069,4938.0,988.787,0.889,1.0,93.3
60618,2024,2024,2025,2,4.994,2898.0,580.296,2190.0,438.526,5775.0,1156.388,626.0,125.35,5149.0,1031.037,0.902,1.0,94.1
60619,2002,2002,2003,2,6.123,2333.5,381.104,1341.0,219.01,3412.5,557.325,472.0,77.086,2940.5,480.238,0.878,1.0,92.7
60619,2004,2004,2005,2,6.123,2796.0,456.639,1578.5,257.798,3949.0,644.945,617.5,100.849,3331.5,544.096,0.865,1.0,91.9
60619,2006,2006,2007,2,6.123,2588.0,422.669,1445.5,236.077,3602.5,588.355,589.0,96.195,3013.5,492.161,0.859,1.0,91.6
60619,2008,2008,2009,2,6.123,1956.5,319.533,1102.5,180.059,2759.0,450.596,424.0,69.247,2335.0,381.349,0.867,1.0,92.0
60619,2010,2010,2011,2,6.123,1979.5,323.289,1113.0,181.774,2802.5,457.7,419.0,68.431,2383.5,389.27,0.87,1.0,92.2
60619,2012,2012,2013,2,6.123,1884.5,307.774,1187.0,193.859,2947.5,481.382,388.5,63.449,2559.0,417.932,0.884,1.0,93.0
60619,2014,2014,2015,2,6.123,1588.0,259.35,1158.0,189.123,2864.0,467.745,308.5,50.384,2555.5,417.361,0.903,1.0,94.2
60619,2016,2016,2017,2,6.123,1454.0,237.465,1098.5,179.406,2725.5,445.125,306.0,49.976,2419.5,395.149,0.899,1.0,93.9
60619,2018,2018,2019,2,6.123,1371.5,223.992,1046.0,170.831,2592.5,423.404,289.0,47.199,2303.5,376.204,0.9,1.0,94.0
60619,2020,2020,2021,2,6.123,1434.5,234.281,1071.0,174.914,2685.5,438.592,279.5,45.648,2406.0,392.945,0.906,1.0,94.3
60619,2022,2022,2023,2,6.123,1347.5,220.072,1009.0,164.789,2560.0,418.096,239.5,39.115,2320.5,378.981,0.914,1.0,94.9
60619,2024,2024,2025,2,6.123,1266.0,206.761,980.5,160.134,2543.0,415.319,210.5,34.379,2332.5,380.941,0.924,1.0,95.4
60620,2002,2002,2003,2,6.997,2103.0,300.557,1079.0,154.209,2730.5,390.239,617.0,88.181,2113.5,302.058,0.816,1.0,88.9
60620,2004,2004,2005,2,6.997,2602.5,371.945,1313.5,187.723,3284.5,469.415,788.0,112.62,2496.5,356.796,0.807,1.0,88.4
60620,2006,2006,2007,2,6.997,2492.0,356.153,1243.5,177.719,3092.0,441.904,780.0,111.476,2312.0,330.427,0.799,1.0,87.9
60620,2008,2008,2009,2,6.997,1896.0,270.973,936.0,133.772,2327.5,332.643,565.0,80.749,1762.5,251.894,0.805,1.0,88.3
60620,2010,2010,2011,2,6.997,1899.0,271.402,969.5,138.559,2432.0,347.578,542.5,77.533,1889.5,270.044,0.818,1.0,89.1
60620,2012,2012,2013,2,6.997,1821.5,260.326,1051.5,150.279,2639.5,377.233,558.0,79.748,2081.5,297.485,0.825,1.0,89.5
60620,2014,2014,2015,2,6.997,1479.0,211.376,990.0,141.489,2451.0,350.293,426.0,60.883,2025.0,289.41,0.852,1.0,91.1
60620,2016,2016,2017,2,6.997,1410.5,201.586,957.5,136.844,2354.0,336.43,431.5,61.669,1922.5,274.761,0.845,1.0,90.7
60620,2018,2018,2019,2,6.997,1383.5,197.728,989.0,141.346,2453.0,350.579,419.0,59.883,2034.0,290.696,0.854,1.0,91.2
60620,2020,2020,2021,2,6.997,1406.0,200.943,1010.5,144.419,2502.0,357.582,411.0,58.739,2091.0,298.842,0.859,1.0,91.5
60620,2022,2022,2023,2,6.997,1271.5,181.721,948.0,135.487,2376.5,339.646,345.5,49.378,2031.0,290.267,0.873,1.0,92.4
60620,2024,2024,2025,2,6.997,1159.5,165.714,887.5,126.84,2279.0,325.711,332.0,47.449,1947.0,278.262,0.873,1.0,92.4
60621,2002,2002,2003,2,3.754,979.0,260.788,607.0,161.694,1640.5,437.001,228.5,60.868,1412.0,376.132,0.878,1.0,92.7
60621,2004,2004,2005,2,3.754,1042.5,277.704,637.5,169.819,1755.5,467.635,281.0,74.853,1474.5,392.781,0.862,1.0,91.7
60621,2006,2006,2007,2,3.754,945.5,251.865,577.0,153.703,1564.0,416.622,253.5,67.528,1310.5,349.094,0.861,1.0,91.6
60621,2008,2008,2009,2,3.754,778.0,207.246,465.5,124.001,1263.5,336.574,200.0,53.277,1063.5,283.298,0.863,1.0,91.8
60621,2010,2010,2011,2,3.754,780.5,207.912,478.5,127.464,1288.0,343.101,215.0,57.272,1073.0,285.828,0.857,1.0,91.4
60621,2012,2012,2013,2,3.754,688.5,183.404,465.5,124.001,1255.5,334.443,195.5,52.078,1060.0,282.365,0.865,1.0,91.9
60621,2014,2014,2015,2,3.754,570.0,151.838,439.5,117.075,1173.5,312.6,145.5,38.759,1028.0,273.841,0.89,1.0,93.4
60621,2016,2016,2017,2,3.754,532.5,141.849,424.0,112.946,1103.5,293.953,126.0,33.564,977.5,260.389,0.898,1.0,93.9
60621,2018,2018,2019,2,3.754,497.5,132.525,402.0,107.086,1032.0,274.907,112.5,29.968,919.5,244.939,0.902,1.0,94.1
60621,2020,2020,2021,2,3.754,498.5,132.792,394.0,104.955,1013.5,269.979,114.0,30.368,899.5,239.611,0.899,1.0,93.9
60621,2022,2022,2023,2,3.754,432.5,115.21,346.5,92.302,907.5,241.742,109.0,29.036,798.5,212.706,0.893,1.0,93.6
60621,2024,2024,2025,2,3.754,385.5,102.69,318.0,84.71,838.0,223.229,111.5,29.702,726.5,193.527,0.883,1.0,93.0
60622,2002,2002,2003,2,2.5,3727.5,1491.0,2030.0,812.0,5396.5,2158.6,1074.5,429.8,4322.0,1728.8,0.834,1.0,90.0
60622,2004,2004,2005,2,2.5,4448.0,1779.2,2340.5,936.2,6172.0,2468.8,1192.5,477.0,4979.5,1991.8,0.838,1.0,90.3
60622,2006,2006,2007,2,2.5,4377.0,1750.8,2185.0,874.0,5747.0,2298.8,1316.0,526.4,4431.0,1772.4,0.814,1.0,88.8
60622,2008,2008,2009,2,2.5,3295.0,1318.0,1713.0,685.2,4481.0,1792.4,860.5,344.2,3620.5,1448.2,0.839,1.0,90.3
60622,2010,2010,2011,2,2.5,3247.0,1298.8,1726.5,690.6,4519.0,1807.6,851.5,340.6,3667.5,1467.0,0.841,1.0,90.5
60622,2012,2012,2013,2,2.5,3248.0,1299.2,1850.5,740.2,4815.0,1926.0,906.0,362.4,3909.0,1563.6,0.842,1.0,90.5
60622,2014,2014,2015,2,2.5,2815.0,1126.0,1878.0,751.2,4841.0,1936.4,670.5,268.2,4170.5,1668.2,0.878,1.0,92.7
60622,2016,2016,2017,2,2.5,2758.0,1103.2,1968.0,787.2,5070.5,2028.2,571.0,228.4,4499.5,1799.8,0.899,1.0,93.9
60622,2018,2018,2019,2,2.5,2722.5,1089.0,2027.0,810.8,5264.0,2105.6,479.0,191.6,4785.0,1914.0,0.917,1.0,95.0
60622,2020,2020,2021,2,2.5,2770.0,1108.0,2142.0,856.8,5600.0,2240.0,415.0,166.0,5185.0,2074.0,0.931,1.0,95.9
60622,2022,2022,2023,2,2.5,2554.5,1021.8,2014.5,805.8,5279.5,2111.8,357.5,143.0,4922.0,1968.8,0.937,1.0,96.2
60622,2024,2024,2025,2,2.5,2585.5,1034.2,2020.0,808.0,5250.0,2100.0,466.5,186.6,4783.5,1913.4,0.918,1.0,95.1
60623,2002,2002,2003,2,5.377,3241.5,602.845,1637.0,304.445,4050.0,753.208,980.0,182.258,3070.0,570.95,0.805,1.0,88.3
60623,2004,2004,2005,2,5.377,4044.0,752.092,2007.5,373.349,4892.0,909.801,1295.0,240.841,3597.0,668.96,0.791,1.0,87.4
60623,2006,2006,2007,2,5.377,4009.0,745.583,1877.5,349.172,4552.0,846.569,1359.0,252.743,3193.0,593.826,0.77,1.0,86.2
60623,2008,2008,2009,2,5.377,2998.0,557.56,1392.5,258.973,3392.0,630.835,1046.0,194.532,2346.0,436.303,0.764,1.0,85.9
60623,2010,2010,2011,2,5.377,3024.0,562.395,1404.5,261.205,3429.5,637.809,1062.5,197.601,2367.0,440.208,0.763,1.0,85.8
60623,2012,2012,2013,2,5.377,2925.5,544.077,1572.5,292.449,3897.5,724.847,1074.5,199.833,2823.0,525.014,0.784,1.0,87.0
60623,2014,2014,2015,2,5.377,2340.0,435.187,1500.5,279.059,3696.5,687.465,799.5,148.689,2897.0,538.776,0.822,1.0,89.3
60623,2016,2016,2017,2,5.377,2181.0,405.617,1430.0,265.948,3456.0,642.738,795.5,147.945,2660.5,494.793,0.813,1.0,88.8
60623,2018,2018,2019,2,5.377,2086.0,387.949,1401.5,260.647,3394.5,631.3,784.5,145.899,2610.0,485.401,0.812,1.0,88.7
60623,2020,2020,2021,2,5.377,2004.0,372.699,1369.5,254.696,3332.0,619.676,725.5,134.927,2606.5,484.75,0.821,1.0,89.3
60623,2022,2022,2023,2,5.377,1844.0,342.942,1301.5,242.049,3203.5,595.778,642.5,119.49,2561.0,476.288,0.833,1.0,90.0
60623,2024,2024,2025,2,5.377,1765.0,328.25,1263.5,234.982,3162.0,588.06,625.0,116.236,2537.0,471.824,0.835,1.0,90.1
60624,2002,2002,2003,2,3.547,1245.0,351.001,622.0,175.359,1619.5,456.583,444.0,125.176,1175.5,331.407,0.785,1.0,87.1
60624,2004,2004,2005,2,3.547,1616.0,455.596,810.5,228.503,2061.0,581.054,606.0,170.849,1455.0,410.206,0.773,1.0,86.4
60624,2006,2006,2007,2,3.547,1541.0,434.452,713.5,201.156,1754.0,494.502,633.5,178.602,1120.5,315.901,0.735,1.0,84.1
60624,2008,2008,2009,2,3.547,1156.0,325.909,530.0,149.422,1312.5,370.031,488.5,137.722,824.0,232.309,0.729,1.0,83.7
60624,2010,2010,2011,2,3.547,1188.0,334.931,559.0,157.598,1411.0,397.801,512.5,144.488,898.5,253.313,0.734,1.0,84.0
60624,2012,2012,2013,2,3.547,1102.5,310.826,599.5,169.016,1504.0,424.02,465.0,131.097,1039.0,292.924,0.764,1.0,85.8
60624,2014,2014,2015,2,3.547,893.0,251.762,562.5,158.585,1389.5,391.739,389.5,109.811,1000.0,281.928,0.781,1.0,86.9
60624,2016,2016,2017,2,3.547,870.0,245.278,564.5,159.149,1384.5,390.33,387.5,109.247,997.0,281.083,0.781,1.0,86.9
60624,2018,2018,2019,2,3.547,837.0,235.974,557.5,157.175,1375.5,387.793,347.5,97.97,1028.0,289.822,0.798,1.0,87.9
60624,2020,2020,2021,2,3.547,845.5,238.37,552.5,155.765,1377.5,388.356,372.5,105.018,1005.0,283.338,0.787,1.0,87.2
60624,2022,2022,2023,2,3.547,760.0,214.266,501.0,141.246,1264.0,356.357,324.0,91.345,940.0,265.013,0.796,1.0,87.8
60624,2024,2024,2025,2,3.547,737.5,207.922,504.5,142.233,1287.5,362.983,296.0,83.451,991.5,279.532,0.813,1.0,88.8
60625,2002,2002,2003,2,3.763,2976.5,790.991,1881.0,499.867,4855.5,1290.327,486.5,129.285,4369.0,1161.042,0.909,1.0,94.5
60625,2004,2004,2005,2,3.763,3448.5,916.423,2141.0,568.961,5455.5,1449.774,539.5,143.37,4916.0,1306.404,0.91,1.0,94.6
60625,2006,2006,2007,2,3.763,3153.0,837.895,1892.5,502.923,4838.5,1285.809,504.5,134.069,4334.0,1151.741,0.906,1.0,94.3
60625,2008,2008,2009,2,3.763,2528.0,671.804,1472.0,391.177,3762.0,999.734,382.5,101.648,3379.5,898.087,0.908,1.0,94.5
60625,2010,2010,2011,2,3.763,2500.5,664.496,1469.0,390.38,3773.5,1002.79,359.5,95.535,3414.0,907.255,0.913,1.0,94.8
60625,2012,2012,2013,2,3.763,2491.5,662.105,1541.5,409.647,3973.5,1055.939,399.0,106.032,3574.5,949.907,0.909,1.0,94.5
60625,2014,2014,2015,2,3.763,2188.0,581.451,1570.0,417.22,4059.5,1078.794,309.0,82.115,3750.5,996.678,0.929,1.0,95.8
60625,2016,2016,2017,2,3.763,2110.5,560.856,1560.5,414.696,4018.5,1067.898,286.0,76.003,3732.5,991.895,0.934,1.0,96.0
60625,2018,2018,2019,2,3.763,2038.5,541.722,1538.5,408.849,3985.0,1058.995,272.0,72.283,3713.0,986.713,0.936,1.0,96.2
60625,2020,2020,2021,2,3.763,1990.0,528.833,1547.5,411.241,4045.5,1075.073,252.0,66.968,3793.5,1008.105,0.941,1.0,96.5
60625,2022,2022,2023,2,3.763,1901.0,505.182,1493.0,396.758,3902.5,1037.071,231.0,61.387,3671.5,975.684,0.944,1.0,96.6
60625,2024,2024,2025,2,3.763,1826.0,485.251,1442.0,383.205,3838.0,1019.931,231.5,61.52,3606.5,958.411,0.943,1.0,96.6
60626,2002,2002,2003,2,1.716,1517.5,884.324,924.5,538.753,2365.5,1378.497,302.5,176.282,2063.0,1202.214,0.887,1.0,93.2
60626,2004,2004,2005,2,1.716,1819.5,1060.315,1039.0,605.478,2660.0,1550.117,383.5,223.485,2276.5,1326.632,0.874,1.0,92.4
60626,2006,2006,2007,2,1.716,1659.0,966.783,913.0,532.051,2384.5,1389.569,348.5,203.089,2036.0,1186.48,0.872,1.0,92.3
60626,2008,2008,2009,2,1.716,1298.5,756.702,738.0,430.07,1943.0,1132.284,253.0,147.436,1690.0,984.848,0.885,1.0,93.1
60626,2010,2010,2011,2,1.716,1367.5,796.911,766.5,446.678,2003.0,1167.249,253.5,147.727,1749.5,1019.522,0.888,1.0,93.3
60626,2012,2012,2013,2,1.716,1322.0,770.396,805.0,469.114,2092.0,1219.114,263.5,153.555,1828.5,1065.559,0.888,1.0,93.3
60626,2014,2014,2015,2,1.716,1153.0,671.911,820.0,477.855,2157.5,1257.284,179.0,104.312,1978.5,1152.972,0.923,1.0,95.4
60626,2016,2016,2017,2,1.716,1129.0,657.925,841.0,490.093,2203.5,1284.091,172.5,100.524,2031.0,1183.566,0.927,1.0,95.6
60626,2018,2018,2019,2,1.716,1101.5,641.9,836.5,487.471,2215.5,1291.084,184.5,107.517,2031.0,1183.566,0.923,1.0,95.4
60626,2020,2020,2021,2,1.716,1047.5,610.431,811.5,472.902,2174.5,1267.191,180.0,104.895,1994.5,1162.296,0.924,1.0,95.4
60626,2022,2022,2023,2,1.716,962.0,560.606,741.5,432.11,1982.5,1155.303,154.0,89.744,1828.5,1065.559,0.928,1.0,95.7
60626,2024,2024,2025,2,1.716,912.5,531.76,717.5,418.124,1926.0,1122.378,137.5,80.128,1788.5,1042.249,0.933,1.0,96.0
60628,2002,2002,2003,2,10.978,2209.0,201.221,1116.5,101.703,2801.5,255.192,753.0,68.592,2048.5,186.6,0.788,1.0,87.3
60628,2004,2004,2005,2,10.978,2593.0,236.2,1313.0,119.603,3265.0,297.413,931.0,84.806,2334.0,212.607,0.778,1.0,86.7
60628,2006,2006,2007,2,10.978,2406.5,219.211,1222.5,111.359,3025.0,275.551,881.5,80.297,2143.5,195.254,0.774,1.0,86.5
60628,2008,2008,2009,2,10.978,1898.5,172.937,950.5,86.582,2335.5,212.744,663.5,60.439,1672.0,152.305,0.779,1.0,86.7
60628,2010,2010,2011,2,10.978,1849.5,168.473,946.5,86.218,2367.0,215.613,655.5,59.71,1711.5,155.903,0.783,1.0,87.0
60628,2012,2012,2013,2,10.978,1664.0,151.576,949.0,86.446,2393.0,217.981,599.5,54.609,1793.5,163.372,0.8,1.0,88.0
60628,2014,2014,2015,2,10.978,1330.5,121.197,919.0,83.713,2311.5,210.557,406.0,36.983,1905.5,173.574,0.851,1.0,91.0
60628,2016,2016,2017,2,10.978,1238.5,112.817,858.5,78.202,2121.0,193.205,403.5,36.755,1717.5,156.449,0.84,1.0,90.4
60628,2018,2018,2019,2,10.978,1214.5,110.63,859.0,78.247,2119.0,193.022,384.5,35.025,1734.5,157.998,0.846,1.0,90.8
60628,2020,2020,2021,2,10.978,1206.0,109.856,849.5,77.382,2094.0,190.745,371.5,33.84,1722.5,156.905,0.849,1.0,91.0
60628,2022,2022,2023,2,10.978,1085.0,98.834,767.0,69.867,1879.5,171.206,346.5,31.563,1533.0,139.643,0.844,1.0,90.7
60628,2024,2024,2025,2,10.978,995.0,90.636,726.5,66.178,1812.5,165.103,308.0,28.056,1504.5,137.047,0.855,1.0,91.3
60629,2002,2002,2003,2,7.048,2410.5,342.012,1416.5,200.979,3614.5,512.841,434.5,61.649,3180.0,451.192,0.893,1.0,93.6
60629,2004,2004,2005,2,7.048,2822.0,400.397,1596.0,226.447,3999.0,567.395,532.5,75.553,3466.5,491.842,0.882,1.0,92.9
60629,2006,2006,2007,2,7.048,2712.5,384.861,1460.0,207.151,3635.5,515.82,530.5,75.27,3105.0,440.551,0.873,1.0,92.4
60629,2008,2008,2009,2,7.048,2107.5,299.021,1084.5,153.873,2705.5,383.868,412.5,58.527,2293.0,325.341,0.868,1.0,92.1
60629,2010,2010,2011,2,7.048,2060.0,292.281,1063.5,150.894,2627.5,372.801,437.0,62.003,2190.5,310.797,0.857,1.0,91.4
60629,2012,2012,2013,2,7.048,2046.0,290.295,1159.5,164.515,2892.5,410.4,466.0,66.118,2426.5,344.282,0.861,1.0,91.7
60629,2014,2014,2015,2,7.048,1727.0,245.034,1215.0,172.389,3058.5,433.953,345.5,49.021,2713.0,384.932,0.899,1.0,93.9
60629,2016,2016,2017,2,7.048,1676.0,237.798,1226.0,173.95,3096.0,439.274,347.0,49.234,2749.0,390.04,0.899,1.0,94.0
60629,2018,2018,2019,2,7.048,1661.5,235.741,1244.0,176.504,3146.5,446.439,338.5,48.028,2808.0,398.411,0.903,1.0,94.2
60629,2020,2020,2021,2,7.048,1627.0,230.846,1227.5,174.163,3131.0,444.24,315.5,44.764,2815.5,399.475,0.908,1.0,94.5
60629,2022,2022,2023,2,7.048,1531.5,217.296,1148.0,162.883,2936.5,416.643,295.0,41.856,2641.5,374.787,0.909,1.0,94.5
60629,2024,2024,2025,2,7.048,1484.5,210.627,1148.5,162.954,2966.5,420.9,279.0,39.586,2687.5,381.314,0.914,1.0,94.8
60630,2002,2002,2003,2,4.741,2217.5,467.728,1067.0,225.058,2708.0,571.188,713.5,150.496,1994.5,420.692,0.791,1.0,87.5
60630,2004,2004,2005,2,4.741,2805.0,591.647,1294.0,272.938,3220.0,679.182,919.0,193.841,2301.0,485.341,0.778,1.0,86.7
60630,2006,2006,2007,2,4.741,3129.5,660.093,1417.0,298.882,3567.0,752.373,1058.0,223.16,2509.0,529.213,0.771,1.0,86.3
60630,2008,2008,2009,2,4.741,1986.0,418.899,908.5,191.626,2283.0,481.544,658.5,138.895,1624.5,342.649,0.776,1.0,86.6
60630,2010,2010,2011,2,4.741,1936.5,408.458,891.0,187.935,2249.5,474.478,641.5,135.309,1608.0,339.169,0.778,1.0,86.7
60630,2012,2012,2013,2,4.741,1905.5,401.919,916.0,193.208,2282.0,481.333,641.5,135.309,1640.5,346.024,0.781,1.0,86.8
60630,2014,2014,2015,2,4.741,1653.0,348.661,943.0,198.903,2330.5,491.563,503.0,106.096,1827.5,385.467,0.822,1.0,89.3
60630,2016,2016,2017,2,4.741,1575.0,332.208,948.0,199.958,2327.5,490.93,479.5,101.139,1848.0,389.791,0.829,1.0,89.8
60630,2018,2018,2019,2,4.741,1505.0,317.444,950.0,200.38,2334.0,492.301,456.5,96.288,1877.5,396.013,0.836,1.0,90.2
60630,2020,2020,2021,2,4.741,1505.0,317.444,988.0,208.395,2468.0,520.565,453.5,95.655,2014.5,424.91,0.845,1.0,90.7
60630,2022,2022,2023,2,4.741,1395.0,294.242,937.5,197.743,2345.5,494.727,423.5,89.327,1922.0,405.4,0.847,1.0,90.8
60630,2024,2024,2025,2,4.741,1318.0,278.0,920.0,194.052,2312.0,487.661,395.5,83.421,1916.5,404.24,0.854,1.0,91.2
60631,2002,2002,2003,2,3.746,1147.5,306.327,492.5,131.474,1241.0,331.287,232.5,62.066,1008.5,269.221,0.842,1.0,90.5
60631,2004,2004,2005,2,3.746,1471.5,392.819,628.0,167.645,1560.0,416.444,284.0,75.814,1276.0,340.63,0.846,1.0,90.8
60631,2006,2006,2007,2,3.746,1387.0,370.262,588.5,157.101,1472.0,392.952,268.5,71.676,1203.5,321.276,0.846,1.0,90.7
60631,2008,2008,2009,2,3.746,1087.5,290.31,459.0,122.531,1147.5,306.327,205.5,54.859,942.0,251.468,0.848,1.0,90.9
60631,2010,2010,2011,2,3.746,1055.0,281.634,460.5,122.931,1150.0,306.994,207.5,55.392,942.5,251.602,0.847,1.0,90.8
60631,2012,2012,2013,2,3.746,1042.0,278.163,480.5,128.27,1190.0,317.672,267.0,71.276,923.0,246.396,0.817,1.0,89.0
60631,2014,2014,2015,2,3.746,885.5,236.385,484.5,129.338,1187.0,316.871,188.5,50.32,998.5,266.551,0.863,1.0,91.8
60631,2016,2016,2017,2,3.746,832.0,222.104,488.5,130.406,1173.0,313.134,190.5,50.854,982.5,262.28,0.86,1.0,91.6
60631,2018,2018,2019,2,3.746,799.5,213.428,501.0,133.743,1194.0,318.74,170.0,45.382,1024.0,273.358,0.875,1.0,92.5
60631,2020,2020,2021,2,3.746,804.0,214.629,531.5,141.885,1274.0,340.096,142.0,37.907,1132.0,302.189,0.9,1.0,94.0
60631,2022,2022,2023,2,3.746,733.5,195.809,497.5,132.808,1197.5,319.674,122.5,32.702,1075.0,286.973,0.907,1.0,94.4
60631,2024,2024,2025,2,3.746,693.5,185.131,499.0,133.209,1195.5,319.14,121.0,32.301,1074.5,286.839,0.908,1.0,94.5
60632,2002,2002,2003,2,7.449,3260.5,437.71,1641.0,220.298,4184.0,561.686,1349.5,181.165,2834.5,380.521,0.756,1.0,85.4
60632,2004,2004,2005,2,7.449,4071.0,546.516,2024.0,271.714,5027.0,674.856,1763.5,236.743,3263.5,438.112,0.74,1.0,84.4
60632,2006,2006,2007,2,7.449,4013.0,538.73,1918.5,257.551,4737.5,635.991,1793.5,240.771,2944.0,395.221,0.725,1.0,83.5
60632,2008,2008,2009,2,7.449,3172.5,425.896,1434.5,192.576,3530.0,473.889,1452.5,194.993,2077.5,278.896,0.708,1.0,82.5
60632,2010,2010,2011,2,7.449,3150.0,422.876,1417.5,190.294,3504.0,470.399,1463.0,196.402,2041.0,273.997,0.705,1.0,82.3
60632,2012,2012,2013,2,7.449,2969.5,398.644,1485.0,199.356,3697.0,496.308,1405.0,188.616,2292.0,307.692,0.725,1.0,83.5
60632,2014,2014,2015,2,7.449,2538.5,340.784,1538.5,206.538,3830.0,514.163,1146.0,153.846,2684.0,360.317,0.77,1.0,86.2
60632,2016,2016,2017,2,7.449,2508.5,336.757,1574.5,211.371,3920.5,526.312,1150.0,154.383,2770.5,371.929,0.773,1.0,86.4
60632,2018,2018,2019,2,7.449,2482.5,333.266,1587.5,213.116,3931.5,527.789,1153.5,154.853,2778.0,372.936,0.773,1.0,86.4
60632,2020,2020,2021,2,7.449,2372.5,318.499,1554.0,208.619,3854.5,517.452,1109.5,148.946,2745.0,368.506,0.776,1.0,86.6
60632,2022,2022,2023,2,7.449,2202.0,295.61,1446.5,194.187,3613.5,485.099,1049.0,140.824,2564.5,344.274,0.775,1.0,86.5
60632,2024,2024,2025,2,7.449,2180.0,292.657,1482.0,198.953,3735.0,501.41,999.5,134.179,2735.5,367.231,0.789,1.0,87.3
60633,2002,2002,2003,2,9.748,354.5,36.366,192.5,19.748,518.5,53.19,130.5,13.387,388.0,39.803,0.799,0.931,85.2
60633,2004,2004,2005,2,9.748,410.0,42.06,196.5,20.158,530.5,54.421,194.5,19.953,336.0,34.469,0.732,0.937,81.4
60633,2006,2006,2007,2,9.748,380.5,39.034,158.0,16.208,426.0,43.701,212.5,21.799,213.5,21.902,0.667,0.873,75.0
60633,2008,2008,2009,2,9.748,282.0,28.929,112.5,11.541,294.0,30.16,180.5,18.517,113.5,11.643,0.62,0.776,68.2
60633,2010,2010,2011,2,9.748,271.0,27.801,104.0,10.669,272.5,27.954,171.5,17.593,101.0,10.361,0.614,0.754,67.0
60633,2012,2012,2013,2,9.748,246.5,25.287,97.0,9.951,254.0,26.057,169.5,17.388,84.5,8.668,0.6,0.735,65.4
60633,2014,2014,2015,2,9.748,188.0,19.286,93.5,9.592,243.0,24.928,126.0,12.926,117.0,12.002,0.659,0.724,68.5
60633,2016,2016,2017,2,9.748,174.0,17.85,95.0,9.746,246.0,25.236,110.5,11.336,135.5,13.9,0.69,0.729,70.6
60633,2018,2018,2019,2,9.748,165.0,16.927,90.0,9.233,232.0,23.8,110.5,11.336,121.5,12.464,0.677,0.714,69.2
60633,2020,2020,2021,2,9.748,160.0,16.414,85.0,8.72,223.0,22.876,111.5,11.438,111.5,11.438,0.667,0.698,67.9
60633,2022,2022,2023,2,9.748,152.5,15.644,83.0,8.515,212.0,21.748,108.0,11.079,104.0,10.669,0.662,0.691,67.4
60633,2024,2024,2025,2,9.748,141.0,14.465,79.0,8.104,195.5,20.055,98.0,10.053,97.5,10.002,0.666,0.678,67.1
60634,2002,2002,2003,2,7.109,2688.5,378.183,1483.0,208.609,3686.5,518.568,531.0,74.694,3155.5,443.874,0.874,1.0,92.4
60634,2004,2004,2005,2,7.109,3253.5,457.659,1747.0,245.745,4324.0,608.243,656.5,92.348,3667.5,515.895,0.868,1.0,92.1
60634,2006,2006,2007,2,7.109,3024.5,425.447,1570.5,220.917,3868.0,544.099,640.5,90.097,3227.5,454.002,0.858,1.0,91.5
60634,2008,2008,2009,2,7.109,2194.0,308.623,1180.5,166.057,2906.0,408.778,505.5,71.107,2400.5,337.671,0.852,1.0,91.1
60634,2010,2010,2011,2,7.109,2092.0,294.275,1148.5,161.556,2842.5,399.845,491.0,69.067,2351.5,330.778,0.853,1.0,91.2
60634,2012,2012,2013,2,7.109,2059.5,289.703,1151.0,161.907,2878.0,404.839,514.0,72.303,2364.0,332.536,0.848,1.0,90.9
60634,2014,2014,2015,2,7.109,1783.5,250.879,1167.0,164.158,2929.0,412.013,390.0,54.86,2539.0,357.153,0.882,1.0,92.9
60634,2016,2016,2017,2,7.109,1768.5,248.769,1197.0,168.378,3009.5,423.337,386.5,54.368,2623.0,368.969,0.886,1.0,93.2
60634,2018,2018,2019,2,7.109,1703.5,239.626,1184.0,166.549,2994.5,421.227,394.0,55.423,2600.5,365.804,0.884,1.0,93.0
60634,2020,2020,2021,2,7.109,1658.0,233.225,1204.5,169.433,3053.5,429.526,371.0,52.187,2682.5,377.339,0.892,1.0,93.5
60634,2022,2022,2023,2,7.109,1536.5,216.134,1151.0,161.907,2910.0,409.34,327.0,45.998,2583.0,363.342,0.899,1.0,93.9
60634,2024,2024,2025,2,7.109,1483.0,208.609,1120.5,157.617,2867.0,403.292,320.0,45.013,2547.0,358.278,0.9,1.0,94.0
60635,2002,2002,2003,2,,4.5,,1.5,,4.5,,0.0,,4.5,,1.0,0.0,60.0
60635,2004,2004,2005,2,,6.0,,2.0,,6.0,,0.0,,6.0,,1.0,0.0,60.0
60635,2006,2006,2007,2,,5.5,,2.0,,6.0,,0.0,,6.0,,1.0,0.0,60.0
60635,2008,2008,2009,2,,3.0,,1.5,,4.5,,0.0,,4.5,,1.0,0.0,60.0
60635,2010,2010,2011,2,,3.0,,1.5,,4.5,,0.0,,4.5,,1.0,0.0,60.0
60635,2012,2012,2013,2,,3.0,,1.5,,4.5,,0.0,,4.5,,1.0,0.0,60.0
60635,2014,2014,2015,2,,2.5,,1.0,,3.0,,0.0,,3.0,,1.0,0.0,60.0
60635,2016,2016,2017,1,,2.0,,0.0,,0.0,,0.0,,0.0,,0.5,0.0,30.0
60635,2018,2018,2019,1,,1.0,,0.0,,0.0,,0.0,,0.0,,0.5,0.0,30.0
60635,2020,2020,2021,2,,1.5,,0.0,,0.0,,0.0,,0.0,,0.5,0.0,30.0
60635,2022,2022,2023,2,,2.0,,1.0,,3.0,,0.0,,3.0,,1.0,0.0,60.0
60635,2024,2024,2025,2,,1.5,,1.5,,4.5,,0.0,,4.5,,1.0,0.0,60.0
60636,2002,2002,2003,2,3.913,1380.5,352.798,709.0,181.191,1925.0,491.95,813.0,207.769,1112.0,284.181,0.703,1.0,82.2
60636,2004,2004,2005,2,3.913,1710.0,437.005,889.0,227.191,2420.5,618.579,972.5,248.531,1448.0,370.049,0.713,1.0,82.8
60636,2006,2006,2007,2,3.913,1670.0,426.783,867.5,221.697,2338.0,597.496,944.0,241.247,1394.0,356.248,0.712,1.0,82.7
60636,2008,2008,2009,2,3.913,1326.0,338.87,696.5,177.996,1875.5,479.3,764.0,195.247,1111.5,284.053,0.711,1.0,82.6
60636,2010,2010,2011,2,3.913,1332.5,340.532,706.5,180.552,1886.5,482.111,824.5,210.708,1062.0,271.403,0.696,1.0,81.8
60636,2012,2012,2013,2,3.913,1241.0,317.148,712.5,182.085,1880.0,480.45,820.5,209.686,1059.5,270.764,0.696,1.0,81.8
60636,2014,2014,2015,2,3.913,979.5,250.319,639.0,163.302,1678.0,428.827,619.5,158.318,1058.5,270.509,0.73,1.0,83.8
60636,2016,2016,2017,2,3.913,895.5,228.853,576.0,147.202,1498.5,382.954,593.5,151.674,905.0,231.28,0.716,1.0,83.0
60636,2018,2018,2019,2,3.913,853.5,218.119,539.5,137.874,1396.0,356.76,592.5,151.418,803.5,205.341,0.702,1.0,82.1
60636,2020,2020,2021,2,3.913,848.0,216.714,553.0,141.324,1443.5,368.899,572.0,146.179,871.5,222.719,0.716,1.0,83.0
60636,2022,2022,2023,2,3.913,766.5,195.886,505.0,129.057,1318.0,336.826,519.0,132.635,799.0,204.191,0.717,1.0,83.0
60636,2024,2024,2025,2,3.913,761.0,194.48,514.0,131.357,1352.0,345.515,495.5,126.629,856.5,218.886,0.732,1.0,83.9
60637,2002,2002,2003,2,4.528,1043.0,230.345,634.0,140.018,1653.5,365.172,200.5,44.28,1453.0,320.892,0.892,1.0,93.5
60637,2004,2004,2005,2,4.528,1315.5,290.526,793.5,175.243,2057.5,454.395,266.5,58.856,1791.0,395.539,0.885,1.0,93.1
60637,2006,2006,2007,2,4.528,1291.0,285.115,767.5,169.501,2016.0,445.23,269.0,59.408,1747.0,385.822,0.882,1.0,92.9
60637,2008,2008,2009,2,4.528,1038.5,229.351,613.5,135.49,1624.5,358.768,196.5,43.397,1428.0,315.371,0.892,1.0,93.5
60637,2010,2010,2011,2,4.528,1003.0,221.511,603.0,133.171,1616.5,357.001,192.0,42.403,1424.5,314.598,0.894,1.0,93.6
60637,2012,2012,2013,2,4.528,930.5,205.499,596.0,131.625,1599.5,353.246,184.0,40.636,1415.5,312.61,0.897,1.0,93.8
60637,2014,2014,2015,2,4.528,776.5,171.489,584.0,128.975,1563.5,345.296,132.0,29.152,1431.5,316.144,0.922,1.0,95.3
60637,2016,2016,2017,2,4.528,756.5,167.072,581.5,128.423,1516.5,334.916,120.5,26.612,1396.0,308.304,0.926,1.0,95.6
60637,2018,2018,2019,2,4.528,762.0,168.286,590.0,130.3,1560.0,344.523,118.5,26.17,1441.5,318.352,0.929,1.0,95.8
60637,2020,2020,2021,2,4.528,796.0,175.795,609.5,134.607,1632.0,360.424,122.5,27.054,1509.5,333.37,0.93,1.0,95.8
60637,2022,2022,2023,2,4.528,760.5,167.955,590.0,130.3,1570.5,346.842,118.0,26.06,1452.5,320.782,0.93,1.0,95.8
60637,2024,2024,2025,2,4.528,720.5,159.121,581.0,128.313,1549.5,342.204,112.0,24.735,1437.5,317.469,0.933,1.0,96.0
60638,2002,2002,2003,2,11.065,1654.5,149.526,894.0,80.795,2359.0,213.195,514.0,46.453,1845.0,166.742,0.821,1.0,89.3
60638,2004,2004,2005,2,11.065,2051.5,185.404,1049.0,94.803,2717.5,245.594,679.0,61.365,2038.5,184.23,0.8,1.0,88.0
60638,2006,2006,2007,2,11.065,2006.0,181.292,1001.0,90.465,2591.0,234.162,673.0,60.822,1918.0,173.339,0.794,1.0,87.6
60638,2008,2008,2009,2,11.065,1508.5,136.331,759.0,68.595,1962.5,177.361,486.5,43.967,1476.0,133.394,0.801,1.0,88.1
60638,2010,2010,2011,2,11.065,1499.5,135.517,755.5,68.278,1957.5,176.909,496.5,44.871,1461.0,132.038,0.798,1.0,87.9
60638,2012,2012,2013,2,11.065,1499.0,135.472,796.5,71.984,2077.5,187.754,583.0,52.689,1494.5,135.066,0.781,1.0,86.9
60638,2014,2014,2015,2,11.065,1262.0,114.053,768.0,69.408,1984.0,179.304,472.5,42.702,1511.5,136.602,0.808,1.0,88.5
60638,2016,2016,2017,2,11.065,1248.5,112.833,804.0,72.662,2071.0,187.167,460.0,41.573,1611.0,145.594,0.818,1.0,89.1
60638,2018,2018,2019,2,11.065,1237.0,111.794,843.5,76.231,2203.0,199.096,439.0,39.675,1764.0,159.422,0.834,1.0,90.0
60638,2020,2020,2021,2,11.065,1185.5,107.14,832.5,75.237,2174.0,196.475,426.5,38.545,1747.5,157.93,0.836,1.0,90.2
60638,2022,2022,2023,2,11.065,1152.5,104.157,809.0,73.113,2114.5,191.098,422.5,38.183,1692.0,152.915,0.833,1.0,90.0
60638,2024,2024,2025,2,11.065,1105.0,99.864,793.0,71.667,2085.0,188.432,398.5,36.014,1686.5,152.418,0.84,1.0,90.4
60639,2002,2002,2003,2,4.962,3913.0,788.593,1867.0,376.26,4701.0,947.4,1656.5,333.837,3044.5,613.563,0.739,1.0,84.4
60639,2004,2004,2005,2,4.962,5068.5,1021.463,2329.5,469.468,5716.5,1152.056,2191.0,441.556,3525.5,710.5,0.723,1.0,83.4
60639,2006,2006,2007,2,4.962,5045.5,1016.828,2264.5,456.368,5519.5,1112.354,2281.5,459.794,3238.0,652.559,0.708,1.0,82.5
60639,2008,2008,2009,2,4.962,3911.0,788.19,1731.5,348.952,4232.0,852.882,1764.5,355.603,2467.5,497.279,0.706,1.0,82.3
60639,2010,2010,2011,2,4.962,3825.5,770.959,1714.5,345.526,4192.5,844.921,1818.0,366.385,2374.5,478.537,0.698,1.0,81.9
60639,2012,2012,2013,2,4.962,3492.5,703.849,1714.5,345.526,4236.5,853.789,1740.0,350.665,2496.5,503.124,0.709,1.0,82.5
60639,2014,2014,2015,2,4.962,2939.0,592.301,1789.0,360.54,4369.5,880.593,1309.5,263.906,3060.0,616.687,0.769,1.0,86.2
60639,2016,2016,2017,2,4.962,2852.5,574.869,1785.5,359.835,4345.5,875.756,1319.5,265.921,3026.0,609.835,0.767,1.0,86.0
60639,2018,2018,2019,2,4.962,2798.0,563.886,1810.5,364.873,4405.5,887.848,1337.5,269.549,3068.0,618.299,0.767,1.0,86.0
60639,2020,2020,2021,2,4.962,2720.0,548.166,1833.5,369.508,4499.5,906.792,1273.0,256.55,3226.5,650.242,0.779,1.0,86.8
60639,2022,2022,2023,2,4.962,2597.0,523.378,1785.5,359.835,4414.5,889.661,1176.5,237.102,3238.0,652.559,0.79,1.0,87.4
60639,2024,2024,2025,2,4.962,2494.0,502.62,1745.5,351.773,4350.0,876.663,1084.0,218.46,3266.0,658.202,0.801,1.0,88.0
60640,2002,2002,2003,2,2.361,2781.5,1178.102,1662.5,704.151,4137.0,1752.224,514.0,217.704,3623.0,1534.519,0.889,1.0,93.4
60640,2004,2004,2005,2,2.361,3459.0,1465.057,1974.0,836.086,4902.0,2076.239,666.5,282.296,4235.5,1793.943,0.88,1.0,92.8
60640,2006,2006,2007,2,2.361,3191.0,1351.546,1741.5,737.611,4371.5,1851.546,661.5,280.178,3710.0,1571.368,0.869,1.0,92.1
60640,2008,2008,2009,2,2.361,2512.5,1064.168,1372.5,581.321,3444.5,1458.916,498.5,211.139,2946.0,1247.776,0.874,1.0,92.4
60640,2010,2010,2011,2,2.361,2526.5,1070.097,1389.0,588.31,3500.5,1482.634,497.5,210.716,3003.0,1271.919,0.876,1.0,92.5
60640,2012,2012,2013,2,2.361,2519.0,1066.921,1481.5,627.488,3735.0,1581.957,458.5,194.197,3276.5,1387.759,0.891,1.0,93.4
60640,2014,2014,2015,2,2.361,2209.5,935.832,1538.5,651.631,3877.0,1642.101,358.5,151.842,3518.5,1490.258,0.915,1.0,94.9
60640,2016,2016,2017,2,2.361,2121.5,898.56,1564.5,662.643,3954.0,1674.714,338.0,143.16,3616.0,1531.554,0.921,1.0,95.3
60640,2018,2018,2019,2,2.361,2061.0,872.935,1552.5,657.56,3963.0,1678.526,303.5,128.547,3659.5,1549.979,0.929,1.0,95.7
60640,2020,2020,2021,2,2.361,1994.0,844.557,1547.5,655.443,3998.5,1693.562,257.5,109.064,3741.0,1584.498,0.939,1.0,96.4
60640,2022,2022,2023,2,2.361,1892.5,801.567,1490.5,631.3,3866.0,1637.442,221.0,93.604,3645.0,1543.837,0.946,1.0,96.8
60640,2024,2024,2025,2,2.361,1836.5,777.848,1493.0,632.359,3887.5,1646.548,190.0,80.474,3697.5,1566.074,0.953,1.0,97.2
60641,2002,2002,2003,2,4.027,2989.0,742.24,1360.5,337.845,3405.5,845.667,1187.5,294.885,2218.0,550.782,0.741,1.0,84.5
60641,2004,2004,2005,2,4.027,3758.0,933.201,1699.0,421.902,4213.0,1046.188,1437.0,356.841,2776.0,689.347,0.746,1.0,84.7
60641,2006,2006,2007,2,4.027,3546.5,880.68,1535.5,381.301,3802.5,944.251,1379.5,342.563,2423.0,601.689,0.734,1.0,84.0
60641,2008,2008,2009,2,4.027,2639.5,655.451,1129.0,280.358,2801.0,695.555,1067.0,264.962,1734.0,430.593,0.724,1.0,83.4
60641,2010,2010,2011,2,4.027,2530.0,628.259,1096.0,272.163,2733.5,678.793,1045.0,259.498,1688.5,419.295,0.723,1.0,83.4
60641,2012,2012,2013,2,4.027,2483.5,616.712,1121.0,278.371,2821.5,700.646,1091.5,271.045,1730.0,429.6,0.721,1.0,83.3
60641,2014,2014,2015,2,4.027,2116.0,525.453,1157.5,287.435,2885.5,716.538,817.5,203.005,2068.0,513.534,0.779,1.0,86.8
60641,2016,2016,2017,2,4.027,2004.0,497.641,1165.5,289.421,2882.5,715.793,811.0,201.391,2071.5,514.403,0.78,1.0,86.8
60641,2018,2018,2019,2,4.027,1903.5,472.684,1149.0,285.324,2848.5,707.35,816.5,202.756,2032.0,504.594,0.777,1.0,86.6
60641,2020,2020,2021,2,4.027,1783.0,442.761,1130.0,280.606,2824.5,701.391,774.0,192.203,2050.5,509.188,0.785,1.0,87.1
60641,2022,2022,2023,2,4.027,1740.5,432.208,1108.0,275.143,2788.5,692.451,743.0,184.505,2045.5,507.946,0.79,1.0,87.4
60641,2024,2024,2025,2,4.027,1728.5,429.228,1124.0,279.116,2847.0,706.978,718.0,178.296,2129.0,528.681,0.799,1.0,87.9
60642,2002,2002,2003,2,1.668,972.0,582.734,486.0,291.367,1310.5,785.671,232.0,139.089,1078.5,646.583,0.85,1.0,91.0
60642,2004,2004,2005,2,1.668,1269.5,761.091,601.5,360.612,1593.0,955.036,286.5,171.763,1306.5,783.273,0.848,1.0,90.9
60642,2006,2006,2007,2,1.668,1268.5,760.492,588.5,352.818,1551.5,930.156,287.0,172.062,1264.5,758.094,0.844,1.0,90.6
60642,2008,2008,2009,2,1.668,1146.5,687.35,526.5,315.647,1382.0,828.537,247.5,148.381,1134.5,680.156,0.848,1.0,90.9
60642,2010,2010,2011,2,1.668,1389.5,833.034,645.5,386.99,1692.0,1014.388,347.0,208.034,1345.0,806.355,0.83,1.0,89.8
60642,2012,2012,2013,2,1.668,1570.0,941.247,754.5,452.338,1955.0,1172.062,566.0,339.329,1389.0,832.734,0.775,1.0,86.5
60642,2014,2014,2015,2,1.668,1487.0,891.487,864.0,517.986,2182.5,1308.453,497.0,297.962,1685.5,1010.492,0.815,1.0,88.9
60642,2016,2016,2017,2,1.668,1480.0,887.29,920.5,551.859,2259.0,1354.317,525.0,314.748,1734.0,1039.568,0.811,1.0,88.7
60642,2018,2018,2019,2,1.668,1440.5,863.609,944.0,565.947,2313.5,1386.99,447.0,267.986,1866.5,1119.005,0.838,1.0,90.3
60642,2020,2020,2021,2,1.668,1428.0,856.115,1001.5,600.42,2517.5,1509.293,384.5,230.516,2133.0,1278.777,0.868,1.0,92.1
60642,2022,2022,2023,2,1.668,1286.5,771.283,934.5,560.252,2404.5,1441.547,302.0,181.055,2102.5,1260.492,0.888,1.0,93.3
60642,2024,2024,2025,2,1.668,1261.0,755.995,936.5,561.451,2449.5,1468.525,244.5,146.583,2205.0,1321.942,0.909,1.0,94.6
60643,2002,2002,2003,2,7.356,1444.5,196.37,732.0,99.511,1777.5,241.639,287.5,39.084,1490.0,202.556,0.861,1.0,91.6
60643,2004,2004,2005,2,7.356,1790.0,243.339,903.5,122.825,2176.0,295.813,377.5,51.319,1798.5,244.494,0.852,1.0,91.1
60643,2006,2006,2007,2,7.356,1749.5,237.833,878.0,119.358,2157.0,293.23,392.5,53.358,1764.5,239.872,0.846,1.0,90.8
60643,2008,2008,2009,2,7.356,1349.5,183.456,686.0,93.257,1687.5,229.405,294.0,39.967,1393.5,189.437,0.852,1.0,91.1
60643,2010,2010,2011,2,7.356,1302.5,177.066,686.5,93.325,1694.0,230.288,285.5,38.812,1408.5,191.476,0.856,1.0,91.3
60643,2012,2012,2013,2,7.356,1299.5,176.659,731.0,99.375,1789.5,243.271,286.5,38.948,1503.0,204.323,0.862,1.0,91.7
60643,2014,2014,2015,2,7.356,1137.5,154.636,747.0,101.55,1803.0,245.106,218.5,29.704,1584.5,215.402,0.892,1.0,93.5
60643,2016,2016,2017,2,7.356,1068.0,145.188,739.5,100.53,1791.0,243.475,202.0,27.461,1589.0,216.014,0.899,1.0,93.9
60643,2018,2018,2019,2,7.356,1034.0,140.566,739.0,100.462,1774.5,241.232,172.0,23.382,1602.5,217.849,0.912,1.0,94.7
60643,2020,2020,2021,2,7.356,1030.0,140.022,759.0,103.181,1829.0,248.641,155.0,21.071,1674.0,227.569,0.922,1.0,95.3
60643,2022,2022,2023,2,7.356,1019.5,138.594,760.5,103.385,1840.5,250.204,158.0,21.479,1682.5,228.725,0.921,1.0,95.3
60643,2024,2024,2025,2,7.356,952.5,129.486,730.5,99.307,1820.5,247.485,148.0,20.12,1672.5,227.365,0.925,1.0,95.5
60644,2002,2002,2003,2,3.511,1259.5,358.73,634.0,180.575,1633.5,465.252,484.5,137.995,1149.0,327.257,0.771,1.0,86.3
60644,2004,2004,2005,2,3.511,1795.0,511.25,825.5,235.118,2096.5,597.123,773.0,220.165,1323.5,376.958,0.731,1.0,83.8
60644,2006,2006,2007,2,3.511,1527.0,434.919,701.0,199.658,1792.0,510.396,684.0,194.816,1108.0,315.58,0.724,1.0,83.4
60644,2008,2008,2009,2,3.511,1260.0,358.872,560.5,159.641,1434.0,408.431,588.0,167.474,846.0,240.957,0.709,1.0,82.6
60644,2010,2010,2011,2,3.511,1225.0,348.903,576.0,164.056,1492.0,424.95,592.0,168.613,900.0,256.337,0.716,1.0,83.0
60644,2012,2012,2013,2,3.511,1167.5,332.526,602.0,171.461,1553.0,442.324,596.0,169.752,957.0,272.572,0.723,1.0,83.4
60644,2014,2014,2015,2,3.511,960.0,273.426,606.5,172.743,1551.5,441.897,456.0,129.878,1095.5,312.019,0.773,1.0,86.4
60644,2016,2016,2017,2,3.511,945.5,269.296,611.5,174.167,1545.5,440.188,477.5,136.001,1068.0,304.187,0.764,1.0,85.8
60644,2018,2018,2019,2,3.511,908.5,258.758,567.5,161.635,1414.5,402.877,529.0,150.669,885.5,252.207,0.728,1.0,83.7
60644,2020,2020,2021,2,3.511,914.0,260.325,572.5,163.059,1436.0,409.0,491.0,139.846,945.0,269.154,0.745,1.0,84.7
60644,2022,2022,2023,2,3.511,879.5,250.498,555.0,158.075,1416.0,403.304,457.0,130.162,959.0,273.142,0.756,1.0,85.4
60644,2024,2024,2025,2,3.511,775.5,220.877,507.0,144.403,1312.5,373.825,420.5,119.766,892.0,254.059,0.757,1.0,85.4
60645,2002,2002,2003,2,2.226,832.0,373.765,473.0,212.489,1211.0,544.025,179.5,80.638,1031.5,463.387,0.871,1.0,92.3
60645,2004,2004,2005,2,2.226,1024.5,460.243,563.5,253.145,1413.0,634.771,228.0,102.426,1185.0,532.345,0.861,1.0,91.7
60645,2006,2006,2007,2,2.226,950.5,426.999,509.0,228.661,1290.0,579.515,208.5,93.666,1081.5,485.849,0.861,1.0,91.7
60645,2008,2008,2009,2,2.226,766.0,344.115,386.5,173.63,968.5,435.085,194.0,87.152,774.5,347.934,0.833,1.0,90.0
60645,2010,2010,2011,2,2.226,737.5,331.312,374.5,168.239,939.5,422.058,181.0,81.312,758.5,340.746,0.838,1.0,90.3
60645,2012,2012,2013,2,2.226,726.0,326.146,392.0,176.101,994.0,446.541,164.0,73.675,830.0,372.866,0.858,1.0,91.5
60645,2014,2014,2015,2,2.226,611.0,274.483,402.0,180.593,1028.5,462.04,111.5,50.09,917.0,411.95,0.902,1.0,94.1
60645,2016,2016,2017,2,2.226,585.0,262.803,387.5,174.079,997.5,448.113,114.0,51.213,883.5,396.9,0.897,1.0,93.8
60645,2018,2018,2019,2,2.226,563.5,253.145,380.5,170.934,975.0,438.005,113.0,50.764,862.0,387.242,0.896,1.0,93.8
60645,2020,2020,2021,2,2.226,548.0,246.181,381.0,171.159,987.5,443.621,102.5,46.047,885.0,397.574,0.906,1.0,94.4
60645,2022,2022,2023,2,2.226,487.0,218.778,336.5,151.168,886.0,398.023,94.5,42.453,791.5,355.571,0.904,1.0,94.2
60645,2024,2024,2025,2,2.226,463.5,208.221,334.0,150.045,883.0,396.676,79.5,35.714,803.5,360.961,0.917,1.0,95.0
60646,2002,2002,2003,2,4.438,1076.5,242.564,471.0,106.129,1175.0,264.759,264.5,59.599,910.5,205.16,0.816,1.0,89.0
60646,2004,2004,2005,2,4.438,1312.0,295.629,588.0,132.492,1424.5,320.978,327.5,73.795,1097.0,247.183,0.813,1.0,88.8
60646,2006,2006,2007,2,4.438,1239.5,279.292,547.5,123.366,1300.0,292.925,310.5,69.964,989.5,222.961,0.807,1.0,88.4
60646,2008,2008,2009,2,4.438,989.0,222.848,446.5,100.608,1050.5,236.706,243.0,54.754,807.5,181.951,0.812,1.0,88.7
60646,2010,2010,2011,2,4.438,990.5,223.186,455.5,102.636,1067.0,240.424,238.0,53.628,829.0,186.796,0.818,1.0,89.1
60646,2012,2012,2013,2,4.438,1011.5,227.918,475.0,107.03,1106.0,249.211,276.0,62.19,830.0,187.021,0.8,1.0,88.0
60646,2014,2014,2015,2,4.438,836.5,188.486,460.0,103.65,1069.5,240.987,198.0,44.615,871.5,196.372,0.844,1.0,90.6
60646,2016,2016,2017,2,4.438,779.0,175.53,452.5,101.96,1047.0,235.917,186.5,42.023,860.5,193.894,0.849,1.0,90.9
60646,2018,2018,2019,2,4.438,728.0,164.038,440.5,99.256,1031.0,232.312,165.5,37.292,865.5,195.02,0.862,1.0,91.7
60646,2020,2020,2021,2,4.438,722.5,162.799,450.0,101.397,1064.0,239.748,162.5,36.616,901.5,203.132,0.868,1.0,92.1
60646,2022,2022,2023,2,4.438,644.5,145.223,416.5,93.849,1001.5,225.665,154.5,34.813,847.0,190.852,0.866,1.0,92.0
60646,2024,2024,2025,2,4.438,616.5,138.914,422.5,95.201,1031.5,232.425,153.5,34.588,878.0,197.837,0.87,1.0,92.2
60647,2002,2002,2003,2,3.963,4033.5,1017.79,2331.0,588.191,5850.5,1476.281,966.0,243.755,4884.5,1232.526,0.858,1.0,91.5
60647,2004,2004,2005,2,3.963,5444.5,1373.833,2983.5,752.839,7417.5,1871.688,1423.5,359.198,5994.0,1512.491,0.839,1.0,90.3
60647,2006,2006,2007,2,3.963,4693.0,1184.204,2515.5,634.746,6267.5,1581.504,1126.5,284.254,5141.0,1297.25,0.848,1.0,90.9
60647,2008,2008,2009,2,3.963,3698.0,933.131,1962.5,495.206,4972.0,1254.605,862.5,217.638,4109.5,1036.967,0.852,1.0,91.1
60647,2010,2010,2011,2,3.963,3624.0,914.459,1966.5,496.215,5043.0,1272.521,866.5,218.647,4176.5,1053.873,0.853,1.0,91.2
60647,2012,2012,2013,2,3.963,3645.0,919.758,2155.5,543.906,5559.5,1402.851,944.0,238.203,4615.5,1164.648,0.855,1.0,91.3
60647,2014,2014,2015,2,3.963,3210.5,810.119,2246.5,566.869,5796.5,1462.655,679.0,171.335,5117.5,1291.32,0.895,1.0,93.7
60647,2016,2016,2017,2,3.963,3191.5,805.324,2326.0,586.929,6034.0,1522.584,622.0,156.952,5412.0,1365.632,0.907,1.0,94.4
60647,2018,2018,2019,2,3.963,3205.0,808.731,2395.5,604.466,6257.5,1578.981,586.5,147.994,5671.0,1430.987,0.914,1.0,94.9
60647,2020,2020,2021,2,3.963,3218.5,812.137,2515.0,634.62,6661.0,1680.797,514.0,129.7,6147.0,1551.098,0.928,1.0,95.7
60647,2022,2022,2023,2,3.963,3092.0,780.217,2441.5,616.074,6532.5,1648.372,461.5,116.452,6071.0,1531.92,0.934,1.0,96.0
60647,2024,2024,2025,2,3.963,3040.0,767.096,2425.0,611.91,6539.5,1650.139,442.0,111.532,6097.5,1538.607,0.937,1.0,96.2
60649,2002,2002,2003,2,3.62,1401.5,387.155,807.0,222.928,2006.0,554.144,194.0,53.591,1812.0,500.552,0.912,1.0,94.7
60649,2004,2004,2005,2,3.62,1816.5,501.796,1036.5,286.326,2566.5,708.978,230.5,63.674,2336.0,645.304,0.918,1.0,95.1
60649,2006,2006,2007,2,3.62,1731.5,478.315,994.0,274.586,2462.0,680.11,175.0,48.343,2287.0,631.768,0.934,1.0,96.0
60649,2008,2008,2009,2,3.62,1249.5,345.166,750.0,207.182,1846.0,509.945,121.0,33.425,1725.0,476.519,0.938,1.0,96.3
60649,2010,2010,2011,2,3.62,1191.5,329.144,728.5,201.243,1809.5,499.862,123.0,33.978,1686.5,465.884,0.936,1.0,96.2
60649,2012,2012,2013,2,3.62,1089.5,300.967,729.0,201.381,1822.5,503.453,127.0,35.083,1695.5,468.37,0.935,1.0,96.1
60649,2014,2014,2015,2,3.62,916.0,253.039,696.0,192.265,1737.0,479.834,117.0,32.32,1620.0,447.514,0.937,1.0,96.2
60649,2016,2016,2017,2,3.62,827.0,228.453,641.5,177.21,1586.0,438.122,105.0,29.006,1481.0,409.116,0.938,1.0,96.3
60649,2018,2018,2019,2,3.62,833.5,230.249,643.0,177.624,1590.5,439.365,103.5,28.591,1487.0,410.773,0.939,1.0,96.3
60649,2020,2020,2021,2,3.62,901.0,248.895,688.5,190.193,1713.5,473.343,110.5,30.525,1603.0,442.818,0.939,1.0,96.4
60649,2022,2022,2023,2,3.62,789.5,218.094,613.5,169.475,1540.0,425.414,103.5,28.591,1436.5,396.823,0.937,1.0,96.2
60649,2024,2024,2025,2,3.62,706.0,195.028,571.5,157.873,1457.5,402.624,100.0,27.624,1357.5,375.0,0.936,1.0,96.1
60650,2002,2002,2003,2,,3.0,,0.0,,0.0,,6.0,,-6.0,,0.0,0.0,0.0
60650,2004,2004,2005,2,,4.0,,0.0,,0.0,,8.0,,-8.0,,0.0,0.0,0.0
60650,2006,2006,2007,2,,4.0,,1.0,,2.0,,7.0,,-5.0,,0.222,0.0,13.3
60650,2008,2008,2009,2,,3.0,,1.5,,3.0,,3.0,,0.0,,0.5,0.0,30.0
60650,2010,2010,2011,2,,3.0,,1.5,,3.0,,3.0,,0.0,,0.5,0.0,30.0
60650,2012,2012,2013,2,,2.5,,1.5,,3.0,,2.0,,1.0,,0.6,0.0,36.0
60650,2014,2014,2015,2,,1.5,,1.5,,3.0,,0.0,,3.0,,1.0,0.0,60.0
60650,2016,2016,2017,2,,1.5,,1.5,,3.0,,0.0,,3.0,,1.0,0.0,60.0
60650,2018,2018,2019,2,,1.0,,1.0,,2.0,,0.0,,2.0,,1.0,0.0,60.0
60651,2002,2002,2003,2,3.463,2348.5,678.169,1138.0,328.617,2837.0,819.232,909.5,262.634,1927.5,556.598,0.757,1.0,85.4
60651,2004,2004,2005,2,3.463,2698.5,779.238,1284.5,370.921,3203.0,924.921,1112.0,321.109,2091.0,603.812,0.742,1.0,84.5
60651,2006,2006,2007,2,3.463,2583.0,745.885,1201.0,346.809,3007.0,868.322,1149.5,331.938,1857.5,536.385,0.723,1.0,83.4
60651,2008,2008,2009,2,3.463,2035.5,587.785,912.0,263.355,2293.0,662.143,904.5,261.19,1388.5,400.953,0.717,1.0,83.0
60651,2010,2010,2011,2,3.463,1928.0,556.743,857.5,247.618,2165.0,625.18,895.0,258.446,1270.0,366.734,0.708,1.0,82.5
60651,2012,2012,2013,2,3.463,1806.0,521.513,911.5,263.211,2320.5,670.084,905.0,261.334,1415.5,408.75,0.719,1.0,83.2
60651,2014,2014,2015,2,3.463,1479.5,427.231,898.0,259.313,2267.0,654.635,731.5,211.233,1535.5,443.402,0.756,1.0,85.4
60651,2016,2016,2017,2,3.463,1393.5,402.397,880.5,254.259,2143.0,618.828,716.5,206.902,1426.5,411.926,0.749,1.0,85.0
60651,2018,2018,2019,2,3.463,1395.5,402.974,908.0,262.2,2179.5,629.368,692.0,199.827,1487.5,429.541,0.759,1.0,85.5
60651,2020,2020,2021,2,3.463,1392.5,402.108,923.0,266.532,2234.0,645.105,627.5,181.201,1606.5,463.904,0.781,1.0,86.8
60651,2022,2022,2023,2,3.463,1298.5,374.964,874.5,252.527,2152.5,621.571,600.5,173.405,1552.0,448.166,0.782,1.0,86.9
60651,2024,2024,2025,2,3.463,1211.5,349.841,827.5,238.955,2073.5,598.758,572.5,165.319,1501.0,433.439,0.784,1.0,87.0
60652,2002,2002,2003,2,4.838,1294.0,267.466,625.5,129.289,1504.5,310.976,330.0,68.21,1174.5,242.766,0.82,1.0,89.2
60652,2004,2004,2005,2,4.838,1540.5,318.417,721.0,149.029,1684.0,348.078,411.0,84.952,1273.0,263.125,0.804,1.0,88.2
60652,2006,2006,2007,2,4.838,1483.5,306.635,673.0,139.107,1568.5,324.204,391.5,80.922,1177.0,243.282,0.8,1.0,88.0
60652,2008,2008,2009,2,4.838,1173.5,242.559,517.5,106.966,1209.5,250.0,293.5,60.666,916.0,189.334,0.805,1.0,88.3
60652,2010,2010,2011,2,4.838,1101.5,227.677,500.5,103.452,1175.0,242.869,305.0,63.043,870.0,179.826,0.794,1.0,87.6
60652,2012,2012,2013,2,4.838,1057.0,218.479,527.5,109.033,1227.0,253.617,357.0,73.791,870.0,179.826,0.775,1.0,86.5
60652,2014,2014,2015,2,4.838,866.5,179.103,551.0,113.89,1259.0,260.232,260.5,53.845,998.5,206.387,0.829,1.0,89.7
60652,2016,2016,2017,2,4.838,841.0,173.832,565.0,116.784,1283.0,265.192,247.5,51.158,1035.5,214.035,0.838,1.0,90.3
60652,2018,2018,2019,2,4.838,809.0,167.218,554.0,114.51,1290.0,266.639,250.0,51.674,1040.0,214.965,0.838,1.0,90.3
60652,2020,2020,2021,2,4.838,816.5,168.768,554.0,114.51,1313.0,271.393,242.0,50.021,1071.0,221.372,0.844,1.0,90.7
60652,2022,2022,2023,2,4.838,776.5,160.5,530.5,109.653,1270.5,262.609,227.0,46.92,1043.5,215.688,0.848,1.0,90.9
60652,2024,2024,2025,2,4.838,685.0,141.587,468.5,96.838,1133.0,234.188,218.0,45.06,915.0,189.128,0.839,1.0,90.3
60653,2002,2002,2003,2,2.36,719.0,304.661,418.0,177.119,1058.5,448.517,69.0,29.237,989.5,419.28,0.939,1.0,96.3
60653,2004,2004,2005,2,2.36,913.5,387.076,514.5,218.008,1275.5,540.466,85.0,36.017,1190.5,504.449,0.938,1.0,96.3
60653,2006,2006,2007,2,2.36,889.5,376.907,459.5,194.703,1121.0,475.0,76.5,32.415,1044.5,442.585,0.936,1.0,96.2
60653,2008,2008,2009,2,2.36,696.0,294.915,347.0,147.034,851.5,360.805,44.0,18.644,807.5,342.161,0.951,1.0,97.1
60653,2010,2010,2011,2,2.36,654.5,277.331,343.0,145.339,836.0,354.237,37.0,15.678,799.0,338.559,0.958,1.0,97.5
60653,2012,2012,2013,2,2.36,657.0,278.39,390.5,165.466,937.5,397.246,40.5,17.161,897.0,380.085,0.959,1.0,97.5
60653,2014,2014,2015,2,2.36,560.5,237.5,400.5,169.703,957.5,405.72,30.5,12.924,927.0,392.797,0.969,1.0,98.1
60653,2016,2016,2017,2,2.36,547.5,231.992,401.0,169.915,983.0,416.525,28.5,12.076,954.5,404.449,0.972,1.0,98.3
60653,2018,2018,2019,2,2.36,594.5,251.907,428.0,181.356,1059.5,448.941,34.5,14.619,1025.0,434.322,0.968,1.0,98.1
60653,2020,2020,2021,2,2.36,612.0,259.322,426.0,180.508,1089.0,461.441,34.5,14.619,1054.5,446.822,0.969,1.0,98.2
60653,2022,2022,2023,2,2.36,612.0,259.322,434.0,183.898,1133.0,480.085,31.5,13.347,1101.5,466.737,0.973,1.0,98.4
60653,2024,2024,2025,2,2.36,604.0,255.932,443.5,187.924,1155.0,489.407,28.5,12.076,1126.5,477.331,0.976,1.0,98.6
60654,2002,2002,2003,2,0.542,1289.5,2379.151,594.5,1096.863,1600.5,2952.952,45.5,83.948,1555.0,2869.004,0.972,1.0,98.3
60654,2004,2004,2005,2,0.542,1578.0,2911.439,695.5,1283.21,1844.0,3402.214,51.0,94.096,1793.0,3308.118,0.973,1.0,98.4
60654,2006,2006,2007,2,0.542,1537.5,2836.716,734.0,1354.244,2000.0,3690.037,64.5,119.004,1935.5,3571.033,0.969,1.0,98.1
60654,2008,2008,2009,2,0.542,1483.0,2736.162,685.5,1264.76,1838.5,3392.066,54.0,99.631,1784.5,3292.435,0.971,1.0,98.3
60654,2010,2010,2011,2,0.542,2074.0,3826.568,965.0,1780.443,2582.5,4764.76,183.5,338.561,2399.0,4426.199,0.934,1.0,96.0
60654,2012,2012,2013,2,0.542,2594.0,4785.978,1312.0,2420.664,3501.5,6460.332,671.0,1238.007,2830.5,5222.325,0.839,1.0,90.4
60654,2014,2014,2015,2,0.542,2686.0,4955.72,1595.0,2942.804,4143.5,7644.834,742.0,1369.004,3401.5,6275.83,0.848,1.0,90.9
60654,2016,2016,2017,2,0.542,2572.0,4745.387,1682.5,3104.244,4293.5,7921.587,642.0,1184.502,3651.5,6737.085,0.87,1.0,92.2
60654,2018,2018,2019,2,0.542,2607.0,4809.963,1830.5,3377.306,4681.0,8636.531,562.0,1036.9,4119.0,7599.631,0.893,1.0,93.6
60654,2020,2020,2021,2,0.542,2552.5,4709.41,1933.0,3566.421,4958.0,9147.601,375.5,692.804,4582.5,8454.797,0.93,1.0,95.8
60654,2022,2022,2023,2,0.542,2407.5,4441.882,1909.5,3523.063,4764.5,8790.59,343.0,632.841,4421.5,8157.749,0.933,1.0,96.0
60654,2024,2024,2025,2,0.542,2209.5,4076.568,1754.5,3237.085,4530.5,8358.856,369.0,680.812,4161.5,7678.044,0.925,1.0,95.5
60655,2002,2002,2003,2,4.408,558.5,126.701,299.5,67.945,801.0,181.715,130.5,29.605,670.5,152.11,0.86,1.0,91.6
60655,2004,2004,2005,2,4.408,698.0,158.348,355.0,80.535,924.0,209.619,185.0,41.969,739.0,167.65,0.833,1.0,90.0
60655,2006,2006,2007,2,4.408,667.5,151.429,338.0,76.679,884.5,200.658,174.0,39.474,710.5,161.184,0.836,1.0,90.1
60655,2008,2008,2009,2,4.408,495.5,112.409,255.5,57.963,663.0,150.408,106.0,24.047,557.0,126.361,0.862,1.0,91.7
60655,2010,2010,2011,2,4.408,482.0,109.347,244.0,55.354,640.5,145.304,93.0,21.098,547.5,124.206,0.873,1.0,92.4
60655,2012,2012,2013,2,4.408,484.0,109.8,254.0,57.623,667.0,151.316,95.5,21.665,571.5,129.651,0.875,1.0,92.5
60655,2014,2014,2015,2,4.408,422.0,95.735,263.5,59.778,687.5,155.966,83.0,18.829,604.5,137.137,0.892,1.0,93.5
60655,2016,2016,2017,2,4.408,394.5,89.496,263.0,59.664,677.0,153.584,72.5,16.447,604.5,137.137,0.903,1.0,94.2
60655,2018,2018,2019,2,4.408,384.5,87.228,262.0,59.437,664.5,150.749,70.5,15.994,594.0,134.755,0.904,1.0,94.2
60655,2020,2020,2021,2,4.408,391.5,88.816,276.0,62.613,703.5,159.596,67.0,15.2,636.5,144.397,0.913,1.0,94.8
60655,2022,2022,2023,2,4.408,381.0,86.434,278.0,63.067,712.5,161.638,59.0,13.385,653.5,148.253,0.924,1.0,95.4
60655,2024,2024,2025,2,4.408,371.0,84.165,273.5,62.046,704.0,159.71,54.0,12.25,650.0,147.459,0.929,1.0,95.7
60656,2002,2002,2003,2,3.237,596.0,184.121,314.5,97.158,781.5,241.427,75.5,23.324,706.0,218.103,0.912,1.0,94.7
60656,2004,2004,2005,2,3.237,720.0,222.428,383.0,118.319,920.5,284.368,81.0,25.023,839.5,259.345,0.919,1.0,95.1
60656,2006,2006,2007,2,3.237,723.5,223.509,380.5,117.547,911.5,281.588,77.0,23.787,834.5,257.8,0.922,1.0,95.3
60656,2008,2008,2009,2,3.237,521.5,161.106,269.5,83.256,652.5,201.576,61.0,18.845,591.5,182.731,0.915,1.0,94.9
60656,2010,2010,2011,2,3.237,493.0,152.302,252.5,78.004,618.5,191.072,58.5,18.072,560.0,173.0,0.914,1.0,94.8
60656,2012,2012,2013,2,3.237,485.0,149.83,248.5,76.769,597.0,184.43,61.0,18.845,536.0,165.585,0.907,1.0,94.4
60656,2014,2014,2015,2,3.237,402.0,124.189,253.5,78.313,610.5,188.601,40.5,12.512,570.0,176.089,0.938,1.0,96.3
60656,2016,2016,2017,2,3.237,396.5,122.49,266.0,82.175,641.0,198.023,41.5,12.821,599.5,185.202,0.939,1.0,96.4
60656,2018,2018,2019,2,3.237,402.5,124.344,282.0,87.118,666.5,205.901,43.5,13.438,623.0,192.462,0.939,1.0,96.3
60656,2020,2020,2021,2,3.237,390.0,120.482,284.5,87.89,667.0,206.055,41.0,12.666,626.0,193.389,0.942,1.0,96.5
60656,2022,2022,2023,2,3.237,363.5,112.295,264.5,81.711,629.0,194.316,41.5,12.821,587.5,181.495,0.938,1.0,96.3
60656,2024,2024,2025,2,3.237,343.0,105.962,253.5,78.313,607.5,187.674,36.5,11.276,571.0,176.398,0.943,1.0,96.6
60657,2002,2002,2003,2,2.175,3394.0,1560.46,2299.5,1057.241,6076.5,2793.793,237.5,109.195,5839.0,2684.598,0.962,1.0,97.7
60657,2004,2004,2005,2,2.175,4285.0,1970.115,2772.0,1274.483,7189.0,3305.287,292.0,134.253,6897.0,3171.034,0.961,1.0,97.7
60657,2006,2006,2007,2,2.175,4192.0,1927.356,2699.0,1240.92,7069.5,3250.345,272.0,125.057,6797.5,3125.287,0.963,1.0,97.8
60657,2008,2008,2009,2,2.175,3322.0,1527.356,2128.0,978.391,5601.5,2575.402,179.5,82.529,5422.0,2492.874,0.969,1.0,98.1
60657,2010,2010,2011,2,2.175,3253.5,1495.862,2115.5,972.644,5574.0,2562.759,180.5,82.989,5393.5,2479.77,0.969,1.0,98.1
60657,2012,2012,2013,2,2.175,3245.0,1491.954,2192.5,1008.046,5847.5,2688.506,206.5,94.943,5641.0,2593.563,0.966,1.0,98.0
60657,2014,2014,2015,2,2.175,2914.5,1340.0,2208.5,1015.402,5930.0,2726.437,152.5,70.115,5777.5,2656.322,0.975,1.0,98.5
60657,2016,2016,2017,2,2.175,2764.5,1271.034,2170.0,997.701,5812.0,2672.184,137.5,63.218,5674.5,2608.966,0.977,1.0,98.6
60657,2018,2018,2019,2,2.175,2726.0,1253.333,2178.0,1001.379,5858.5,2693.563,121.5,55.862,5737.0,2637.701,0.98,1.0,98.8
60657,2020,2020,2021,2,2.175,2518.5,1157.931,2074.0,953.563,5614.0,2581.149,114.0,52.414,5500.0,2528.736,0.98,1.0,98.8
60657,2022,2022,2023,2,2.175,2366.5,1088.046,1963.0,902.529,5310.5,2441.609,85.0,39.08,5225.5,2402.529,0.984,1.0,99.1
60657,2024,2024,2025,2,2.175,2318.0,1065.747,1943.0,893.333,5284.5,2429.655,71.5,32.874,5213.0,2396.782,0.987,1.0,99.2
60659,2002,2002,2003,2,2.36,2123.0,899.576,1255.0,531.78,3094.5,1311.229,345.0,146.186,2749.5,1165.042,0.9,1.0,94.0
60659,2004,2004,2005,2,2.36,2706.5,1146.822,1582.5,670.551,3817.0,1617.373,455.0,192.797,3362.0,1424.576,0.893,1.0,93.6
60659,2006,2006,2007,2,2.36,2584.5,1095.127,1471.5,623.517,3534.0,1497.458,456.5,193.432,3077.5,1304.025,0.886,1.0,93.1
60659,2008,2008,2009,2,2.36,2023.0,857.203,1154.5,489.195,2737.5,1159.958,349.0,147.881,2388.5,1012.076,0.887,1.0,93.2
60659,2010,2010,2011,2,2.36,1957.5,829.449,1159.0,491.102,2756.0,1167.797,339.5,143.856,2416.5,1023.941,0.89,1.0,93.4
60659,2012,2012,2013,2,2.36,1829.0,775.0,1155.0,489.407,2731.5,1157.415,331.5,140.466,2400.0,1016.949,0.892,1.0,93.5
60659,2014,2014,2015,2,2.36,1574.5,667.161,1138.5,482.415,2719.5,1152.331,220.5,93.432,2499.0,1058.898,0.925,1.0,95.5
60659,2016,2016,2017,2,2.36,1492.5,632.415,1129.0,478.39,2708.5,1147.669,208.0,88.136,2500.5,1059.534,0.929,1.0,95.7
60659,2018,2018,2019,2,2.36,1395.5,591.314,1088.0,461.017,2610.5,1106.144,208.5,88.347,2402.0,1017.797,0.926,1.0,95.6
60659,2020,2020,2021,2,2.36,1342.5,568.856,1066.0,451.695,2577.5,1092.161,199.5,84.534,2378.0,1007.627,0.928,1.0,95.7
60659,2022,2022,2023,2,2.36,1229.5,520.975,984.5,417.161,2402.5,1018.008,192.5,81.568,2210.0,936.441,0.926,1.0,95.5
60659,2024,2024,2025,2,2.36,1180.5,500.212,970.0,411.017,2401.5,1017.585,186.0,78.814,2215.5,938.771,0.928,1.0,95.7
60660,2002,2002,2003,2,1.274,1354.5,1063.187,833.0,653.846,2104.0,1651.491,357.0,280.22,1747.0,1371.272,0.855,1.0,91.3
60660,2004,2004,2005,2,1.274,1671.5,1312.009,1035.0,812.402,2585.5,2029.435,456.0,357.928,2129.5,1671.507,0.85,1.0,91.0
60660,2006,2006,2007,2,1.274,1584.5,1243.721,941.0,738.619,2382.0,1869.702,411.0,322.606,1971.0,1547.096,0.853,1.0,91.2
60660,2008,2008,2009,2,1.274,1249.0,980.377,738.5,579.67,1883.5,1478.414,302.5,237.441,1581.0,1240.973,0.862,1.0,91.7
60660,2010,2010,2011,2,1.274,1186.5,931.319,720.0,565.149,1831.0,1437.206,305.5,239.796,1525.5,1197.41,0.857,1.0,91.4
60660,2012,2012,2013,2,1.274,1207.5,947.802,758.0,594.976,1957.0,1536.107,337.0,264.521,1620.0,1271.586,0.853,1.0,91.2
60660,2014,2014,2015,2,1.274,1011.5,793.956,748.0,587.127,1955.5,1534.929,240.5,188.776,1715.0,1346.154,0.89,1.0,93.4
60660,2016,2016,2017,2,1.274,976.0,766.091,740.0,580.848,1942.0,1524.333,222.5,174.647,1719.5,1349.686,0.897,1.0,93.8
60660,2018,2018,2019,2,1.274,936.0,734.694,717.5,563.187,1893.5,1486.264,204.0,160.126,1689.5,1326.138,0.903,1.0,94.2
60660,2020,2020,2021,2,1.274,919.5,721.743,723.0,567.504,1926.5,1512.166,163.5,128.336,1763.0,1383.83,0.922,1.0,95.3
60660,2022,2022,2023,2,1.274,919.5,721.743,722.5,567.111,1933.0,1517.268,150.5,118.132,1782.5,1399.137,0.928,1.0,95.7
60660,2024,2024,2025,2,1.274,889.5,698.195,703.5,552.198,1894.0,1486.656,156.0,122.449,1738.0,1364.207,0.924,1.0,95.4
60661,2002,2002,2003,2,0.306,930.5,3040.85,492.5,1609.477,1348.5,4406.863,84.0,274.51,1264.5,4132.353,0.941,1.0,96.5
60661,2004,2004,2005,2,0.306,1125.0,3676.471,575.5,1880.719,1581.5,5168.301,113.5,370.915,1468.0,4797.386,0.933,1.0,96.0
60661,2006,2006,2007,2,0.306,1156.0,3777.778,592.0,1934.641,1624.0,5307.19,104.0,339.869,1520.0,4967.32,0.94,1.0,96.4
60661,2008,2008,2009,2,0.306,1064.5,3478.758,554.0,1810.458,1507.0,4924.837,96.0,313.725,1411.0,4611.111,0.94,1.0,96.4
60661,2010,2010,2011,2,0.306,1109.0,3624.183,610.0,1993.464,1664.0,5437.908,111.5,364.379,1552.5,5073.529,0.937,1.0,96.2
60661,2012,2012,2013,2,0.306,1155.0,3774.51,668.5,2184.641,1794.5,5864.379,151.5,495.098,1643.0,5369.281,0.922,1.0,95.3
60661,2014,2014,2015,2,0.306,1134.0,3705.882,745.5,2436.275,1911.5,6246.732,137.0,447.712,1774.5,5799.02,0.933,1.0,96.0
60661,2016,2016,2017,2,0.306,1112.0,3633.987,777.5,2540.85,1944.5,6354.575,130.0,424.837,1814.5,5929.739,0.937,1.0,96.2
60661,2018,2018,2019,2,0.306,1104.5,3609.477,820.0,2679.739,2061.0,6735.294,114.0,372.549,1947.0,6362.745,0.948,1.0,96.9
60661,2020,2020,2021,2,0.306,1058.5,3459.15,822.5,2687.908,2034.0,6647.059,62.0,202.614,1972.0,6444.444,0.97,1.0,98.2
60661,2022,2022,2023,2,0.306,966.5,3158.497,755.5,2468.954,1867.5,6102.941,44.5,145.425,1823.0,5957.516,0.977,1.0,98.6
60661,2024,2024,2025,2,0.306,873.5,2854.575,692.0,2261.438,1739.0,5683.007,42.5,138.889,1696.5,5544.118,0.976,1.0,98.6
60666,2002,2002,2003,2,7.0,613.5,87.643,429.5,61.357,1227.5,175.357,19.0,2.714,1208.5,172.643,0.985,1.0,99.1
60666,2004,2004,2005,2,7.0,759.5,108.5,521.5,74.5,1474.0,210.571,29.0,4.143,1445.0,206.429,0.981,1.0,98.8
60666,2006,2006,2007,2,7.0,745.0,106.429,504.5,72.071,1425.0,203.571,22.0,3.143,1403.0,200.429,0.985,1.0,99.1
60666,2008,2008,2009,2,7.0,586.0,83.714,400.5,57.214,1133.5,161.929,22.0,3.143,1111.5,158.786,0.981,1.0,98.9
60666,2010,2010,2011,2,7.0,586.5,83.786,400.0,57.143,1131.5,161.643,26.5,3.786,1105.0,157.857,0.977,1.0,98.6
60666,2012,2012,2013,2,7.0,589.5,84.214,418.5,59.786,1185.0,169.286,45.0,6.429,1140.0,162.857,0.963,1.0,97.8
60666,2014,2014,2015,2,7.0,586.0,83.714,457.0,65.286,1291.5,184.5,34.0,4.857,1257.5,179.643,0.974,1.0,98.5
60666,2016,2016,2017,2,7.0,613.5,87.643,501.5,71.643,1406.0,200.857,28.5,4.071,1377.5,196.786,0.98,1.0,98.8
60666,2018,2018,2019,2,7.0,610.5,87.214,507.5,72.5,1399.5,199.929,30.0,4.286,1369.5,195.643,0.979,1.0,98.7
60666,2020,2020,2021,2,7.0,596.5,85.214,514.5,73.5,1405.5,200.786,22.0,3.143,1383.5,197.643,0.985,1.0,99.1
60666,2022,2022,2023,2,7.0,595.5,85.071,522.0,74.571,1429.0,204.143,15.0,2.143,1414.0,202.0,0.99,1.0,99.4
60666,2024,2024,2025,2,7.0,609.0,87.0,538.5,76.929,1478.5,211.214,12.0,1.714,1466.5,209.5,0.992,1.0,99.5
60670,2002,2002,2003,2,,1.5,,1.5,,1.5,,0.0,,1.5,,1.0,0.0,60.0
60707,2002,2002,2003,2,3.578,716.5,200.252,349.5,97.68,891.0,249.022,208.0,58.133,683.0,190.889,0.811,1.0,88.6
60707,2004,2004,2005,2,3.578,840.5,234.908,408.0,114.03,1011.5,282.7,258.0,72.107,753.5,210.593,0.797,1.0,87.8
60707,2006,2006,2007,2,3.578,839.0,234.489,407.0,113.751,1014.0,283.399,274.5,76.719,739.5,206.68,0.787,1.0,87.2
60707,2008,2008,2009,2,3.578,639.5,178.731,315.5,88.178,798.5,223.169,209.5,58.552,589.0,164.617,0.792,1.0,87.5
60707,2010,2010,2011,2,3.578,640.5,179.011,325.5,90.973,830.5,232.113,203.0,56.736,627.5,175.377,0.804,1.0,88.2
60707,2012,2012,2013,2,3.578,618.0,172.722,331.5,92.65,846.0,236.445,202.0,56.456,644.0,179.989,0.807,1.0,88.4
60707,2014,2014,2015,2,3.578,504.5,141.001,322.0,89.994,804.5,224.846,129.5,36.193,675.0,188.653,0.861,1.0,91.7
60707,2016,2016,2017,2,3.578,478.0,133.594,321.5,89.855,805.5,225.126,121.0,33.818,684.5,191.308,0.869,1.0,92.2
60707,2018,2018,2019,2,3.578,463.5,129.542,315.5,88.178,780.0,217.999,127.0,35.495,653.0,182.504,0.86,1.0,91.6
60707,2020,2020,2021,2,3.578,460.5,128.703,318.5,89.016,790.0,220.794,127.5,35.634,662.5,185.159,0.861,1.0,91.7
60707,2022,2022,2023,2,3.578,416.5,116.406,291.0,81.33,731.5,204.444,127.5,35.634,604.0,168.809,0.852,1.0,91.1
60707,2024,2024,2025,2,3.578,403.0,112.633,286.5,80.073,738.5,206.4,117.0,32.7,621.5,173.7,0.863,1.0,91.8
60827,2002,2002,2003,2,7.027,83.5,11.883,40.5,5.763,111.0,15.796,39.0,5.55,72.0,10.246,0.74,0.587,67.9
60827,2004,2004,2005,2,7.027,97.0,13.804,43.0,6.119,121.0,17.219,51.5,7.329,69.5,9.89,0.701,0.602,66.2
60827,2006,2006,2007,2,7.027,77.0,10.958,36.0,5.123,101.0,14.373,54.5,7.756,46.5,6.617,0.65,0.556,61.2
60827,2008,2008,2009,2,7.027,59.5,8.467,26.5,3.771,74.5,10.602,45.0,6.404,29.5,4.198,0.623,0.48,56.6
60827,2010,2010,2011,2,7.027,60.0,8.538,25.5,3.629,72.0,10.246,45.0,6.404,27.0,3.842,0.615,0.47,55.7
60827,2012,2012,2013,2,7.027,53.5,7.613,25.5,3.629,70.5,10.033,39.5,5.621,31.0,4.412,0.641,0.47,57.3
60827,2014,2014,2015,2,7.027,44.5,6.333,24.5,3.487,67.5,9.606,32.5,4.625,35.0,4.981,0.675,0.461,58.9
60827,2016,2016,2017,2,7.027,39.0,5.55,22.5,3.202,60.0,8.538,22.5,3.202,37.5,5.337,0.727,0.441,61.3
60827,2018,2018,2019,2,7.027,39.0,5.55,21.0,2.988,56.5,8.04,16.0,2.277,40.5,5.763,0.779,0.425,63.7
60827,2020,2020,2021,2,7.027,40.5,5.763,20.5,2.917,54.5,7.756,17.0,2.419,37.5,5.337,0.762,0.419,62.5
60827,2022,2022,2023,2,7.027,31.5,4.483,17.0,2.419,45.5,6.475,13.0,1.85,32.5,4.625,0.778,0.377,61.8
60827,2024,2024,2025,2,7.027,29.5,4.198,15.5,2.206,43.5,6.19,12.0,1.708,31.5,4.483,0.784,0.358,61.3
