aggregation_unit,land_area_sqkm,active_license_count_2002,active_license_count_2004,active_license_count_2006,active_license_count_2008,active_license_count_2010,active_license_count_2012,active_license_count_2014,active_license_count_2016,active_license_count_2018,active_license_count_2020,active_license_count_2022,active_license_count_2024,active_license_density_per_sqkm_2002,active_license_density_per_sqkm_2004,active_license_density_per_sqkm_2006,active_license_density_per_sqkm_2008,active_license_density_per_sqkm_2010,active_license_density_per_sqkm_2012,active_license_density_per_sqkm_2014,active_license_density_per_sqkm_2016,active_license_density_per_sqkm_2018,active_license_density_per_sqkm_2020,active_license_density_per_sqkm_2022,active_license_density_per_sqkm_2024,positive_storefront_count_2002,positive_storefront_count_2004,positive_storefront_count_2006,positive_storefront_count_2008,positive_storefront_count_2010,positive_storefront_count_2012,positive_storefront_count_2014,positive_storefront_count_2016,positive_storefront_count_2018,positive_storefront_count_2020,positive_storefront_count_2022,positive_storefront_count_2024,positive_storefront_density_per_sqkm_2002,positive_storefront_density_per_sqkm_2004,positive_storefront_density_per_sqkm_2006,positive_storefront_density_per_sqkm_2008,positive_storefront_density_per_sqkm_2010,positive_storefront_density_per_sqkm_2012,positive_storefront_density_per_sqkm_2014,positive_storefront_density_per_sqkm_2016,positive_storefront_density_per_sqkm_2018,positive_storefront_density_per_sqkm_2020,positive_storefront_density_per_sqkm_2022,positive_storefront_density_per_sqkm_2024,positive_weight_2002,positive_weight_2004,positive_weight_2006,positive_weight_2008,positive_weight_2010,positive_weight_2012,positive_weight_2014,positive_weight_2016,positive_weight_2018,positive_weight_2020,positive_weight_2022,positive_weight_2024,positive_weight_density_per_sqkm_2002,positive_weight_density_per_sqkm_2004,positive_weight_density_per_sqkm_2006,positive_weight_density_per_sqkm_2008,positive_weight_density_per_sqkm_2010,positive_weight_density_per_sqkm_2012,positive_weight_density_per_sqkm_2014,positive_weight_density_per_sqkm_2016,positive_weight_density_per_sqkm_2018,positive_weight_density_per_sqkm_2020,positive_weight_density_per_sqkm_2022,positive_weight_density_per_sqkm_2024,negative_weight_2002,negative_weight_2004,negative_weight_2006,negative_weight_2008,negative_weight_2010,negative_weight_2012,negative_weight_2014,negative_weight_2016,negative_weight_2018,negative_weight_2020,negative_weight_2022,negative_weight_2024,negative_weight_density_per_sqkm_2002,negative_weight_density_per_sqkm_2004,negative_weight_density_per_sqkm_2006,negative_weight_density_per_sqkm_2008,negative_weight_density_per_sqkm_2010,negative_weight_density_per_sqkm_2012,negative_weight_density_per_sqkm_2014,negative_weight_density_per_sqkm_2016,negative_weight_density_per_sqkm_2018,negative_weight_density_per_sqkm_2020,negative_weight_density_per_sqkm_2022,negative_weight_density_per_sqkm_2024,net_weight_2002,net_weight_2004,net_weight_2006,net_weight_2008,net_weight_2010,net_weight_2012,net_weight_2014,net_weight_2016,net_weight_2018,net_weight_2020,net_weight_2022,net_weight_2024,net_weight_density_per_sqkm_2002,net_weight_density_per_sqkm_2004,net_weight_density_per_sqkm_2006,net_weight_density_per_sqkm_2008,net_weight_density_per_sqkm_2010,net_weight_density_per_sqkm_2012,net_weight_density_per_sqkm_2014,net_weight_density_per_sqkm_2016,net_weight_density_per_sqkm_2018,net_weight_density_per_sqkm_2020,net_weight_density_per_sqkm_2022,net_weight_density_per_sqkm_2024,mix_balance_2002,mix_balance_2004,mix_balance_2006,mix_balance_2008,mix_balance_2010,mix_balance_2012,mix_balance_2014,mix_balance_2016,mix_balance_2018,mix_balance_2020,mix_balance_2022,mix_balance_2024,destination_intensity_2002,destination_intensity_2004,destination_intensity_2006,destination_intensity_2008,destination_intensity_2010,destination_intensity_2012,destination_intensity_2014,destination_intensity_2016,destination_intensity_2018,destination_intensity_2020,destination_intensity_2022,destination_intensity_2024,walkability_score_2002,walkability_score_2004,walkability_score_2006,walkability_score_2008,walkability_score_2010,walkability_score_2012,walkability_score_2014,walkability_score_2016,walkability_score_2018,walkability_score_2020,walkability_score_2022,walkability_score_2024
ALBANY PARK,4.974,2074.0,2443.0,2408.5,1781.5,1786.5,1761.0,1531.0,1478.0,1406.0,1411.5,1323.5,1249.0,416.968,491.154,484.218,358.162,359.168,354.041,307.801,297.145,282.67,283.776,266.084,251.106,1205.5,1412.0,1318.5,948.5,934.0,972.5,1003.5,1016.5,1012.0,1052.5,1007.0,960.5,242.36,283.876,265.078,190.692,187.776,195.517,201.749,204.363,203.458,211.6,202.453,193.104,3066.5,3521.5,3264.0,2328.0,2296.5,2390.5,2478.5,2493.5,2501.0,2662.5,2568.0,2496.0,616.506,707.982,656.212,468.034,461.701,480.599,498.291,501.307,502.815,535.283,516.285,501.809,544.5,591.5,632.5,439.5,449.5,465.0,348.5,331.0,320.0,303.0,272.5,258.0,109.469,118.918,127.161,88.359,90.37,93.486,70.064,66.546,64.335,60.917,54.785,51.87,2522.0,2930.0,2631.5,1888.5,1847.0,1925.5,2130.0,2162.5,2181.0,2359.5,2295.5,2238.0,507.037,589.063,529.051,379.674,371.331,387.113,428.227,434.761,438.48,474.367,461.5,449.94,0.849,0.856,0.838,0.841,0.836,0.837,0.877,0.883,0.887,0.898,0.904,0.906,1.0,1.0,1.0,1.0,1.0,1.0,1.0,1.0,1.0,1.0,1.0,1.0,91.0,91.4,90.3,90.5,90.2,90.2,92.6,93.0,93.2,93.9,94.2,94.4
ARCHER HEIGHTS,5.195,738.0,902.0,856.0,698.0,694.0,653.0,553.5,544.0,540.5,532.5,506.5,510.0,142.06,173.628,164.774,134.36,133.59,125.698,106.545,104.716,104.042,102.502,97.498,98.171,353.5,429.5,391.5,305.0,295.0,303.5,301.0,307.5,315.5,321.0,308.5,326.0,68.046,82.676,75.361,58.71,56.785,58.422,57.94,59.192,60.731,61.79,59.384,62.753,906.0,1071.0,967.5,757.5,744.5,784.0,781.5,800.0,817.0,837.5,806.5,850.5,174.398,206.16,186.237,145.813,143.311,150.914,150.433,153.994,157.267,161.213,155.245,163.715,373.0,475.0,490.5,400.0,442.5,410.0,344.5,358.5,356.0,348.5,328.0,314.0,71.8,91.434,94.418,76.997,85.178,78.922,66.314,69.009,68.527,67.084,63.138,60.443,533.0,596.0,477.0,357.5,302.0,374.0,437.0,441.5,461.0,489.0,478.5,536.5,102.599,114.726,91.819,68.816,58.133,71.992,84.119,84.986,88.739,94.129,92.108,103.272,0.708,0.693,0.664,0.654,0.627,0.657,0.694,0.691,0.697,0.706,0.711,0.73,1.0,1.0,1.0,1.0,1.0,1.0,1.0,1.0,1.0,1.0,1.0,1.0,82.5,81.6,79.8,79.3,77.6,79.4,81.6,81.4,81.8,82.4,82.7,83.8
ARMOUR SQUARE,2.579,739.0,921.0,905.0,724.0,782.0,777.0,707.0,691.5,698.5,687.0,650.0,664.0,286.545,357.115,350.911,280.729,303.218,301.28,274.137,268.127,270.841,266.382,252.036,257.464,464.5,593.5,581.0,465.0,510.5,537.0,529.0,544.0,558.5,560.0,551.5,583.0,180.109,230.128,225.281,180.302,197.945,208.22,205.118,210.934,216.557,217.138,213.843,226.057,1197.5,1489.5,1456.5,1159.5,1277.0,1365.0,1383.5,1421.5,1462.0,1483.5,1478.5,1555.0,464.327,577.549,564.754,449.593,495.153,529.275,536.448,551.183,566.886,575.223,573.284,602.947,128.5,158.5,155.5,111.5,105.5,121.0,82.0,71.0,67.5,58.5,41.5,43.0,49.826,61.458,60.295,43.234,40.907,46.917,31.795,27.53,26.173,22.683,16.092,16.673,1069.0,1331.0,1301.0,1048.0,1171.5,1244.0,1301.5,1350.5,1394.5,1425.0,1437.0,1512.0,414.502,516.092,504.459,406.359,454.246,482.358,504.653,523.653,540.713,552.54,557.193,586.274,0.903,0.904,0.904,0.912,0.924,0.919,0.944,0.952,0.956,0.962,0.973,0.973,1.0,1.0,1.0,1.0,1.0,1.0,1.0,1.0,1.0,1.0,1.0,1.0,94.2,94.2,94.2,94.7,95.4,95.1,96.6,97.1,97.4,97.7,98.4,98.4
ASHBURN,12.585,1086.0,1302.5,1247.0,960.0,942.5,940.0,764.0,754.5,750.5,762.0,722.5,648.5,86.293,103.496,99.086,76.281,74.891,74.692,60.707,59.952,59.634,60.548,57.41,51.53,507.5,591.5,551.5,424.5,436.5,473.0,471.0,472.0,480.0,487.0,468.0,425.0,40.326,47.0,43.822,33.731,34.684,37.584,37.426,37.505,38.141,38.697,37.187,33.77,1279.0,1464.5,1361.5,1041.0,1064.0,1145.0,1121.5,1106.5,1150.0,1187.5,1147.0,1055.5,101.629,116.369,108.184,82.718,84.545,90.981,89.114,87.922,91.379,94.358,91.14,83.87,416.0,528.5,496.0,339.0,337.5,386.5,295.5,308.0,306.0,297.5,272.0,258.5,33.055,41.994,39.412,26.937,26.818,30.711,23.48,24.474,24.315,23.639,21.613,20.54,863.0,936.0,865.5,702.0,726.5,758.5,826.0,798.5,844.0,890.0,875.0,797.0,68.574,74.374,68.772,55.781,57.727,60.27,65.634,63.449,67.064,70.719,69.527,63.329,0.755,0.735,0.733,0.754,0.759,0.748,0.791,0.782,0.79,0.8,0.808,0.803,1.0,1.0,1.0,1.0,1.0,1.0,1.0,1.0,1.0,1.0,1.0,1.0,85.3,84.1,84.0,85.3,85.6,84.9,87.5,86.9,87.4,88.0,88.5,88.2
AUBURN GRESHAM,9.761,1295.0,1609.5,1549.0,1170.5,1160.5,1101.5,881.0,826.0,799.0,805.5,723.0,660.5,132.671,164.891,158.693,119.916,118.892,112.847,90.257,84.622,81.856,82.522,74.07,67.667,708.0,878.5,833.5,618.5,631.0,680.5,619.0,587.0,595.5,601.0,560.0,527.5,72.534,90.001,85.391,63.364,64.645,69.716,63.416,60.137,61.008,61.572,57.371,54.042,1809.5,2237.0,2108.5,1567.0,1604.0,1742.0,1565.0,1473.0,1505.0,1501.5,1420.5,1374.5,185.381,229.177,216.013,160.537,164.327,178.465,160.332,150.907,154.185,153.826,145.528,140.815,347.0,457.0,458.5,338.5,323.5,319.0,231.5,224.0,215.5,212.5,172.5,154.5,35.55,46.819,46.973,34.679,33.142,32.681,23.717,22.948,22.078,21.77,17.672,15.828,1462.5,1780.0,1650.0,1228.5,1280.5,1423.0,1333.5,1249.0,1289.5,1289.0,1248.0,1220.0,149.831,182.358,169.04,125.858,131.185,145.784,136.615,127.958,132.107,132.056,127.856,124.987,0.839,0.83,0.821,0.822,0.832,0.845,0.871,0.868,0.875,0.876,0.892,0.899,1.0,1.0,1.0,1.0,1.0,1.0,1.0,1.0,1.0,1.0,1.0,1.0,90.3,89.8,89.3,89.3,89.9,90.7,92.3,92.1,92.5,92.6,93.5,93.9
AUSTIN,18.511,3093.5,4073.0,3749.0,3052.5,2974.5,2751.0,2251.0,2168.5,2119.5,2119.0,2019.5,1839.5,167.117,220.031,202.528,164.902,160.688,148.614,121.603,117.147,114.499,114.472,109.097,99.373,1562.5,1946.0,1783.5,1409.5,1417.5,1429.0,1422.0,1392.5,1345.5,1357.5,1317.5,1239.5,84.409,105.127,96.348,76.144,76.576,77.197,76.819,75.226,72.687,73.335,71.174,66.96,3989.0,4856.0,4472.0,3560.0,3605.5,3618.5,3557.0,3435.5,3274.0,3345.0,3315.0,3183.0,215.493,262.331,241.586,192.318,194.776,195.478,192.156,185.592,176.868,180.703,179.083,171.952,1142.5,1594.0,1551.5,1280.5,1282.5,1258.5,964.0,1002.5,1074.0,1014.5,938.0,850.0,61.72,86.111,83.815,69.175,69.283,67.987,52.077,54.157,58.02,54.805,50.673,45.919,2846.5,3262.0,2920.5,2279.5,2323.0,2360.0,2593.0,2433.0,2200.0,2330.5,2377.0,2333.0,153.773,176.22,157.771,123.143,125.493,127.492,140.079,131.435,118.848,125.898,128.41,126.033,0.777,0.753,0.742,0.735,0.738,0.742,0.787,0.774,0.753,0.767,0.779,0.789,1.0,1.0,1.0,1.0,1.0,1.0,1.0,1.0,1.0,1.0,1.0,1.0,86.6,85.2,84.5,84.1,84.3,84.5,87.2,86.4,85.2,86.0,86.8,87.4
AVALON PARK,3.238,405.5,488.5,445.5,343.0,347.5,325.0,254.0,249.5,258.0,270.5,257.0,250.0,125.232,150.865,137.585,105.93,107.319,100.371,78.443,77.054,79.679,83.539,79.37,77.208,191.0,236.0,206.5,153.5,166.0,190.5,175.5,173.5,180.5,189.0,176.5,179.5,58.987,72.884,63.774,47.406,51.266,58.833,54.2,53.582,55.744,58.369,54.509,55.435,450.5,559.5,488.5,357.5,392.0,446.0,418.5,413.0,417.0,441.0,427.5,454.0,139.129,172.792,150.865,110.408,121.062,137.739,129.246,127.548,128.783,136.195,132.026,140.21,149.5,181.0,153.5,118.5,120.0,102.5,84.0,94.0,93.0,91.5,76.5,68.5,46.17,55.899,47.406,36.597,37.06,31.655,25.942,29.03,28.721,28.258,23.626,21.155,301.0,378.5,335.0,239.0,272.0,343.5,334.5,319.0,324.0,349.5,351.0,385.5,92.959,116.893,103.459,73.811,84.002,106.084,103.305,98.518,100.062,107.937,108.4,119.055,0.751,0.756,0.761,0.751,0.766,0.813,0.833,0.815,0.818,0.828,0.848,0.869,1.0,1.0,1.0,1.0,1.0,1.0,1.0,1.0,1.0,1.0,1.0,1.0,85.1,85.3,85.7,85.1,85.9,88.8,90.0,88.9,89.1,89.7,90.9,92.1
AVONDALE,5.137,1873.5,2325.0,2200.5,1598.0,1556.5,1556.5,1357.0,1295.0,1245.0,1231.0,1171.0,1172.5,364.707,452.599,428.363,311.077,302.998,302.998,264.162,252.093,242.359,239.634,227.954,228.246,970.5,1189.5,1110.0,800.5,763.0,764.5,799.5,827.5,823.0,841.0,844.0,872.5,188.923,231.555,216.079,155.83,148.53,148.822,155.636,161.086,160.21,163.714,164.298,169.846,2485.0,2968.0,2777.0,2008.0,1927.5,1957.0,2046.0,2101.0,2094.5,2150.5,2155.5,2275.0,483.745,577.769,540.588,390.89,375.219,380.962,398.287,408.994,407.728,418.63,419.603,442.865,624.0,759.5,710.0,544.5,563.0,614.5,470.0,440.0,432.0,422.0,333.5,290.0,121.472,147.849,138.213,105.996,109.597,119.622,91.493,85.653,84.096,82.149,64.921,56.453,1861.0,2208.5,2067.0,1463.5,1364.5,1342.5,1576.0,1661.0,1662.5,1728.5,1822.0,1985.0,362.274,429.92,402.375,284.894,265.622,261.339,306.794,323.34,323.632,336.48,354.682,386.412,0.799,0.796,0.796,0.787,0.774,0.761,0.813,0.827,0.829,0.836,0.866,0.887,1.0,1.0,1.0,1.0,1.0,1.0,1.0,1.0,1.0,1.0,1.0,1.0,88.0,87.8,87.8,87.2,86.4,85.7,88.8,89.6,89.7,90.2,92.0,93.2
BELMONT CRAGIN,10.136,2996.5,3866.0,3829.5,2867.5,2749.5,2597.5,2152.5,2079.0,2017.0,1921.5,1817.5,1757.0,295.629,381.413,377.812,282.903,271.261,256.265,212.362,205.11,198.994,189.572,179.311,173.343,1462.0,1837.5,1758.5,1312.0,1265.0,1285.5,1295.5,1296.0,1317.5,1318.5,1264.0,1231.0,144.238,181.285,173.491,129.44,124.803,126.825,127.812,127.861,129.982,130.081,124.704,121.448,3679.5,4530.5,4332.5,3245.0,3129.5,3231.0,3217.0,3200.0,3262.5,3286.5,3172.0,3127.5,363.013,446.971,427.437,320.146,308.751,318.765,317.384,315.706,321.873,324.24,312.944,308.554,1099.0,1445.0,1481.5,1174.0,1203.0,1202.5,896.0,874.0,890.0,839.0,756.0,737.0,108.425,142.561,146.162,115.825,118.686,118.637,88.398,86.227,87.806,82.774,74.586,72.711,2580.5,3085.5,2851.0,2071.0,1926.5,2028.5,2321.0,2326.0,2372.5,2447.5,2416.0,2390.5,254.588,304.41,281.275,204.321,190.065,200.128,228.986,229.479,234.067,241.466,238.358,235.843,0.77,0.758,0.745,0.734,0.722,0.729,0.782,0.785,0.786,0.797,0.808,0.809,1.0,1.0,1.0,1.0,1.0,1.0,1.0,1.0,1.0,1.0,1.0,1.0,86.2,85.5,84.7,84.1,83.3,83.7,86.9,87.1,87.1,87.8,88.5,88.6
BEVERLY,8.248,785.5,963.5,929.0,703.0,678.0,685.5,599.5,535.0,507.0,512.5,506.0,477.0,95.235,116.816,112.633,85.233,82.202,83.111,72.684,64.864,61.469,62.136,61.348,57.832,379.5,455.0,446.0,338.5,335.5,358.5,358.0,340.0,344.5,376.0,381.5,363.0,46.011,55.165,54.074,41.04,40.677,43.465,43.404,41.222,41.768,45.587,46.254,44.011,869.5,1049.5,1059.0,813.0,816.0,859.5,844.5,802.0,815.0,889.0,918.5,885.0,105.419,127.243,128.395,98.569,98.933,104.207,102.388,97.236,98.812,107.784,111.36,107.299,127.5,167.0,170.0,130.5,126.0,132.5,100.0,88.5,86.5,78.0,83.0,76.0,15.458,20.247,20.611,15.822,15.276,16.065,12.124,10.73,10.487,9.457,10.063,9.214,742.0,882.5,889.0,682.5,690.0,727.0,744.5,713.5,728.5,811.0,835.5,809.0,89.961,106.996,107.784,82.747,83.657,88.143,90.264,86.506,88.324,98.327,101.297,98.084,0.872,0.863,0.862,0.862,0.866,0.866,0.894,0.901,0.904,0.919,0.917,0.921,1.0,1.0,1.0,1.0,1.0,1.0,1.0,1.0,1.0,1.0,1.0,1.0,92.3,91.8,91.7,91.7,92.0,92.0,93.6,94.0,94.2,95.2,95.0,95.3
BRIDGEPORT,5.415,1419.5,1794.5,1790.0,1201.0,1137.0,1073.5,916.5,907.5,892.5,874.5,850.0,821.0,262.142,331.394,330.563,221.791,209.972,198.246,169.252,167.59,164.82,161.496,156.971,151.616,555.0,661.0,629.0,440.5,440.5,475.0,492.0,522.5,536.5,546.5,546.0,550.5,102.493,122.068,116.159,81.348,81.348,87.719,90.859,96.491,99.077,100.923,100.831,101.662,1461.5,1698.5,1637.5,1124.0,1108.0,1192.5,1241.0,1308.5,1332.5,1347.0,1360.0,1390.0,269.898,313.666,302.401,207.572,204.617,220.222,229.178,241.644,246.076,248.753,251.154,256.694,508.0,648.5,714.5,463.5,449.5,498.5,393.0,374.0,364.0,353.5,319.5,299.0,93.813,119.76,131.948,85.596,83.01,92.059,72.576,69.067,67.221,65.282,59.003,55.217,953.5,1050.0,923.0,660.5,658.5,694.0,848.0,934.5,968.5,993.5,1040.5,1091.0,176.085,193.906,170.452,121.976,121.607,128.163,156.602,172.576,178.855,183.472,192.151,201.477,0.742,0.724,0.696,0.708,0.711,0.705,0.759,0.778,0.785,0.792,0.81,0.823,1.0,1.0,1.0,1.0,1.0,1.0,1.0,1.0,1.0,1.0,1.0,1.0,84.5,83.4,81.8,82.5,82.7,82.3,85.6,86.7,87.1,87.5,88.6,89.4
BRIGHTON PARK,7.051,1542.0,1909.5,1873.5,1460.5,1440.5,1320.5,1130.5,1121.5,1113.5,1056.5,989.0,952.0,218.692,270.813,265.707,207.134,204.297,187.278,160.332,159.055,157.921,149.837,140.264,135.016,767.5,919.5,889.0,639.5,626.5,632.5,677.0,685.0,686.0,669.0,617.5,604.0,108.85,130.407,126.081,90.696,88.853,89.704,96.015,97.149,97.291,94.88,87.576,85.662,2002.5,2374.0,2299.0,1642.5,1607.5,1609.0,1718.0,1738.5,1721.0,1667.5,1538.5,1520.0,284.002,336.69,326.053,232.946,227.982,228.195,243.653,246.561,244.079,236.491,218.196,215.572,733.0,964.0,943.0,760.5,748.5,725.0,563.0,550.0,571.5,561.5,557.0,533.5,103.957,136.718,133.74,107.857,106.155,102.822,79.847,78.003,81.052,79.634,78.996,75.663,1269.5,1410.0,1356.0,882.0,859.0,884.0,1155.0,1188.5,1149.5,1106.0,981.5,986.5,180.045,199.972,192.313,125.089,121.827,125.372,163.807,168.558,163.027,156.857,139.2,139.909,0.732,0.711,0.709,0.684,0.682,0.689,0.753,0.76,0.751,0.748,0.734,0.74,1.0,1.0,1.0,1.0,1.0,1.0,1.0,1.0,1.0,1.0,1.0,1.0,83.9,82.7,82.5,81.0,80.9,81.4,85.2,85.6,85.0,84.9,84.1,84.4
BURNSIDE,1.579,79.0,103.0,86.5,66.0,71.5,71.5,59.0,54.5,52.5,50.0,48.0,42.5,50.032,65.231,54.782,41.799,45.282,45.282,37.365,34.516,33.249,31.666,30.399,26.916,29.0,39.5,34.5,27.5,28.5,30.0,31.5,33.0,34.5,30.5,30.0,30.0,18.366,25.016,21.849,17.416,18.049,18.999,19.949,20.899,21.849,19.316,18.999,18.999,74.0,100.0,85.5,67.5,69.5,72.0,74.0,79.0,86.0,76.5,72.0,73.0,46.865,63.331,54.148,42.749,44.015,45.598,46.865,50.032,54.465,48.448,45.598,46.232,36.5,41.0,39.5,35.0,38.0,42.5,32.0,28.5,25.5,27.0,26.5,20.5,23.116,25.966,25.016,22.166,24.066,26.916,20.266,18.049,16.149,17.099,16.783,12.983,37.5,59.0,46.0,32.5,31.5,29.5,42.0,50.5,60.5,49.5,45.5,52.5,23.749,37.365,29.132,20.583,19.949,18.683,26.599,31.982,38.315,31.349,28.816,33.249,0.67,0.709,0.684,0.659,0.647,0.629,0.698,0.735,0.771,0.739,0.731,0.781,0.91,1.0,0.96,0.894,0.905,0.919,0.934,0.947,0.96,0.924,0.919,0.919,76.6,82.6,79.5,75.3,75.0,74.5,79.2,82.0,84.7,81.3,80.6,83.6
CALUMET HEIGHTS,4.536,394.5,471.0,477.5,373.5,372.0,362.5,296.5,264.5,252.5,265.5,237.0,209.5,86.971,103.836,105.269,82.341,82.011,79.916,65.366,58.311,55.666,58.532,52.249,46.186,180.0,231.5,237.5,183.0,183.5,197.0,193.0,178.0,169.5,180.0,163.5,148.5,39.683,51.036,52.359,40.344,40.454,43.43,42.549,39.242,37.368,39.683,36.045,32.738,448.5,566.5,575.0,440.5,448.5,487.5,468.0,424.5,403.5,433.0,406.5,376.0,98.876,124.89,126.764,97.112,98.876,107.474,103.175,93.585,88.955,95.459,89.616,82.892,89.0,98.0,117.0,99.0,105.5,115.0,80.0,76.0,74.0,70.5,65.5,64.0,19.621,21.605,25.794,21.825,23.258,25.353,17.637,16.755,16.314,15.542,14.44,14.109,359.5,468.5,458.0,341.5,343.0,372.5,388.0,348.5,329.5,362.5,341.0,312.0,79.255,103.285,100.97,75.287,75.617,82.121,85.538,76.83,72.641,79.916,75.176,68.783,0.834,0.853,0.831,0.816,0.81,0.809,0.854,0.848,0.845,0.86,0.861,0.855,1.0,1.0,1.0,1.0,1.0,1.0,1.0,1.0,1.0,1.0,1.0,1.0,90.1,91.2,89.9,89.0,88.6,88.5,91.2,90.9,90.7,91.6,91.7,91.3
CHATHAM,7.648,1116.5,1358.0,1284.0,993.0,1033.0,973.5,858.0,803.0,773.5,773.5,721.0,678.0,145.986,177.563,167.887,129.838,135.068,127.288,112.186,104.995,101.138,101.138,94.273,88.651,640.0,766.5,703.0,535.5,560.5,607.5,638.5,619.0,595.5,584.5,553.0,531.5,83.682,100.222,91.919,70.018,73.287,79.433,83.486,80.936,77.863,76.425,72.306,69.495,1584.5,1856.5,1702.0,1303.0,1368.0,1459.0,1525.5,1468.5,1411.5,1416.0,1369.5,1342.5,207.178,242.743,222.542,170.371,178.87,190.769,199.464,192.011,184.558,185.146,179.066,175.536,183.5,260.0,261.0,201.5,193.0,191.0,157.0,149.5,144.5,145.0,119.5,123.0,23.993,33.996,34.127,26.347,25.235,24.974,20.528,19.548,18.894,18.959,15.625,16.083,1401.0,1596.5,1441.0,1101.5,1175.0,1268.0,1368.5,1319.0,1267.0,1271.0,1250.0,1219.5,183.185,208.747,188.415,144.025,153.635,165.795,178.936,172.463,165.664,166.187,163.441,159.453,0.896,0.877,0.867,0.866,0.876,0.884,0.907,0.908,0.907,0.907,0.92,0.916,1.0,1.0,1.0,1.0,1.0,1.0,1.0,1.0,1.0,1.0,1.0,1.0,93.8,92.6,92.0,92.0,92.6,93.1,94.4,94.5,94.4,94.4,95.2,95.0
CHICAGO LAWN,9.13,1505.0,1790.0,1715.0,1329.0,1285.5,1234.0,1016.0,975.0,943.0,919.5,864.0,843.0,164.841,196.057,187.842,145.564,140.8,135.159,111.281,106.791,103.286,100.712,94.633,92.333,849.0,994.0,926.0,691.5,671.0,699.0,695.0,675.0,660.5,652.0,616.0,619.5,92.99,108.872,101.424,75.739,73.494,76.561,76.123,73.932,72.344,71.413,67.47,67.853,2155.5,2487.5,2308.5,1728.5,1670.5,1752.0,1767.0,1711.0,1674.5,1681.0,1604.0,1638.0,236.09,272.453,252.848,189.321,182.968,191.895,193.538,187.404,183.406,184.118,175.685,179.409,514.5,604.5,616.0,486.0,513.0,518.5,370.5,374.0,391.5,378.0,338.0,310.5,56.353,66.21,67.47,53.231,56.188,56.791,40.581,40.964,42.881,41.402,37.021,34.009,1641.0,1883.0,1692.5,1242.5,1157.5,1233.5,1396.5,1337.0,1283.0,1303.0,1266.0,1327.5,179.737,206.243,185.378,136.09,126.78,135.104,152.957,146.44,140.526,142.716,138.664,145.4,0.807,0.804,0.789,0.781,0.765,0.772,0.827,0.821,0.811,0.816,0.826,0.841,1.0,1.0,1.0,1.0,1.0,1.0,1.0,1.0,1.0,1.0,1.0,1.0,88.4,88.3,87.4,86.8,85.9,86.3,89.6,89.2,88.6,89.0,89.6,90.4
CLEARING,6.61,688.5,861.5,853.0,638.5,638.0,643.5,514.0,482.0,469.0,466.0,455.5,433.0,104.16,130.333,129.047,96.596,96.52,97.352,77.761,72.92,70.953,70.499,68.911,65.507,309.5,354.0,335.5,261.5,262.5,283.5,260.0,251.0,259.0,268.5,260.0,254.5,46.823,53.555,50.756,39.561,39.713,42.89,39.334,37.973,39.183,40.62,39.334,38.502,828.0,922.0,867.0,675.0,676.5,741.0,670.0,638.0,660.0,689.0,674.5,660.0,125.265,139.486,131.165,102.118,102.345,112.103,101.362,96.52,99.849,104.236,102.042,99.849,351.0,474.0,479.0,344.5,343.5,399.5,330.5,327.0,326.5,317.5,310.0,293.0,53.101,71.71,72.466,52.118,51.967,60.439,50.0,49.47,49.395,48.033,46.899,44.327,477.0,448.0,388.0,330.5,333.0,341.5,339.5,311.0,333.5,371.5,364.5,367.0,72.163,67.776,58.699,50.0,50.378,51.664,51.362,47.05,50.454,56.203,55.144,55.522,0.702,0.66,0.644,0.662,0.663,0.65,0.67,0.661,0.669,0.685,0.685,0.693,1.0,1.0,1.0,1.0,1.0,1.0,1.0,1.0,1.0,1.0,1.0,1.0,82.1,79.6,78.6,79.7,79.8,79.0,80.2,79.7,80.1,81.1,81.1,81.6
DOUGLAS,4.274,435.0,532.5,523.5,421.5,426.0,445.5,375.0,377.0,383.5,379.0,347.5,313.0,101.778,124.591,122.485,98.62,99.672,104.235,87.74,88.208,89.729,88.676,81.306,73.234,231.0,275.5,249.0,209.0,214.0,254.0,261.5,270.0,278.5,275.5,252.0,233.0,54.048,64.46,58.259,48.9,50.07,59.429,61.184,63.173,65.161,64.46,58.961,54.516,609.0,702.5,625.5,515.0,524.5,630.5,659.5,689.0,702.5,679.0,628.5,587.5,142.489,164.366,146.35,120.496,122.719,147.52,154.305,161.207,164.366,158.868,147.052,137.459,39.0,66.0,66.5,46.0,53.0,56.5,30.5,28.5,26.5,23.5,23.0,20.0,9.125,15.442,15.559,10.763,12.401,13.219,7.136,6.668,6.2,5.498,5.381,4.679,570.0,636.5,559.0,469.0,471.5,574.0,629.0,660.5,676.0,655.5,605.5,567.5,133.365,148.924,130.791,109.733,110.318,134.3,147.169,154.539,158.166,153.369,141.671,132.78,0.94,0.914,0.904,0.918,0.908,0.918,0.956,0.96,0.964,0.967,0.965,0.967,1.0,1.0,1.0,1.0,1.0,1.0,1.0,1.0,1.0,1.0,1.0,1.0,96.4,94.8,94.2,95.1,94.5,95.1,97.3,97.6,97.8,98.0,97.9,98.0
DUNNING,9.624,1391.5,1722.0,1602.5,1177.5,1104.5,1098.0,942.5,924.0,903.5,919.5,844.0,798.5,144.586,178.928,166.511,122.35,114.765,114.09,97.932,96.01,93.88,95.542,87.697,82.97,729.0,866.5,777.0,592.0,565.5,583.5,596.5,608.5,612.0,649.5,615.0,582.5,75.748,90.035,80.736,61.513,58.759,60.63,61.98,63.227,63.591,67.488,63.903,60.526,1821.5,2178.5,1944.5,1478.5,1415.5,1471.5,1494.0,1522.5,1526.5,1631.5,1545.5,1486.5,189.266,226.361,202.047,153.626,147.08,152.899,155.237,158.198,158.614,169.524,160.588,154.458,307.0,379.0,375.5,300.5,294.5,309.5,229.0,233.0,224.5,216.5,196.5,191.0,31.899,39.381,39.017,31.224,30.601,32.159,23.795,24.21,23.327,22.496,20.418,19.846,1514.5,1799.5,1569.0,1178.0,1121.0,1162.0,1265.0,1289.5,1302.0,1415.0,1349.0,1295.5,157.367,186.98,163.03,122.402,116.48,120.74,131.442,133.988,135.287,147.028,140.17,134.611,0.856,0.852,0.838,0.831,0.828,0.826,0.867,0.867,0.872,0.883,0.887,0.886,1.0,1.0,1.0,1.0,1.0,1.0,1.0,1.0,1.0,1.0,1.0,1.0,91.3,91.1,90.3,89.9,89.7,89.6,92.0,92.0,92.3,93.0,93.2,93.2
EAST GARFIELD PARK,5.006,581.5,706.5,681.5,545.0,531.5,498.0,412.0,400.5,385.0,417.0,417.5,408.0,116.161,141.131,136.137,108.869,106.173,99.481,82.301,80.004,76.908,83.3,83.4,81.502,295.0,349.0,306.0,246.5,242.5,259.0,252.5,253.0,239.5,245.5,240.0,259.5,58.929,69.716,61.127,49.241,48.442,51.738,50.439,50.539,47.843,49.041,47.942,51.838,819.0,964.0,814.0,661.5,659.5,689.0,643.0,624.0,588.5,598.5,593.5,656.5,163.604,192.569,162.605,132.141,131.742,137.635,128.446,124.65,117.559,119.557,118.558,131.143,232.5,271.5,268.5,231.0,206.5,207.0,165.5,160.5,150.0,150.0,135.0,107.5,46.444,54.235,53.636,46.145,41.25,41.35,33.06,32.062,29.964,29.964,26.968,21.474,586.5,692.5,545.5,430.5,453.0,482.0,477.5,463.5,438.5,448.5,458.5,549.0,117.159,138.334,108.969,85.997,90.491,96.284,95.386,92.589,87.595,89.592,91.59,109.668,0.779,0.78,0.752,0.741,0.762,0.769,0.795,0.795,0.797,0.8,0.815,0.859,1.0,1.0,1.0,1.0,1.0,1.0,1.0,1.0,1.0,1.0,1.0,1.0,86.7,86.8,85.1,84.5,85.7,86.1,87.7,87.7,87.8,88.0,88.9,91.6
EAST SIDE,7.733,516.5,624.0,628.5,478.5,479.0,493.5,405.0,367.5,370.5,353.5,343.0,335.0,66.792,80.693,81.275,61.878,61.942,63.817,52.373,47.524,47.912,45.713,44.355,43.321,264.0,297.5,282.0,209.0,208.5,231.5,238.5,221.5,231.5,223.0,216.5,212.0,34.139,38.471,36.467,27.027,26.962,29.937,30.842,28.643,29.937,28.837,27.997,27.415,684.0,756.5,714.0,523.5,522.5,589.0,600.0,548.5,576.5,554.0,530.0,522.0,88.452,97.827,92.332,67.697,67.568,76.167,77.59,70.93,74.551,71.641,68.537,67.503,169.5,226.0,255.0,187.0,193.0,209.0,137.5,132.5,129.0,128.0,122.5,120.0,21.919,29.225,32.976,24.182,24.958,27.027,17.781,17.134,16.682,16.552,15.841,15.518,514.5,530.5,459.0,336.5,329.5,380.0,462.5,416.0,447.5,426.0,407.5,402.0,66.533,68.602,59.356,43.515,42.61,49.14,59.809,53.795,57.869,55.089,52.696,51.985,0.801,0.77,0.737,0.737,0.73,0.738,0.814,0.805,0.817,0.812,0.812,0.813,1.0,1.0,1.0,1.0,1.0,1.0,1.0,1.0,1.0,1.0,1.0,1.0,88.1,86.2,84.2,84.2,83.8,84.3,88.8,88.3,89.0,88.7,88.7,88.8
EDGEWATER,4.501,1921.0,2381.0,2247.5,1761.0,1721.0,1733.5,1486.5,1440.5,1380.5,1351.5,1336.5,1274.5,426.794,528.994,499.333,391.246,382.359,385.137,330.26,320.04,306.71,300.267,296.934,283.159,1198.0,1453.5,1313.5,1024.0,1023.0,1082.0,1096.0,1094.5,1074.0,1078.5,1069.5,1032.5,266.163,322.928,291.824,227.505,227.283,240.391,243.501,243.168,238.614,239.613,237.614,229.393,3005.5,3616.5,3329.5,2628.5,2628.5,2813.5,2864.0,2883.5,2840.0,2889.0,2871.0,2786.5,667.741,803.488,739.725,583.981,583.981,625.083,636.303,640.635,630.971,641.857,637.858,619.085,419.0,550.5,493.0,366.5,357.0,378.5,253.5,227.0,202.5,157.5,156.0,157.5,93.09,122.306,109.531,81.426,79.316,84.092,56.321,50.433,44.99,34.992,34.659,34.992,2586.5,3066.0,2836.5,2262.0,2271.5,2435.0,2610.5,2656.5,2637.5,2731.5,2715.0,2629.0,574.65,681.182,630.193,502.555,504.666,540.991,579.982,590.202,585.981,606.865,603.199,584.092,0.878,0.868,0.871,0.878,0.88,0.881,0.919,0.927,0.933,0.948,0.948,0.947,1.0,1.0,1.0,1.0,1.0,1.0,1.0,1.0,1.0,1.0,1.0,1.0,92.7,92.1,92.3,92.7,92.8,92.9,95.1,95.6,96.0,96.9,96.9,96.8
EDISON PARK,2.939,441.0,579.5,536.5,419.0,408.0,397.5,348.5,332.0,312.0,323.0,285.5,258.0,150.051,197.176,182.545,142.565,138.823,135.25,118.578,112.964,106.159,109.901,97.142,87.785,217.5,294.5,268.0,212.0,218.0,227.5,232.5,224.5,220.5,237.0,214.0,202.0,74.005,100.204,91.187,72.133,74.175,77.407,79.109,76.387,75.026,80.64,72.814,68.731,549.0,730.5,671.0,523.5,536.0,558.0,567.5,543.0,539.5,580.5,522.0,488.0,186.798,248.554,228.309,178.122,182.375,189.86,193.093,184.757,183.566,197.516,177.611,166.043,71.0,90.5,85.0,74.0,78.0,105.0,79.5,95.0,82.0,62.5,42.5,42.0,24.158,30.793,28.921,25.179,26.54,35.726,27.05,32.324,27.901,21.266,14.461,14.291,478.0,640.0,586.0,449.5,458.0,453.0,488.0,448.0,457.5,518.0,479.5,446.0,162.64,217.761,199.388,152.943,155.835,154.134,166.043,152.433,155.665,176.25,163.151,151.752,0.885,0.89,0.888,0.876,0.873,0.842,0.877,0.851,0.868,0.903,0.925,0.921,1.0,1.0,1.0,1.0,1.0,1.0,1.0,1.0,1.0,1.0,1.0,1.0,93.1,93.4,93.3,92.6,92.4,90.5,92.6,91.1,92.1,94.2,95.5,95.2
ENGLEWOOD,7.957,809.0,873.5,788.5,647.5,645.0,574.0,468.0,432.5,406.0,400.5,353.0,323.0,101.671,109.778,99.095,81.375,81.061,72.138,58.816,54.355,51.024,50.333,44.363,40.593,527.5,570.0,500.0,398.0,415.5,399.5,368.0,347.5,325.0,312.5,281.0,265.5,66.294,71.635,62.838,50.019,52.218,50.207,46.249,43.672,40.845,39.274,35.315,33.367,1415.5,1571.5,1352.0,1079.5,1116.5,1080.0,988.0,905.5,837.5,808.5,736.5,701.5,177.894,197.499,169.913,135.667,140.317,135.73,124.167,113.799,105.253,101.609,92.56,88.161,175.5,233.0,204.5,155.0,167.0,166.5,132.0,115.5,106.5,97.5,89.5,96.0,22.056,29.282,25.701,19.48,20.988,20.925,16.589,14.516,13.384,12.253,11.248,12.065,1240.0,1338.5,1147.5,924.5,949.5,913.5,856.0,790.0,731.0,711.0,647.0,605.5,155.838,168.217,144.213,116.187,119.329,114.805,107.578,99.284,91.869,89.355,81.312,76.097,0.89,0.871,0.869,0.874,0.87,0.866,0.882,0.887,0.887,0.892,0.892,0.88,1.0,1.0,1.0,1.0,1.0,1.0,1.0,1.0,1.0,1.0,1.0,1.0,93.4,92.3,92.1,92.5,92.2,92.0,92.9,93.2,93.2,93.5,93.5,92.8
FOREST GLEN,8.281,605.0,786.5,813.0,626.0,603.5,608.0,503.0,468.5,446.0,462.0,410.0,379.0,73.059,94.976,98.177,75.595,72.878,73.421,60.741,56.575,53.858,55.79,49.511,45.767,249.0,335.5,345.0,279.0,286.5,298.0,286.0,283.0,284.5,296.0,270.5,263.0,30.069,40.514,41.662,33.692,34.597,35.986,34.537,34.175,34.356,35.744,32.665,31.759,595.0,783.0,788.5,639.5,651.0,671.5,651.0,638.5,651.5,681.5,631.0,624.0,71.851,94.554,95.218,77.225,78.614,81.089,78.614,77.104,78.674,82.297,76.199,75.353,100.5,117.5,112.5,77.5,77.5,81.5,65.0,56.5,51.0,50.0,48.0,45.0,12.136,14.189,13.585,9.359,9.359,9.842,7.849,6.823,6.159,6.038,5.796,5.434,494.5,665.5,676.0,562.0,573.5,590.0,586.0,582.0,600.5,631.5,583.0,579.0,59.715,80.365,81.633,67.866,69.255,71.247,70.764,70.281,72.515,76.259,70.402,69.919,0.855,0.87,0.875,0.892,0.894,0.892,0.909,0.919,0.927,0.932,0.929,0.933,1.0,1.0,1.0,1.0,1.0,1.0,1.0,1.0,1.0,1.0,1.0,1.0,91.3,92.2,92.5,93.5,93.6,93.5,94.6,95.1,95.6,95.9,95.8,96.0
FULLER PARK,1.85,172.0,220.5,208.0,158.5,159.5,159.5,134.0,136.5,140.0,148.5,142.5,133.5,92.973,119.189,112.432,85.676,86.216,86.216,72.432,73.784,75.676,80.27,77.027,72.162,99.0,119.0,121.0,93.5,99.0,105.0,94.0,94.0,96.0,99.0,99.0,96.0,53.514,64.324,65.405,50.541,53.514,56.757,50.811,50.811,51.892,53.514,53.514,51.892,259.5,310.0,308.0,231.0,248.5,261.0,238.0,239.0,233.5,246.0,250.5,244.5,140.27,167.568,166.486,124.865,134.324,141.081,128.649,129.189,126.216,132.973,135.405,132.162,59.5,81.5,78.0,57.0,58.5,65.0,53.0,56.0,53.5,56.5,50.5,48.0,32.162,44.054,42.162,30.811,31.622,35.135,28.649,30.27,28.919,30.541,27.297,25.946,200.0,228.5,230.0,174.0,190.0,196.0,185.0,183.0,180.0,189.5,200.0,196.5,108.108,123.514,124.324,94.054,102.703,105.946,100.0,98.919,97.297,102.432,108.108,106.216,0.813,0.792,0.798,0.802,0.809,0.801,0.818,0.81,0.814,0.813,0.832,0.836,1.0,1.0,1.0,1.0,1.0,1.0,1.0,1.0,1.0,1.0,1.0,1.0,88.8,87.5,87.9,88.1,88.6,88.0,89.1,88.6,88.8,88.8,89.9,90.2
GAGE PARK,5.693,956.5,1162.5,1141.0,893.5,906.0,883.5,719.5,725.5,742.5,712.5,645.5,673.0,168.013,204.198,200.422,156.947,159.143,155.191,126.383,127.437,130.423,125.154,113.385,118.215,478.5,600.5,571.0,437.0,436.5,464.0,463.5,484.0,509.0,498.5,449.5,491.5,84.051,105.48,100.299,76.761,76.673,81.504,81.416,85.017,89.408,87.564,78.957,86.334,1230.5,1501.5,1420.0,1093.0,1095.0,1192.0,1178.5,1234.0,1286.0,1279.0,1154.5,1255.5,216.143,263.745,249.429,191.99,192.341,209.38,207.009,216.757,225.891,224.662,202.793,220.534,385.0,514.5,509.0,398.5,422.5,426.5,331.0,317.5,302.0,287.0,267.0,256.5,67.627,90.374,89.408,69.998,74.214,74.917,58.142,55.77,53.048,50.413,46.9,45.055,845.5,987.0,911.0,694.5,672.5,765.5,847.5,916.5,984.0,992.0,887.5,999.0,148.516,173.371,160.021,121.992,118.128,134.463,148.867,160.987,172.844,174.249,155.893,175.479,0.762,0.745,0.736,0.733,0.722,0.736,0.781,0.795,0.81,0.817,0.812,0.83,1.0,1.0,1.0,1.0,1.0,1.0,1.0,1.0,1.0,1.0,1.0,1.0,85.7,84.7,84.2,84.0,83.3,84.2,86.8,87.7,88.6,89.0,88.7,89.8
GARFIELD RIDGE,10.952,1216.0,1521.5,1491.0,1127.0,1109.5,1092.0,944.0,955.0,961.0,905.0,877.0,849.0,111.03,138.924,136.14,102.904,101.306,99.708,86.194,87.199,87.747,82.633,80.077,77.52,694.0,837.0,801.5,595.5,585.5,611.0,607.5,648.5,687.5,665.5,652.5,647.5,63.367,76.424,73.183,54.374,53.461,55.789,55.469,59.213,62.774,60.765,59.578,59.122,1832.5,2178.0,2087.0,1549.0,1518.0,1587.0,1569.5,1677.5,1811.5,1746.5,1707.0,1706.0,167.321,198.868,190.559,141.435,138.605,144.905,143.307,153.168,165.404,159.469,155.862,155.771,330.0,423.0,403.5,294.0,302.5,334.5,265.5,263.0,247.0,231.5,222.0,205.5,30.131,38.623,36.843,26.844,27.621,30.542,24.242,24.014,22.553,21.138,20.27,18.764,1502.5,1755.0,1683.5,1255.0,1215.5,1252.5,1304.0,1414.5,1564.5,1515.0,1485.0,1500.5,137.19,160.245,153.716,114.591,110.984,114.363,119.065,129.154,142.851,138.331,135.592,137.007,0.847,0.837,0.838,0.84,0.834,0.826,0.855,0.864,0.88,0.883,0.885,0.892,1.0,1.0,1.0,1.0,1.0,1.0,1.0,1.0,1.0,1.0,1.0,1.0,90.8,90.2,90.3,90.4,90.0,89.6,91.3,91.9,92.8,93.0,93.1,93.5
GRAND BOULEVARD,4.505,665.0,791.5,781.0,587.0,532.5,511.5,428.0,427.5,434.0,457.5,463.5,458.0,147.614,175.694,173.363,130.3,118.202,113.541,95.006,94.895,96.337,101.554,102.886,101.665,415.0,489.0,438.0,321.5,306.5,329.5,323.5,328.0,328.0,333.5,344.5,351.5,92.12,108.546,97.225,71.365,68.036,73.141,71.809,72.808,72.808,74.029,76.471,78.024,1053.0,1217.0,1063.0,789.5,748.0,785.5,763.5,784.0,794.5,830.0,879.5,905.0,233.74,270.144,235.96,175.25,166.038,174.362,169.478,174.029,176.36,184.24,195.228,200.888,66.0,79.0,82.5,50.0,42.5,44.0,27.5,30.0,34.5,37.0,37.5,31.5,14.65,17.536,18.313,11.099,9.434,9.767,6.104,6.659,7.658,8.213,8.324,6.992,987.0,1138.0,980.5,739.5,705.5,741.5,736.0,754.0,760.0,793.0,842.0,873.5,219.09,252.608,217.647,164.151,156.604,164.595,163.374,167.37,168.701,176.027,186.903,193.896,0.941,0.939,0.928,0.94,0.946,0.947,0.965,0.963,0.958,0.957,0.959,0.966,1.0,1.0,1.0,1.0,1.0,1.0,1.0,1.0,1.0,1.0,1.0,1.0,96.5,96.3,95.7,96.4,96.8,96.8,97.9,97.8,97.5,97.4,97.5,98.0
GREATER GRAND CROSSING,9.183,1351.5,1575.0,1474.5,1093.5,1097.0,1031.5,852.0,790.0,768.0,823.0,731.0,676.5,147.174,171.513,160.568,119.079,119.46,112.327,92.78,86.029,83.633,89.622,79.604,73.669,777.5,860.0,820.0,631.5,626.5,643.0,603.0,588.5,596.5,643.5,571.5,534.5,84.667,93.651,89.295,68.768,68.224,70.021,65.665,64.086,64.957,70.075,62.235,58.205,2019.5,2205.5,2095.5,1613.0,1616.5,1636.5,1521.0,1490.5,1520.0,1645.0,1453.5,1380.0,219.917,240.172,228.193,175.651,176.032,178.21,165.632,162.311,165.523,179.135,158.282,150.278,350.5,432.0,412.5,281.5,286.5,270.0,211.5,205.0,183.0,178.0,157.5,153.0,38.168,47.043,44.92,30.654,31.199,29.402,23.032,22.324,19.928,19.384,17.151,16.661,1669.0,1773.5,1683.0,1331.5,1330.0,1366.5,1309.5,1285.5,1337.0,1467.0,1296.0,1227.0,181.749,193.129,183.273,144.996,144.833,148.808,142.6,139.987,145.595,159.752,141.13,133.616,0.852,0.836,0.836,0.851,0.849,0.858,0.878,0.879,0.893,0.902,0.902,0.9,1.0,1.0,1.0,1.0,1.0,1.0,1.0,1.0,1.0,1.0,1.0,1.0,91.1,90.2,90.1,91.1,91.0,91.5,92.7,92.7,93.6,94.1,94.1,94.0
HEGEWISCH,13.56,327.0,369.0,343.0,256.5,251.0,233.0,182.0,167.5,159.5,156.5,144.5,132.0,24.115,27.212,25.295,18.916,18.51,17.183,13.422,12.353,11.763,11.541,10.656,9.735,212.0,220.0,191.0,138.0,134.0,126.0,116.5,115.0,109.5,107.0,101.5,95.5,15.634,16.224,14.086,10.177,9.882,9.292,8.591,8.481,8.075,7.891,7.485,7.043,565.5,585.0,502.0,355.0,347.5,334.0,313.0,311.0,296.5,291.0,273.5,252.0,41.704,43.142,37.021,26.18,25.627,24.631,23.083,22.935,21.866,21.46,20.17,18.584,75.5,115.5,129.5,116.5,106.0,103.0,77.5,66.5,65.5,67.0,63.0,51.0,5.568,8.518,9.55,8.591,7.817,7.596,5.715,4.904,4.83,4.941,4.646,3.761,490.0,469.5,372.5,238.5,241.5,231.0,235.5,244.5,231.0,224.0,210.5,201.0,36.136,34.624,27.471,17.588,17.81,17.035,17.367,18.031,17.035,16.519,15.524,14.823,0.882,0.835,0.795,0.753,0.766,0.764,0.802,0.824,0.819,0.813,0.813,0.832,0.863,0.874,0.833,0.741,0.733,0.716,0.694,0.69,0.677,0.671,0.656,0.64,87.4,85.1,81.0,74.8,75.3,74.5,75.8,77.0,76.2,75.6,75.0,75.5
HERMOSA,3.029,772.5,988.5,1001.5,775.5,775.5,716.5,647.5,642.5,631.5,638.5,618.5,588.0,255.035,326.345,330.637,256.025,256.025,236.547,213.767,212.116,208.485,210.796,204.193,194.123,344.0,431.5,434.0,321.5,334.0,344.5,397.5,410.0,405.0,428.0,427.0,420.0,113.569,142.456,143.282,106.141,110.267,113.734,131.231,135.358,133.707,141.301,140.971,138.66,849.5,1034.5,1035.5,775.5,794.5,831.0,962.0,992.0,970.0,1041.5,1047.0,1024.0,280.456,341.532,341.862,256.025,262.298,274.348,317.597,327.501,320.238,343.843,345.659,338.065,333.0,410.5,400.0,299.5,298.0,295.0,243.0,250.0,247.5,234.5,223.5,203.0,109.937,135.523,132.057,98.878,98.382,97.392,80.224,82.535,81.71,77.418,73.787,67.019,516.5,624.0,635.5,476.0,496.5,536.0,719.0,742.0,722.5,807.0,823.5,821.0,170.518,206.009,209.805,157.148,163.915,176.956,237.372,244.965,238.528,266.425,271.872,271.047,0.718,0.716,0.721,0.721,0.727,0.738,0.798,0.799,0.797,0.816,0.824,0.835,1.0,1.0,1.0,1.0,1.0,1.0,1.0,1.0,1.0,1.0,1.0,1.0,83.1,83.0,83.3,83.3,83.6,84.3,87.9,87.9,87.8,89.0,89.4,90.1
HUMBOLDT PARK,9.335,2327.5,2822.0,2639.0,2043.0,1939.0,1800.5,1530.5,1457.0,1444.5,1423.5,1350.5,1280.5,249.33,302.303,282.7,218.854,207.713,192.876,163.953,156.079,154.74,152.491,144.671,137.172,1124.0,1351.5,1218.5,915.5,846.5,892.5,933.0,926.0,947.5,963.0,919.5,874.0,120.407,144.778,130.53,98.072,90.68,95.608,99.946,99.197,101.5,103.16,98.5,93.626,2732.5,3299.5,2961.0,2243.5,2116.5,2239.0,2307.0,2232.0,2266.0,2324.0,2232.5,2144.0,292.716,353.455,317.193,240.332,226.727,239.85,247.134,239.1,242.742,248.956,239.154,229.673,944.5,1266.0,1253.0,931.5,946.5,924.5,714.5,707.0,692.0,625.5,597.0,568.5,101.178,135.619,134.226,99.786,101.393,99.036,76.54,75.736,74.13,67.006,63.953,60.9,1788.0,2033.5,1708.0,1312.0,1170.0,1314.5,1592.5,1525.0,1574.0,1698.5,1635.5,1575.5,191.537,217.836,182.967,140.546,125.335,140.814,170.595,163.364,168.613,181.95,175.201,168.773,0.743,0.723,0.703,0.707,0.691,0.708,0.764,0.759,0.766,0.788,0.789,0.79,1.0,1.0,1.0,1.0,1.0,1.0,1.0,1.0,1.0,1.0,1.0,1.0,84.6,83.4,82.2,82.4,81.5,82.5,85.8,85.6,86.0,87.3,87.3,87.4
HYDE PARK,4.19,862.0,1110.5,1062.5,804.0,824.0,807.0,718.5,743.5,780.0,772.5,720.5,674.5,205.728,265.036,253.58,191.885,196.659,192.601,171.48,177.446,186.158,184.368,171.957,160.979,500.0,627.5,618.0,477.5,480.5,498.5,519.5,577.5,611.0,617.5,597.0,580.0,119.332,149.761,147.494,113.962,114.678,118.974,123.986,137.828,145.823,147.375,142.482,138.425,1275.5,1583.5,1577.5,1224.0,1246.0,1293.5,1367.0,1525.0,1630.5,1644.5,1590.0,1545.0,304.415,377.924,376.492,292.124,297.375,308.711,326.253,363.962,389.141,392.482,379.475,368.735,56.5,68.0,74.5,50.5,57.0,57.5,41.5,35.5,42.0,37.5,30.5,33.5,13.484,16.229,17.78,12.053,13.604,13.723,9.905,8.473,10.024,8.95,7.279,7.995,1219.0,1515.5,1503.0,1173.5,1189.0,1236.0,1325.5,1489.5,1588.5,1607.0,1559.5,1511.5,290.931,361.695,358.711,280.072,283.771,294.988,316.348,355.489,379.117,383.532,372.196,360.74,0.958,0.959,0.955,0.96,0.956,0.957,0.971,0.977,0.975,0.978,0.981,0.979,1.0,1.0,1.0,1.0,1.0,1.0,1.0,1.0,1.0,1.0,1.0,1.0,97.5,97.5,97.3,97.6,97.4,97.4,98.2,98.6,98.5,98.7,98.9,98.7
IRVING PARK,8.325,2503.5,3142.0,2987.0,2142.0,2173.0,2177.5,1795.0,1770.5,1715.0,1655.0,1489.5,1450.5,300.721,377.417,358.799,257.297,261.021,261.562,215.616,212.673,206.006,198.799,178.919,174.234,1152.0,1418.0,1322.5,974.5,1025.0,1090.5,1058.0,1097.5,1095.0,1089.5,990.0,988.0,138.378,170.33,158.859,117.057,123.123,130.991,127.087,131.832,131.532,130.871,118.919,118.679,2931.0,3550.5,3335.5,2467.0,2598.5,2772.0,2665.0,2735.0,2748.0,2786.5,2543.5,2580.0,352.072,426.486,400.661,296.336,312.132,332.973,320.12,328.529,330.09,334.715,305.526,309.91,910.5,1125.0,1089.0,815.5,813.5,887.0,680.0,685.0,667.0,624.5,595.0,560.0,109.369,135.135,130.811,97.958,97.718,106.547,81.682,82.282,80.12,75.015,71.471,67.267,2020.5,2425.5,2246.5,1651.5,1785.0,1885.0,1985.0,2050.0,2081.0,2162.0,1948.5,2020.0,242.703,291.351,269.85,198.378,214.414,226.426,238.438,246.246,249.97,259.7,234.054,242.643,0.763,0.759,0.754,0.752,0.762,0.758,0.797,0.8,0.805,0.817,0.81,0.822,1.0,1.0,1.0,1.0,1.0,1.0,1.0,1.0,1.0,1.0,1.0,1.0,85.8,85.6,85.2,85.1,85.7,85.5,87.8,88.0,88.3,89.0,88.6,89.3
JEFFERSON PARK,6.026,1040.0,1270.0,1355.5,911.5,880.5,860.0,729.5,662.5,650.0,632.0,588.0,548.0,172.585,210.753,224.942,151.261,146.117,142.715,121.059,109.94,107.866,104.879,97.577,90.939,508.5,583.0,607.0,407.0,397.5,410.5,419.0,405.0,411.5,412.0,392.5,386.5,84.384,96.747,100.73,67.541,65.964,68.121,69.532,67.209,68.287,68.37,65.134,64.139,1305.5,1470.5,1546.0,1033.0,1022.0,1039.5,1047.5,1006.0,1017.5,1027.5,969.0,960.0,216.645,244.026,256.555,171.424,169.598,172.502,173.83,166.943,168.852,170.511,160.803,159.31,308.5,398.0,457.5,299.5,265.5,285.5,220.0,192.5,189.0,183.0,174.5,174.5,51.195,66.047,75.921,49.701,44.059,47.378,36.508,31.945,31.364,30.368,28.958,28.958,997.0,1072.5,1088.5,733.5,756.5,754.0,827.5,813.5,828.5,844.5,794.5,785.5,165.45,177.979,180.634,121.723,125.539,125.124,137.322,134.998,137.488,140.143,131.845,130.352,0.809,0.787,0.772,0.775,0.794,0.785,0.826,0.839,0.843,0.849,0.847,0.846,1.0,1.0,1.0,1.0,1.0,1.0,1.0,1.0,1.0,1.0,1.0,1.0,88.5,87.2,86.3,86.5,87.6,87.1,89.6,90.4,90.6,90.9,90.8,90.8
KENWOOD,2.701,260.5,342.0,327.5,251.5,274.0,286.0,230.0,219.5,233.5,248.0,238.5,216.5,96.446,126.62,121.251,93.114,101.444,105.887,85.154,81.266,86.449,91.818,88.301,80.155,122.5,143.0,126.5,102.0,118.5,146.5,150.5,147.0,146.0,153.0,150.5,148.5,45.354,52.943,46.835,37.764,43.873,54.239,55.72,54.424,54.054,56.646,55.72,54.98,323.0,356.0,311.5,256.0,299.5,380.0,392.5,389.5,388.0,412.0,401.5,404.5,119.585,131.803,115.328,94.78,110.885,140.689,145.317,144.206,143.65,152.536,148.649,149.759,30.0,42.0,40.0,25.5,27.0,27.0,19.5,19.5,23.5,23.0,19.5,19.5,11.107,15.55,14.809,9.441,9.996,9.996,7.22,7.22,8.7,8.515,7.22,7.22,293.0,314.0,271.5,230.5,272.5,353.0,373.0,370.0,364.5,389.0,382.0,385.0,108.478,116.253,100.518,85.339,100.889,130.692,138.097,136.986,134.95,144.021,141.429,142.54,0.915,0.894,0.886,0.909,0.917,0.934,0.953,0.952,0.943,0.947,0.954,0.954,1.0,1.0,1.0,1.0,1.0,1.0,1.0,1.0,1.0,1.0,1.0,1.0,94.9,93.7,93.2,94.6,95.0,96.0,97.2,97.1,96.6,96.8,97.2,97.2
LAKE VIEW,8.102,4850.5,6106.0,5884.5,4736.0,4739.0,4732.5,4224.5,4004.5,4010.0,3844.0,3698.0,3635.0,598.679,753.641,726.302,584.547,584.917,584.115,521.414,494.261,494.94,474.451,456.431,448.655,3260.0,3960.5,3777.5,3022.0,3033.5,3175.0,3179.0,3115.0,3203.5,3159.0,3073.0,3051.5,402.37,488.83,466.243,372.994,374.414,391.879,392.372,384.473,395.396,389.904,379.289,376.635,8657.5,10372.5,9945.5,7973.0,7999.5,8465.0,8530.0,8329.5,8625.0,8573.0,8282.0,8303.5,1068.563,1280.239,1227.536,984.078,987.349,1044.804,1052.826,1028.079,1064.552,1058.134,1022.217,1024.87,450.5,545.0,485.5,337.5,347.5,385.5,287.0,261.5,233.5,208.0,169.5,155.0,55.604,67.267,59.923,41.656,42.891,47.581,35.423,32.276,28.82,25.673,20.921,19.131,8207.0,9827.5,9460.0,7635.5,7652.0,8079.5,8243.0,8068.0,8391.5,8365.0,8112.5,8148.5,1012.96,1212.972,1167.613,942.422,944.458,997.223,1017.403,995.804,1035.732,1032.461,1001.296,1005.739,0.951,0.95,0.953,0.959,0.958,0.956,0.967,0.97,0.974,0.976,0.98,0.982,1.0,1.0,1.0,1.0,1.0,1.0,1.0,1.0,1.0,1.0,1.0,1.0,97.0,97.0,97.2,97.6,97.5,97.4,98.0,98.2,98.4,98.6,98.8,98.9
LINCOLN PARK,8.205,3605.5,4970.0,4338.0,3395.5,3324.0,3404.5,3101.5,2961.5,2832.5,2709.0,2558.0,2498.0,439.427,605.728,528.702,413.833,405.119,414.93,378.001,360.938,345.216,330.165,311.761,304.449,2380.0,3060.0,2750.0,2159.0,2159.0,2276.0,2340.0,2301.0,2227.5,2210.0,2131.5,2110.0,290.067,372.943,335.161,263.132,263.132,277.392,285.192,280.439,271.481,269.348,259.781,257.16,6272.5,7845.0,7185.5,5657.0,5667.5,5964.0,6192.0,6109.0,5923.5,5929.5,5746.5,5678.5,764.473,956.124,875.746,689.458,690.737,726.874,754.662,744.546,721.938,722.669,700.366,692.078,355.0,499.5,423.0,335.0,350.0,486.5,402.0,360.5,318.5,249.0,229.5,248.0,43.266,60.878,51.554,40.829,42.657,59.293,48.995,43.937,38.818,30.347,27.971,30.225,5917.5,7345.5,6762.5,5322.0,5317.5,5477.5,5790.0,5748.5,5605.0,5680.5,5517.0,5430.5,721.207,895.247,824.193,648.629,648.08,667.581,705.667,700.609,683.12,692.322,672.395,661.853,0.946,0.94,0.944,0.944,0.942,0.925,0.939,0.944,0.949,0.96,0.962,0.958,1.0,1.0,1.0,1.0,1.0,1.0,1.0,1.0,1.0,1.0,1.0,1.0,96.8,96.4,96.7,96.6,96.5,95.5,96.3,96.7,96.9,97.6,97.7,97.5
LINCOLN SQUARE,6.629,1945.0,2269.5,2062.0,1632.5,1599.0,1605.5,1426.5,1386.5,1331.5,1295.0,1251.5,1220.0,293.408,342.359,311.057,246.266,241.213,242.193,215.191,209.157,200.86,195.354,188.792,184.04,1214.5,1365.0,1200.0,942.5,944.0,1006.5,1026.0,1026.5,998.0,999.5,982.0,976.5,183.21,205.913,181.023,142.178,142.405,151.833,154.774,154.85,150.551,150.777,148.137,147.307,3148.5,3486.0,3093.5,2429.0,2440.5,2617.5,2670.5,2672.5,2606.0,2614.0,2568.5,2575.0,474.959,525.871,466.662,366.42,368.155,394.856,402.851,403.153,393.121,394.328,387.464,388.445,337.0,414.5,398.0,290.5,253.5,266.0,209.0,196.5,178.0,178.0,165.0,162.5,50.837,62.528,60.039,43.823,38.241,40.127,31.528,29.642,26.852,26.852,24.891,24.514,2811.5,3071.5,2695.5,2138.5,2187.0,2351.5,2461.5,2476.0,2428.0,2436.0,2403.5,2412.5,424.121,463.343,406.622,322.598,329.914,354.729,371.323,373.51,366.269,367.476,362.574,363.931,0.903,0.894,0.886,0.893,0.906,0.908,0.927,0.932,0.936,0.936,0.94,0.941,1.0,1.0,1.0,1.0,1.0,1.0,1.0,1.0,1.0,1.0,1.0,1.0,94.2,93.6,93.2,93.6,94.4,94.5,95.6,95.9,96.2,96.2,96.4,96.4
LOGAN SQUARE,9.296,3328.5,4458.5,3884.0,3062.5,3043.5,3051.5,2644.5,2560.0,2568.5,2602.0,2504.5,2466.5,358.057,479.615,417.814,329.443,327.399,328.259,284.477,275.387,276.302,279.905,269.417,265.329,1844.5,2324.0,1976.5,1543.0,1570.5,1732.0,1785.0,1805.5,1876.0,1993.5,1946.0,1946.0,198.419,250.0,212.618,165.985,168.944,186.317,192.018,194.223,201.807,214.447,209.337,209.337,4601.5,5728.5,4888.0,3883.5,4018.5,4466.5,4619.5,4709.5,4931.5,5298.5,5200.5,5241.5,494.998,616.233,525.818,417.76,432.283,480.475,496.934,506.616,530.497,569.976,559.434,563.845,891.0,1301.5,1072.5,826.5,840.0,889.5,661.5,597.5,548.5,490.0,429.0,400.0,95.848,140.006,115.372,88.909,90.361,95.686,71.16,64.275,59.004,52.711,46.149,43.029,3710.5,4427.0,3815.5,3057.0,3178.5,3577.0,3958.0,4112.0,4383.0,4808.5,4771.5,4841.5,399.15,476.226,410.445,328.851,341.921,384.789,425.775,442.341,471.493,517.265,513.285,520.815,0.838,0.815,0.82,0.825,0.827,0.834,0.875,0.887,0.9,0.915,0.924,0.929,1.0,1.0,1.0,1.0,1.0,1.0,1.0,1.0,1.0,1.0,1.0,1.0,90.3,88.9,89.2,89.5,89.6,90.0,92.5,93.2,94.0,94.9,95.4,95.7
LOOP,4.305,8284.5,10734.0,10638.0,9966.0,10040.5,9558.5,8883.0,8482.5,8170.0,7646.0,6646.5,6050.5,1924.39,2493.38,2471.08,2314.983,2332.288,2220.325,2063.415,1970.383,1897.793,1776.074,1543.902,1405.459,4226.5,5284.5,5037.5,4237.5,4333.5,4629.0,5121.0,5472.0,5605.0,5441.0,4919.5,4590.0,981.765,1227.526,1170.151,984.321,1006.62,1075.261,1189.547,1271.08,1301.974,1263.879,1142.741,1066.202,10726.5,13238.0,12737.5,10691.0,11001.0,11376.5,11992.0,12515.5,12828.0,12355.0,11217.5,10675.5,2491.638,3075.029,2958.769,2483.391,2555.401,2642.625,2785.598,2907.201,2979.791,2869.919,2605.691,2479.791,327.0,370.0,374.0,387.5,479.5,680.5,629.5,586.5,594.5,466.5,433.5,432.0,75.958,85.947,86.876,90.012,111.382,158.072,146.225,136.237,138.095,108.362,100.697,100.348,10399.5,12868.0,12363.5,10303.5,10521.5,10696.0,11362.5,11929.0,12233.5,11888.5,10784.0,10243.5,2415.679,2989.082,2871.893,2393.38,2444.019,2484.553,2639.373,2770.964,2841.696,2761.556,2504.994,2379.443,0.97,0.973,0.971,0.965,0.958,0.944,0.95,0.955,0.956,0.964,0.963,0.961,1.0,1.0,1.0,1.0,1.0,1.0,1.0,1.0,1.0,1.0,1.0,1.0,98.2,98.4,98.3,97.9,97.5,96.6,97.0,97.3,97.3,97.8,97.8,97.7
LOWER WEST SIDE,7.576,2340.0,2908.5,3345.5,2221.0,2182.0,2151.0,1869.0,1873.0,1895.5,1820.5,1749.5,1671.0,308.87,383.91,441.592,293.163,288.015,283.923,246.7,247.228,250.198,240.298,230.927,220.565,1030.0,1216.5,1364.0,856.5,847.0,955.0,1015.5,1055.5,1113.5,1174.0,1165.0,1107.0,135.956,160.573,180.042,113.054,111.8,126.056,134.042,139.322,146.977,154.963,153.775,146.119,2711.5,3178.0,3516.5,2189.5,2179.5,2448.0,2565.5,2649.0,2756.0,2938.0,2917.0,2795.0,357.907,419.483,464.163,289.005,287.685,323.126,338.635,349.657,363.78,387.804,385.032,368.928,1204.0,1486.5,1823.5,1139.0,1180.5,1234.0,957.0,938.0,867.0,746.0,676.5,612.5,158.923,196.212,240.694,150.343,155.821,162.883,126.32,123.812,114.44,98.469,89.295,80.847,1507.5,1691.5,1693.0,1050.5,999.0,1214.0,1608.5,1711.0,1889.0,2192.0,2240.5,2182.5,198.984,223.271,223.469,138.662,131.864,160.243,212.315,225.845,249.34,289.335,295.737,288.081,0.693,0.681,0.659,0.658,0.649,0.665,0.728,0.739,0.761,0.798,0.812,0.82,1.0,1.0,1.0,1.0,1.0,1.0,1.0,1.0,1.0,1.0,1.0,1.0,81.6,80.9,79.5,79.5,78.9,79.9,83.7,84.3,85.6,87.9,88.7,89.2
MCKINLEY PARK,3.663,670.0,864.5,854.0,576.5,583.5,573.0,489.0,474.0,460.5,457.0,439.5,433.0,182.91,236.009,233.142,157.385,159.296,156.429,133.497,129.402,125.717,124.761,119.984,118.209,244.0,297.5,325.5,218.0,223.5,251.0,256.5,261.5,264.5,268.5,274.5,283.5,66.612,81.218,88.862,59.514,61.016,68.523,70.025,71.39,72.209,73.301,74.939,77.396,662.5,802.0,860.0,577.5,587.0,643.0,634.5,634.0,643.5,665.0,686.5,705.5,180.863,218.946,234.78,157.658,160.251,175.539,173.219,173.082,175.676,181.545,187.415,192.602,335.5,410.0,428.5,311.5,320.5,317.5,237.0,235.5,226.5,213.0,181.0,158.5,91.592,111.93,116.981,85.04,87.497,86.678,64.701,64.292,61.835,58.149,49.413,43.271,327.0,392.0,431.5,266.0,266.5,325.5,397.5,398.5,417.0,452.0,505.5,547.0,89.271,107.016,117.8,72.618,72.755,88.862,108.518,108.791,113.841,123.396,138.002,149.331,0.664,0.662,0.667,0.65,0.647,0.669,0.728,0.729,0.74,0.757,0.791,0.817,1.0,1.0,1.0,1.0,1.0,1.0,1.0,1.0,1.0,1.0,1.0,1.0,79.8,79.7,80.0,79.0,78.8,80.2,83.7,83.7,84.4,85.4,87.5,89.0
MONTCLARE,2.562,484.5,592.0,565.0,401.5,404.5,404.0,321.5,310.0,301.0,302.0,272.0,259.0,189.11,231.069,220.531,156.714,157.884,157.689,125.488,120.999,117.486,117.877,106.167,101.093,247.0,276.0,243.0,184.5,192.0,203.5,194.5,194.5,189.0,191.5,172.5,172.0,96.409,107.728,94.848,72.014,74.941,79.43,75.917,75.917,73.77,74.746,67.33,67.135,643.5,688.5,607.0,461.5,475.5,512.5,486.5,489.5,479.5,479.0,428.5,440.5,251.171,268.735,236.924,180.133,185.597,200.039,189.891,191.062,187.158,186.963,167.252,171.936,175.5,219.0,245.0,183.0,176.0,173.5,114.0,114.0,125.5,123.0,120.0,102.5,68.501,85.48,95.628,71.429,68.696,67.721,44.496,44.496,48.985,48.009,46.838,40.008,468.0,469.5,362.0,278.5,299.5,339.0,372.5,375.5,354.0,356.0,308.5,338.0,182.67,183.255,141.296,108.704,116.901,132.319,145.394,146.565,138.173,138.954,120.414,131.928,0.786,0.759,0.712,0.716,0.73,0.747,0.81,0.811,0.793,0.796,0.781,0.811,1.0,1.0,1.0,1.0,1.0,1.0,1.0,1.0,1.0,1.0,1.0,1.0,87.1,85.5,82.7,83.0,83.8,84.8,88.6,88.7,87.6,87.7,86.9,88.7
MORGAN PARK,8.536,658.5,806.5,765.0,621.0,589.0,557.0,485.5,464.5,452.5,435.5,419.5,409.0,77.144,94.482,89.62,72.751,69.002,65.253,56.877,54.417,53.011,51.019,49.145,47.915,364.5,440.0,402.0,335.5,323.0,333.0,357.0,348.5,341.5,333.0,319.0,324.5,42.701,51.546,47.095,39.304,37.84,39.011,41.823,40.827,40.007,39.011,37.371,38.015,928.5,1104.0,1008.5,837.5,803.5,825.5,878.5,865.5,831.0,822.5,792.5,817.5,108.775,129.335,118.147,98.114,94.131,96.708,102.917,101.394,97.352,96.357,92.842,95.771,100.0,135.0,135.5,98.5,86.0,98.5,75.5,76.5,67.5,66.0,67.5,64.5,11.715,15.815,15.874,11.539,10.075,11.539,8.845,8.962,7.908,7.732,7.908,7.556,828.5,969.0,873.0,739.0,717.5,727.0,803.0,789.0,763.5,756.5,725.0,753.0,97.06,113.519,102.273,86.575,84.056,85.169,94.072,92.432,89.445,88.625,84.934,88.215,0.903,0.891,0.882,0.895,0.903,0.893,0.921,0.919,0.925,0.926,0.922,0.927,1.0,1.0,1.0,1.0,1.0,1.0,1.0,1.0,1.0,1.0,1.0,1.0,94.2,93.5,92.9,93.7,94.2,93.6,95.3,95.1,95.5,95.5,95.3,95.6
MOUNT GREENWOOD,7.022,439.5,538.5,516.5,380.5,373.5,373.5,330.5,308.0,303.5,308.5,301.0,288.5,62.589,76.688,73.555,54.187,53.19,53.19,47.066,43.862,43.221,43.933,42.865,41.085,241.0,282.0,274.0,203.0,195.5,200.5,206.5,207.5,208.0,220.0,224.0,215.0,34.321,40.159,39.02,28.909,27.841,28.553,29.408,29.55,29.621,31.33,31.9,30.618,652.5,743.0,725.0,530.5,515.5,531.5,544.5,538.5,530.5,567.0,578.5,558.0,92.922,105.81,103.247,75.548,73.412,75.691,77.542,76.688,75.548,80.746,82.384,79.465,112.5,155.0,146.0,87.0,77.0,76.0,69.0,60.5,58.5,55.0,47.0,43.5,16.021,22.073,20.792,12.39,10.966,10.823,9.826,8.616,8.331,7.833,6.693,6.195,540.0,588.0,579.0,443.5,438.5,455.5,475.5,478.0,472.0,512.0,531.5,514.5,76.901,83.737,82.455,63.159,62.447,64.868,67.716,68.072,67.217,72.914,75.691,73.27,0.853,0.827,0.832,0.859,0.87,0.875,0.888,0.899,0.901,0.912,0.925,0.928,1.0,1.0,1.0,1.0,1.0,1.0,1.0,1.0,1.0,1.0,1.0,1.0,91.2,89.6,89.9,91.5,92.2,92.5,93.3,93.9,94.0,94.7,95.5,95.7
NEAR NORTH SIDE,7.123,9412.0,11706.5,11927.5,9825.5,10034.5,10223.5,9379.0,8870.0,8583.5,8022.5,7329.5,6946.0,1321.353,1643.479,1674.505,1379.405,1408.746,1435.28,1316.72,1245.262,1205.04,1126.281,1028.991,975.151,5526.5,6451.0,6488.5,5162.0,5245.0,5613.0,6002.0,6080.0,6159.0,6054.5,5691.0,5424.0,775.867,905.658,910.922,724.695,736.347,788.011,842.622,853.573,864.664,849.993,798.961,761.477,14916.5,17097.5,17266.5,13679.5,13907.0,14884.5,15540.0,15571.5,15838.0,15596.0,14592.5,14147.5,2094.132,2400.323,2424.049,1920.469,1952.408,2089.639,2181.665,2186.087,2223.501,2189.527,2048.645,1986.172,875.0,1003.5,1166.5,825.0,1114.5,2257.0,2105.0,1948.5,1762.0,1321.0,1189.0,1273.0,122.841,140.882,163.765,115.822,156.465,316.861,295.522,273.55,247.368,185.456,166.924,178.717,14041.5,16094.0,16100.0,12854.5,12792.5,12627.5,13435.0,13623.0,14076.0,14275.0,13403.5,12874.5,1971.29,2259.441,2260.284,1804.647,1795.943,1772.778,1886.143,1912.537,1976.134,2004.071,1881.721,1807.455,0.945,0.945,0.937,0.943,0.926,0.868,0.881,0.889,0.9,0.922,0.925,0.917,1.0,1.0,1.0,1.0,1.0,1.0,1.0,1.0,1.0,1.0,1.0,1.0,96.7,96.7,96.2,96.6,95.5,92.1,92.8,93.3,94.0,95.3,95.5,95.0
NEAR SOUTH SIDE,4.624,808.5,977.5,979.0,811.5,853.0,939.0,878.0,839.0,941.5,986.5,953.5,929.0,174.849,211.397,211.721,175.497,184.472,203.071,189.879,181.445,203.612,213.343,206.207,200.908,432.0,532.5,554.0,473.5,497.5,541.0,591.0,599.0,672.0,722.0,718.0,714.5,93.426,115.16,119.81,102.401,107.591,116.998,127.811,129.542,145.329,156.142,155.277,154.52,1094.0,1349.5,1432.0,1236.5,1294.5,1419.5,1555.5,1580.5,1796.0,1930.5,1914.5,1901.0,236.592,291.847,309.689,267.409,279.952,306.985,336.397,341.804,388.408,417.496,414.035,411.116,166.5,182.0,174.0,107.5,127.5,188.0,157.0,131.5,137.5,128.5,121.5,123.0,36.008,39.36,37.63,23.248,27.574,40.657,33.953,28.439,29.736,27.79,26.276,26.6,927.5,1167.5,1258.0,1129.0,1167.0,1231.5,1398.5,1449.0,1658.5,1802.0,1793.0,1778.0,200.584,252.487,272.059,244.161,252.379,266.328,302.444,313.365,358.672,389.706,387.76,384.516,0.868,0.881,0.892,0.92,0.91,0.883,0.908,0.923,0.929,0.938,0.94,0.939,1.0,1.0,1.0,1.0,1.0,1.0,1.0,1.0,1.0,1.0,1.0,1.0,92.1,92.9,93.5,95.2,94.6,93.0,94.5,95.4,95.7,96.3,96.4,96.4
NEAR WEST SIDE,14.724,4648.0,5745.5,5974.5,4911.5,5253.0,5422.5,5065.0,5005.5,5030.5,4967.5,4779.0,4686.5,315.675,390.213,405.766,333.571,356.764,368.276,343.996,339.955,341.653,337.374,324.572,318.29,2200.5,2641.5,2727.0,2259.0,2508.5,2779.5,3088.5,3309.5,3543.5,3679.5,3612.0,3604.0,149.45,179.401,185.208,153.423,170.368,188.773,209.76,224.769,240.662,249.898,245.314,244.77,5973.0,7110.0,7296.0,6023.5,6711.5,7302.5,7814.5,8239.5,8802.0,9116.0,8920.0,8993.5,405.664,482.885,495.518,409.094,455.82,495.959,530.732,559.597,597.8,619.125,605.814,610.805,1560.0,1866.0,1799.5,1371.5,1450.5,1682.5,1421.0,1328.0,1189.5,944.5,845.0,805.0,105.949,126.732,122.215,93.147,98.513,114.269,96.509,90.193,80.786,64.147,57.389,54.673,4413.0,5244.0,5496.5,4652.0,5261.0,5620.0,6393.5,6911.5,7612.5,8171.5,8075.0,8188.5,299.715,356.153,373.302,315.947,357.308,381.69,434.223,469.404,517.013,554.978,548.424,556.133,0.793,0.792,0.802,0.815,0.822,0.813,0.846,0.861,0.881,0.906,0.913,0.918,1.0,1.0,1.0,1.0,1.0,1.0,1.0,1.0,1.0,1.0,1.0,1.0,87.6,87.5,88.1,88.9,89.3,88.8,90.8,91.7,92.9,94.4,94.8,95.1
NEW CITY,12.508,1968.5,2637.5,3151.5,2478.5,2446.5,2177.0,1720.5,1542.0,1439.5,1921.0,2317.0,2331.5,157.379,210.865,251.959,198.153,195.595,174.049,137.552,123.281,115.086,153.582,185.241,186.401,907.0,1165.0,1190.5,891.5,891.0,956.0,913.5,862.0,845.5,1362.5,1803.5,1845.0,72.514,93.14,95.179,71.274,71.234,76.431,73.033,68.916,67.597,108.93,144.188,147.506,2337.5,2936.5,2858.0,2128.5,2130.5,2274.5,2202.5,2097.0,2041.5,3464.5,4620.0,4714.5,186.88,234.77,228.494,170.171,170.331,181.844,176.087,167.653,163.216,276.983,369.364,376.919,794.0,1012.5,1019.5,790.0,822.5,855.0,682.0,678.0,643.5,629.5,593.5,571.5,63.479,80.948,81.508,63.16,65.758,68.356,54.525,54.205,51.447,50.328,47.45,45.691,1543.5,1924.0,1838.5,1338.5,1308.0,1419.5,1520.5,1419.0,1398.0,2835.0,4026.5,4143.0,123.401,153.822,146.986,107.012,104.573,113.487,121.562,113.447,111.768,226.655,321.914,331.228,0.746,0.744,0.737,0.729,0.721,0.727,0.764,0.756,0.76,0.846,0.886,0.892,1.0,1.0,1.0,1.0,1.0,1.0,1.0,1.0,1.0,1.0,1.0,1.0,84.8,84.6,84.2,83.8,83.3,83.6,85.8,85.3,85.6,90.8,93.2,93.5
NORTH CENTER,5.3,1755.5,2231.5,2235.5,1732.0,1756.0,1777.0,1555.0,1514.0,1492.5,1480.5,1286.0,1246.0,331.226,421.038,421.792,326.792,331.321,335.283,293.396,285.66,281.604,279.34,242.642,235.094,925.0,1135.0,1080.0,836.5,867.5,913.5,966.0,1009.0,1010.5,1051.5,952.0,950.0,174.528,214.151,203.774,157.83,163.679,172.358,182.264,190.377,190.66,198.396,179.623,179.245,2443.0,2945.5,2847.0,2194.5,2270.5,2360.0,2475.0,2584.0,2592.0,2737.0,2477.0,2491.5,460.943,555.755,537.17,414.057,428.396,445.283,466.981,487.547,489.057,516.415,467.358,470.094,494.5,592.5,593.0,420.5,452.5,465.0,311.0,276.0,243.5,227.0,195.5,189.5,93.302,111.792,111.887,79.34,85.377,87.736,58.679,52.075,45.943,42.83,36.887,35.755,1948.5,2353.0,2254.0,1774.0,1818.0,1895.0,2164.0,2308.0,2348.5,2510.0,2281.5,2302.0,367.642,443.962,425.283,334.717,343.019,357.547,408.302,435.472,443.113,473.585,430.472,434.34,0.832,0.833,0.828,0.839,0.834,0.835,0.888,0.903,0.914,0.923,0.927,0.929,1.0,1.0,1.0,1.0,1.0,1.0,1.0,1.0,1.0,1.0,1.0,1.0,89.9,90.0,89.7,90.4,90.0,90.1,93.3,94.2,94.8,95.4,95.6,95.8
NORTH LAWNDALE,8.314,1055.5,1367.0,1378.0,1029.5,1029.0,954.5,781.0,712.0,679.0,672.0,630.5,582.5,126.955,164.421,165.745,123.827,123.767,114.806,93.938,85.639,81.669,80.828,75.836,70.063,542.5,691.0,659.5,478.0,485.5,506.0,468.0,429.0,420.5,425.5,410.5,387.0,65.251,83.113,79.324,57.493,58.395,60.861,56.291,51.6,50.577,51.179,49.375,46.548,1455.5,1833.0,1743.0,1265.0,1288.0,1328.0,1191.5,1055.5,1041.5,1076.0,1060.5,988.5,175.066,220.471,209.646,152.153,154.919,159.731,143.312,126.955,125.271,129.42,127.556,118.896,425.5,583.0,661.0,512.5,539.5,497.0,429.5,428.0,382.0,355.0,310.5,280.0,51.179,70.123,79.504,61.643,64.891,59.779,51.66,51.479,45.947,42.699,37.347,33.678,1030.0,1250.0,1082.0,752.5,748.5,831.0,762.0,627.5,659.5,721.0,750.0,708.5,123.887,150.349,130.142,90.51,90.029,99.952,91.653,75.475,79.324,86.721,90.209,85.218,0.774,0.759,0.725,0.712,0.705,0.728,0.735,0.711,0.732,0.752,0.774,0.779,1.0,1.0,1.0,1.0,1.0,1.0,1.0,1.0,1.0,1.0,1.0,1.0,86.4,85.5,83.5,82.7,82.3,83.7,84.1,82.7,83.9,85.1,86.4,86.8
NORTH PARK,6.53,776.5,986.5,964.5,767.0,753.0,687.5,592.0,552.0,514.0,507.5,457.5,437.5,118.913,151.072,147.703,117.458,115.314,105.283,90.658,84.533,78.714,77.718,70.061,66.998,392.5,494.5,484.5,368.0,376.0,359.0,365.5,362.5,348.5,357.0,328.5,321.5,60.107,75.727,74.196,56.355,57.58,54.977,55.972,55.513,53.369,54.671,50.306,49.234,1005.0,1238.5,1201.0,902.0,938.5,911.0,941.0,923.0,893.0,911.5,849.5,829.0,153.905,189.663,183.92,138.132,143.721,139.51,144.104,141.348,136.753,139.587,130.092,126.953,186.0,229.0,231.5,176.5,180.5,181.0,132.5,121.5,117.0,119.0,103.5,99.5,28.484,35.069,35.452,27.029,27.642,27.718,20.291,18.606,17.917,18.224,15.85,15.237,819.0,1009.5,969.5,725.5,758.0,730.0,808.5,801.5,776.0,792.5,746.0,729.5,125.421,154.594,148.469,111.103,116.08,111.792,123.813,122.741,118.836,121.363,114.242,111.715,0.844,0.844,0.838,0.836,0.839,0.834,0.877,0.884,0.884,0.885,0.891,0.893,1.0,1.0,1.0,1.0,1.0,1.0,1.0,1.0,1.0,1.0,1.0,1.0,90.6,90.6,90.3,90.2,90.3,90.1,92.6,93.0,93.0,93.1,93.5,93.6
NORWOOD PARK,11.33,1096.0,1320.5,1237.5,953.0,929.5,954.5,816.0,803.5,781.0,767.5,709.5,688.0,96.734,116.549,109.223,84.113,82.039,84.245,72.021,70.918,68.932,67.741,62.621,60.724,520.5,625.5,581.5,448.5,438.0,464.5,474.5,495.5,499.5,511.5,479.0,488.5,45.94,55.207,51.324,39.585,38.658,40.997,41.88,43.733,44.086,45.146,42.277,43.116,1291.5,1511.5,1403.0,1079.5,1059.5,1114.5,1142.5,1189.0,1201.0,1236.0,1166.0,1194.5,113.989,133.407,123.831,95.278,93.513,98.367,100.838,104.943,106.002,109.091,102.913,105.428,292.0,378.0,365.0,273.0,262.5,293.0,198.5,190.0,169.0,160.0,162.5,158.5,25.772,33.363,32.215,24.095,23.169,25.861,17.52,16.77,14.916,14.122,14.342,13.989,999.5,1133.5,1038.0,806.5,797.0,821.5,944.0,999.0,1032.0,1076.0,1003.5,1036.0,88.217,100.044,91.615,71.183,70.344,72.507,83.319,88.173,91.086,94.969,88.57,91.439,0.816,0.8,0.794,0.798,0.801,0.792,0.852,0.862,0.877,0.885,0.878,0.883,1.0,1.0,1.0,1.0,1.0,1.0,1.0,1.0,1.0,1.0,1.0,1.0,88.9,88.0,87.6,87.9,88.1,87.5,91.1,91.7,92.6,93.1,92.7,93.0
OAKLAND,1.571,31.0,54.5,38.5,32.5,32.5,40.5,44.0,42.0,51.0,52.5,53.5,41.5,19.733,34.691,24.507,20.687,20.687,25.78,28.008,26.735,32.463,33.418,34.055,26.416,12.5,17.0,14.5,8.5,9.0,18.0,26.0,26.0,29.0,27.5,27.5,22.5,7.957,10.821,9.23,5.411,5.729,11.458,16.55,16.55,18.46,17.505,17.505,14.322,25.5,35.0,29.5,15.5,16.5,42.5,64.0,62.5,73.0,76.5,77.5,59.5,16.232,22.279,18.778,9.866,10.503,27.053,40.738,39.784,46.467,48.695,49.332,37.874,4.5,7.5,2.0,0.0,0.0,0.0,0.0,0.0,0.0,0.0,0.0,0.0,2.864,4.774,1.273,0.0,0.0,0.0,0.0,0.0,0.0,0.0,0.0,0.0,21.0,27.5,27.5,15.5,16.5,42.5,64.0,62.5,73.0,76.5,77.5,59.5,13.367,17.505,17.505,9.866,10.503,27.053,40.738,39.784,46.467,48.695,49.332,37.874,0.85,0.824,0.937,1.0,1.0,1.0,1.0,1.0,1.0,1.0,1.0,1.0,0.673,0.758,0.714,0.57,0.585,0.774,0.879,0.879,0.911,0.896,0.896,0.838,77.9,79.7,84.7,82.8,83.4,91.0,95.2,95.2,96.4,95.8,95.8,93.5
OHARE,34.545,1054.0,1356.0,1364.5,1052.5,1040.5,1009.5,916.5,909.5,904.5,878.0,858.5,868.0,30.511,39.253,39.499,30.468,30.12,29.223,26.531,26.328,26.183,25.416,24.852,25.127,627.0,786.5,783.5,598.0,587.5,587.5,612.5,660.0,685.0,694.0,698.0,721.5,18.15,22.767,22.681,17.311,17.007,17.007,17.73,19.106,19.829,20.09,20.206,20.886,1729.5,2135.5,2126.5,1643.5,1623.5,1619.5,1669.5,1777.0,1791.0,1798.5,1827.5,1896.5,50.065,61.818,61.557,47.576,46.997,46.881,48.328,51.44,51.845,52.063,52.902,54.899,43.0,56.0,34.0,31.0,44.0,75.0,61.5,50.0,52.5,42.0,38.0,35.0,1.245,1.621,0.984,0.897,1.274,2.171,1.78,1.447,1.52,1.216,1.1,1.013,1686.5,2079.5,2092.5,1612.5,1579.5,1544.5,1608.0,1727.0,1738.5,1756.5,1789.5,1861.5,48.82,60.197,60.573,46.678,45.723,44.71,46.548,49.993,50.326,50.847,51.802,53.886,0.976,0.974,0.984,0.981,0.974,0.956,0.964,0.973,0.972,0.977,0.98,0.982,0.906,0.972,0.971,0.892,0.887,0.887,0.899,0.921,0.932,0.936,0.937,0.947,94.8,97.4,97.9,94.6,93.9,92.8,93.8,95.2,95.6,96.1,96.3,96.8
PORTAGE PARK,10.238,2493.0,3102.5,2967.5,2089.0,1989.0,1976.5,1735.0,1684.0,1577.5,1486.5,1406.5,1390.0,243.505,303.038,289.852,204.044,194.276,193.055,169.467,164.485,154.083,145.194,137.38,135.769,1281.5,1559.5,1442.0,1022.0,1009.5,1022.0,1046.5,1071.0,1047.5,1039.0,1000.5,1011.0,125.171,152.325,140.848,99.824,98.603,99.824,102.217,104.61,102.315,101.485,97.724,98.75,3233.5,3882.0,3613.5,2546.5,2525.0,2574.5,2636.0,2702.5,2663.0,2664.0,2565.5,2600.0,315.833,379.176,352.95,248.73,246.63,251.465,257.472,263.968,260.109,260.207,250.586,253.956,639.0,804.5,762.5,555.0,553.0,561.5,403.5,391.5,385.0,381.5,370.0,341.5,62.415,78.58,74.477,54.21,54.014,54.845,39.412,38.24,37.605,37.263,36.14,33.356,2594.5,3077.5,2851.0,1991.5,1972.0,2013.0,2232.5,2311.0,2278.0,2282.5,2195.5,2258.5,253.419,300.596,278.472,194.52,192.616,196.62,218.06,225.728,222.504,222.944,214.446,220.6,0.835,0.828,0.826,0.821,0.82,0.821,0.867,0.873,0.874,0.875,0.874,0.884,1.0,1.0,1.0,1.0,1.0,1.0,1.0,1.0,1.0,1.0,1.0,1.0,90.1,89.7,89.5,89.3,89.2,89.3,92.0,92.4,92.4,92.5,92.4,93.0
PULLMAN,5.481,281.0,353.0,336.5,274.0,264.5,228.5,194.5,195.5,197.5,204.0,194.0,166.0,51.268,64.404,61.394,49.991,48.258,41.689,35.486,35.669,36.034,37.219,35.395,30.286,93.5,123.5,103.5,79.0,71.5,79.5,105.5,109.0,116.5,122.0,117.0,99.0,17.059,22.532,18.883,14.413,13.045,14.505,19.248,19.887,21.255,22.259,21.346,18.062,254.5,332.5,283.5,210.0,191.0,213.5,266.0,266.5,281.0,299.5,287.5,238.5,46.433,60.664,51.724,38.314,34.848,38.953,48.531,48.623,51.268,54.643,52.454,43.514,189.5,241.0,246.0,208.5,202.0,163.0,101.0,103.0,96.5,96.5,96.0,81.5,34.574,43.97,44.882,38.041,36.855,29.739,18.427,18.792,17.606,17.606,17.515,14.87,65.0,91.5,37.5,1.5,-11.0,50.5,165.0,163.5,184.5,203.0,191.5,157.0,11.859,16.694,6.842,0.274,-2.007,9.214,30.104,29.83,33.662,37.037,34.939,28.644,0.573,0.58,0.535,0.502,0.486,0.567,0.725,0.721,0.744,0.756,0.75,0.745,0.888,0.969,0.918,0.84,0.811,0.841,0.923,0.933,0.952,0.966,0.954,0.905,69.9,73.6,68.8,63.7,61.6,67.7,80.4,80.6,82.8,84.0,83.1,80.9
RIVERDALE,9.14,139.5,166.0,135.5,102.0,102.5,93.0,73.0,68.5,67.5,64.0,48.0,47.0,15.263,18.162,14.825,11.16,11.214,10.175,7.987,7.495,7.385,7.002,5.252,5.142,47.5,50.0,39.5,32.0,33.0,33.0,33.5,34.0,31.5,27.0,20.5,22.0,5.197,5.47,4.322,3.501,3.611,3.611,3.665,3.72,3.446,2.954,2.243,2.407,127.5,137.0,110.5,91.0,94.5,92.0,91.5,87.5,82.5,72.0,56.0,60.0,13.95,14.989,12.09,9.956,10.339,10.066,10.011,9.573,9.026,7.877,6.127,6.565,89.5,112.0,107.5,83.0,84.0,83.0,62.0,52.5,46.0,45.5,34.5,29.5,9.792,12.254,11.761,9.081,9.19,9.081,6.783,5.744,5.033,4.978,3.775,3.228,38.0,25.0,3.0,8.0,10.5,9.0,29.5,35.0,36.5,26.5,21.5,30.5,4.158,2.735,0.328,0.875,1.149,0.985,3.228,3.829,3.993,2.899,2.352,3.337,0.588,0.55,0.507,0.523,0.529,0.526,0.596,0.625,0.642,0.613,0.619,0.67,0.56,0.573,0.513,0.462,0.469,0.469,0.473,0.476,0.458,0.422,0.361,0.376,57.6,55.9,50.9,49.8,50.5,50.3,54.7,56.6,56.8,53.6,51.6,55.3
ROGERS PARK,4.762,1623.5,1962.5,1804.5,1411.5,1460.5,1416.0,1245.0,1218.5,1179.0,1118.0,1030.0,993.5,340.928,412.117,378.937,296.409,306.699,297.354,261.445,255.88,247.585,234.775,216.296,208.631,1002.5,1142.0,1009.5,817.0,834.5,875.0,896.0,917.5,905.0,873.5,796.0,786.0,210.521,239.815,211.991,171.567,175.241,183.746,188.156,192.671,190.046,183.431,167.157,165.057,2546.0,2903.0,2623.5,2138.0,2172.0,2273.5,2358.0,2399.5,2382.5,2321.5,2114.5,2100.5,534.649,609.618,550.924,448.971,456.111,477.425,495.17,503.885,500.315,487.505,444.036,441.096,310.0,397.5,366.0,265.0,268.5,283.0,193.0,184.5,195.5,187.5,164.5,151.0,65.099,83.473,76.858,55.649,56.384,59.429,40.529,38.744,41.054,39.374,34.544,31.709,2236.0,2505.5,2257.5,1873.0,1903.5,1990.5,2165.0,2215.0,2187.0,2134.0,1950.0,1949.5,469.551,526.144,474.066,393.322,399.727,417.997,454.641,465.141,459.261,448.131,409.492,409.387,0.891,0.88,0.878,0.89,0.89,0.889,0.924,0.929,0.924,0.925,0.928,0.933,1.0,1.0,1.0,1.0,1.0,1.0,1.0,1.0,1.0,1.0,1.0,1.0,93.5,92.8,92.7,93.4,93.4,93.4,95.5,95.7,95.4,95.5,95.7,96.0
ROSELAND,12.478,1135.5,1330.5,1214.5,968.0,952.0,889.5,735.5,664.5,632.5,626.5,561.5,507.0,91.0,106.628,97.331,77.577,76.294,71.285,58.944,53.254,50.689,50.208,44.999,40.632,616.0,728.5,680.0,534.0,527.0,543.0,536.0,490.5,478.5,463.5,411.0,394.0,49.367,58.383,54.496,42.795,42.234,43.517,42.956,39.309,38.347,37.145,32.938,31.576,1511.0,1777.5,1656.0,1303.0,1309.0,1351.5,1316.5,1200.0,1177.5,1135.5,1001.5,995.0,121.093,142.451,132.714,104.424,104.905,108.311,105.506,96.169,94.366,91.0,80.261,79.74,218.5,267.0,221.5,164.0,171.5,170.0,122.0,104.0,94.5,95.5,85.0,75.0,17.511,21.398,17.751,13.143,13.744,13.624,9.777,8.335,7.573,7.653,6.812,6.011,1292.5,1510.5,1434.5,1139.0,1137.5,1181.5,1194.5,1096.0,1083.0,1040.0,916.5,920.0,103.582,121.053,114.962,91.281,91.16,94.687,95.728,87.835,86.793,83.347,73.449,73.73,0.874,0.869,0.882,0.888,0.884,0.888,0.915,0.92,0.926,0.922,0.922,0.93,1.0,1.0,1.0,1.0,1.0,1.0,1.0,1.0,1.0,1.0,1.0,1.0,92.4,92.2,92.9,93.3,93.0,93.3,94.9,95.2,95.5,95.3,95.3,95.8
SOUTH CHICAGO,8.665,934.5,1145.5,1092.0,807.0,774.5,712.0,540.0,489.5,485.0,491.0,437.5,415.5,107.848,132.198,126.024,93.133,89.383,82.17,62.32,56.492,55.972,56.665,50.49,47.952,533.0,630.5,590.5,440.0,417.0,422.0,381.5,346.0,346.0,360.0,330.0,320.0,61.512,72.764,68.148,50.779,48.125,48.702,44.028,39.931,39.931,41.546,38.084,36.93,1345.0,1577.0,1452.0,1084.0,1044.0,1058.0,937.0,838.0,834.5,869.0,808.5,798.5,155.222,181.997,167.571,125.101,120.485,122.1,108.136,96.711,96.307,100.289,93.306,92.152,190.0,248.5,264.5,203.5,216.0,223.5,154.5,157.5,150.0,148.5,134.5,132.5,21.927,28.679,30.525,23.485,24.928,25.793,17.83,18.177,17.311,17.138,15.522,15.291,1155.0,1328.5,1187.5,880.5,828.0,834.5,782.5,680.5,684.5,720.5,674.0,666.0,133.295,153.318,137.046,101.616,95.557,96.307,90.306,78.534,78.996,83.151,77.784,76.861,0.876,0.864,0.846,0.842,0.829,0.826,0.858,0.842,0.848,0.854,0.857,0.858,1.0,1.0,1.0,1.0,1.0,1.0,1.0,1.0,1.0,1.0,1.0,1.0,92.6,91.8,90.8,90.5,89.7,89.5,91.5,90.5,90.9,91.2,91.4,91.5
SOUTH DEERING,28.222,499.5,612.5,639.5,502.5,511.0,486.5,389.5,365.0,357.5,337.5,325.0,321.0,17.699,21.703,22.66,17.805,18.106,17.238,13.801,12.933,12.667,11.959,11.516,11.374,229.0,269.0,263.0,203.0,201.0,223.5,229.5,229.0,230.5,217.5,212.0,217.5,8.114,9.532,9.319,7.193,7.122,7.919,8.132,8.114,8.167,7.707,7.512,7.707,601.5,687.5,660.5,511.5,508.5,572.5,590.0,591.0,595.0,576.5,560.5,567.0,21.313,24.36,23.404,18.124,18.018,20.286,20.906,20.941,21.083,20.427,19.86,20.091,211.0,283.0,326.5,267.5,283.5,300.0,219.0,200.5,193.5,180.5,171.5,164.0,7.476,10.028,11.569,9.478,10.045,10.63,7.76,7.104,6.856,6.396,6.077,5.811,390.5,404.5,334.0,244.0,225.0,272.5,371.0,390.5,401.5,396.0,389.0,403.0,13.837,14.333,11.835,8.646,7.973,9.656,13.146,13.837,14.226,14.032,13.784,14.28,0.74,0.708,0.669,0.657,0.642,0.656,0.729,0.747,0.755,0.762,0.766,0.776,0.678,0.723,0.716,0.646,0.643,0.672,0.679,0.678,0.68,0.664,0.657,0.664,71.5,71.4,68.8,65.2,64.2,66.2,70.9,71.9,72.5,72.3,72.2,73.1
SOUTH LAWNDALE,11.891,2896.0,3653.0,3820.0,2830.5,2826.5,2705.5,2150.5,2009.5,1911.0,1803.5,1651.0,1604.5,243.546,307.207,321.251,238.037,237.701,227.525,180.851,168.993,160.71,151.669,138.845,134.934,1448.5,1800.0,1760.0,1298.5,1281.0,1431.5,1397.5,1348.0,1320.5,1258.0,1190.5,1180.0,121.815,151.375,148.011,109.2,107.729,120.385,117.526,113.363,111.05,105.794,100.118,99.235,3493.5,4289.0,4128.0,3068.0,3025.5,3484.0,3419.0,3259.5,3188.0,3047.5,2911.5,2937.5,293.794,360.693,347.153,258.01,254.436,292.995,287.528,274.115,268.102,256.286,244.849,247.036,838.5,1105.5,1171.0,867.0,862.5,892.0,629.0,617.5,618.5,584.5,529.5,522.5,70.516,92.969,98.478,72.912,72.534,75.015,52.897,51.93,52.014,49.155,44.529,43.941,2655.0,3183.5,2957.0,2201.0,2163.0,2592.0,2790.0,2642.0,2569.5,2463.0,2382.0,2415.0,223.278,267.723,248.675,185.098,181.902,217.98,234.631,222.185,216.088,207.131,200.32,203.095,0.806,0.795,0.779,0.78,0.778,0.796,0.845,0.841,0.838,0.839,0.846,0.849,1.0,1.0,1.0,1.0,1.0,1.0,1.0,1.0,1.0,1.0,1.0,1.0,88.4,87.7,86.7,86.8,86.7,87.8,90.7,90.4,90.3,90.3,90.8,90.9
SOUTH SHORE,7.6,1355.5,1762.5,1665.0,1201.0,1143.5,1051.5,877.0,812.5,822.0,885.0,768.5,690.0,178.355,231.908,219.079,158.026,150.461,138.355,115.395,106.908,108.158,116.447,101.118,90.789,753.5,975.5,921.5,687.0,660.5,670.0,643.5,606.5,609.0,647.0,570.5,535.0,99.145,128.355,121.25,90.395,86.908,88.158,84.671,79.803,80.132,85.132,75.066,70.395,1874.0,2401.5,2269.0,1695.5,1644.0,1678.5,1614.0,1500.0,1507.5,1613.5,1433.5,1370.5,246.579,315.987,298.553,223.092,216.316,220.855,212.368,197.368,198.355,212.303,188.618,180.329,224.5,268.5,211.5,142.0,141.0,134.5,123.0,122.0,124.5,127.5,118.5,110.0,29.539,35.329,27.829,18.684,18.553,17.697,16.184,16.053,16.382,16.776,15.592,14.474,1649.5,2133.0,2057.5,1553.5,1503.0,1544.0,1491.0,1378.0,1383.0,1486.0,1315.0,1260.5,217.039,280.658,270.724,204.408,197.763,203.158,196.184,181.316,181.974,195.526,173.026,165.855,0.893,0.899,0.915,0.923,0.921,0.926,0.929,0.925,0.924,0.927,0.924,0.926,1.0,1.0,1.0,1.0,1.0,1.0,1.0,1.0,1.0,1.0,1.0,1.0,93.6,94.0,94.9,95.4,95.3,95.5,95.8,95.5,95.4,95.6,95.4,95.5
UPTOWN,6.047,2096.0,2611.5,2424.5,1906.0,1907.5,1956.5,1688.5,1594.0,1574.5,1500.5,1404.0,1375.5,346.618,431.867,400.943,315.198,315.446,323.549,279.229,263.602,260.377,248.14,232.181,227.468,1279.0,1544.5,1359.5,1071.0,1075.0,1173.5,1194.5,1189.5,1184.5,1166.5,1102.0,1109.5,211.51,255.416,224.822,177.113,177.774,194.063,197.536,196.709,195.882,192.906,182.239,183.479,3186.5,3838.5,3400.0,2670.5,2669.0,2921.5,2990.5,2987.0,3020.0,3019.5,2875.0,2910.5,526.956,634.778,562.262,441.624,441.376,483.132,494.543,493.964,499.421,499.339,475.442,481.313,367.5,464.0,457.5,344.0,348.0,328.0,267.5,259.5,242.5,202.5,159.5,128.5,60.774,76.732,75.657,56.888,57.549,54.242,44.237,42.914,40.103,33.488,26.377,21.25,2819.0,3374.5,2942.5,2326.5,2321.0,2593.5,2723.0,2727.5,2777.5,2817.0,2715.5,2782.0,466.182,558.045,486.605,384.736,383.827,428.89,450.306,451.05,459.319,465.851,449.066,460.063,0.897,0.892,0.881,0.886,0.885,0.899,0.918,0.92,0.926,0.937,0.947,0.958,1.0,1.0,1.0,1.0,1.0,1.0,1.0,1.0,1.0,1.0,1.0,1.0,93.8,93.5,92.9,93.2,93.1,93.9,95.1,95.2,95.5,96.2,96.8,97.5
WASHINGTON HEIGHTS,7.398,594.0,775.5,755.0,561.5,537.5,522.5,418.5,415.5,408.0,425.5,402.5,373.5,80.292,104.826,102.055,75.899,72.655,70.627,56.569,56.164,55.15,57.516,54.407,50.487,290.5,390.5,385.0,301.0,307.5,316.0,291.0,298.5,301.5,302.5,286.5,278.5,39.267,52.785,52.041,40.687,41.565,42.714,39.335,40.349,40.754,40.889,38.727,37.645,720.0,955.5,956.0,743.5,761.5,783.0,730.0,735.5,746.0,750.0,719.5,722.0,97.324,129.157,129.224,100.5,102.933,105.839,98.675,99.419,100.838,101.379,97.256,97.594,190.0,257.5,258.5,200.5,196.0,199.5,131.0,121.0,111.0,111.0,106.5,103.0,25.683,34.807,34.942,27.102,26.494,26.967,17.707,16.356,15.004,15.004,14.396,13.923,530.0,698.0,697.5,543.0,565.5,583.5,599.0,614.5,635.0,639.0,613.0,619.0,71.641,94.35,94.282,73.398,76.44,78.873,80.968,83.063,85.834,86.375,82.86,83.671,0.791,0.788,0.787,0.788,0.795,0.797,0.848,0.859,0.87,0.871,0.871,0.875,1.0,1.0,1.0,1.0,1.0,1.0,1.0,1.0,1.0,1.0,1.0,1.0,87.5,87.3,87.2,87.3,87.7,87.8,90.9,91.5,92.2,92.3,92.3,92.5
WASHINGTON PARK,3.937,292.0,341.5,330.5,243.5,248.0,237.0,189.0,160.0,159.5,174.5,167.0,171.5,74.168,86.741,83.947,61.849,62.992,60.198,48.006,40.64,40.513,44.323,42.418,43.561,181.0,204.0,177.5,131.5,147.0,156.0,139.5,121.5,127.0,141.0,134.5,146.0,45.974,51.816,45.085,33.401,37.338,39.624,35.433,30.861,32.258,35.814,34.163,37.084,495.0,554.5,488.5,363.5,407.0,429.0,371.0,322.5,341.0,381.0,361.0,382.5,125.73,140.843,124.079,92.329,103.378,108.966,94.234,81.915,86.614,96.774,91.694,97.155,85.0,93.5,85.0,63.0,58.5,58.5,40.5,30.0,27.0,25.5,21.0,18.0,21.59,23.749,21.59,16.002,14.859,14.859,10.287,7.62,6.858,6.477,5.334,4.572,410.0,461.0,403.5,300.5,348.5,370.5,330.5,292.5,314.0,355.5,340.0,364.5,104.14,117.094,102.489,76.327,88.519,94.107,83.947,74.295,79.756,90.297,86.36,92.583,0.853,0.856,0.852,0.852,0.874,0.88,0.902,0.915,0.927,0.937,0.945,0.955,1.0,1.0,1.0,1.0,1.0,1.0,1.0,1.0,1.0,1.0,1.0,1.0,91.2,91.3,91.1,91.1,92.5,92.8,94.1,94.9,95.6,96.2,96.7,97.3
WEST ELSDON,3.039,550.0,696.5,692.0,526.0,522.0,517.0,440.5,429.5,417.0,408.0,387.5,361.5,180.981,229.187,227.706,173.083,171.767,170.122,144.949,141.329,137.216,134.255,127.509,118.954,306.0,369.5,354.0,262.0,268.0,306.0,297.5,309.5,309.0,304.0,294.0,281.0,100.691,121.586,116.486,86.213,88.187,100.691,97.894,101.843,101.678,100.033,96.742,92.465,734.0,852.0,807.0,594.0,607.5,701.5,688.5,721.5,721.5,711.0,705.5,690.0,241.527,280.355,265.548,195.459,199.901,230.833,226.555,237.414,237.414,233.959,232.149,227.048,103.0,149.0,152.5,105.5,94.0,92.0,83.5,80.5,75.0,75.5,66.5,57.5,33.893,49.029,50.181,34.715,30.931,30.273,27.476,26.489,24.679,24.844,21.882,18.921,631.0,703.0,654.5,488.5,513.5,609.5,605.0,641.0,646.5,635.5,639.0,632.5,207.634,231.326,215.367,160.744,168.97,200.559,199.079,210.925,212.734,209.115,210.267,208.128,0.877,0.851,0.841,0.849,0.866,0.884,0.892,0.9,0.906,0.904,0.914,0.923,1.0,1.0,1.0,1.0,1.0,1.0,1.0,1.0,1.0,1.0,1.0,1.0,92.6,91.1,90.5,91.0,92.0,93.0,93.5,94.0,94.4,94.2,94.8,95.4
WEST ENGLEWOOD,8.17,835.0,1018.0,1019.5,805.5,805.0,760.0,600.5,535.5,509.5,520.5,464.0,459.5,102.203,124.602,124.786,98.592,98.531,93.023,73.501,65.545,62.362,63.709,56.793,56.242,489.0,591.0,581.5,463.5,465.5,491.0,446.0,398.5,379.0,391.0,350.0,353.0,59.853,72.338,71.175,56.732,56.977,60.098,54.59,48.776,46.389,47.858,42.84,43.207,1326.5,1612.5,1572.0,1246.0,1249.0,1305.0,1180.5,1041.5,989.5,1016.0,908.5,925.0,162.362,197.368,192.411,152.509,152.876,159.731,144.492,127.479,121.114,124.357,111.2,113.219,289.0,327.5,311.5,258.5,296.5,295.0,231.0,209.5,192.0,196.0,182.0,175.0,35.373,40.086,38.127,31.64,36.291,36.108,28.274,25.643,23.501,23.99,22.277,21.42,1037.5,1285.0,1260.5,987.5,952.5,1010.0,949.5,832.0,797.5,820.0,726.5,750.0,126.989,157.283,154.284,120.869,116.585,123.623,116.218,101.836,97.613,100.367,88.923,91.799,0.821,0.831,0.835,0.828,0.808,0.816,0.836,0.833,0.837,0.838,0.833,0.841,1.0,1.0,1.0,1.0,1.0,1.0,1.0,1.0,1.0,1.0,1.0,1.0,89.3,89.9,90.1,89.7,88.5,88.9,90.2,90.0,90.2,90.3,90.0,90.5
WEST GARFIELD PARK,3.353,699.0,888.5,821.5,628.5,657.5,613.0,502.0,482.5,475.0,482.0,438.0,431.0,208.47,264.987,245.004,187.444,196.093,182.821,149.717,143.901,141.664,143.752,130.629,128.542,359.5,465.0,391.0,294.5,315.0,338.5,315.5,314.5,318.0,318.5,291.0,296.0,107.217,138.682,116.612,87.832,93.946,100.954,94.095,93.797,94.84,94.99,86.788,88.279,925.5,1161.0,930.5,708.5,783.5,826.5,753.5,751.0,773.5,784.0,722.0,743.0,276.021,346.257,277.513,211.303,233.671,246.496,224.724,223.979,230.689,233.82,215.33,221.593,214.0,281.5,301.5,232.5,270.0,264.0,221.5,206.5,190.0,209.0,187.5,173.5,63.823,83.955,89.919,69.341,80.525,78.735,66.06,61.587,56.666,62.332,55.92,51.745,711.5,879.5,629.0,476.0,513.5,562.5,532.0,544.5,583.5,575.0,534.5,569.5,212.198,262.302,187.593,141.962,153.146,167.76,158.664,162.392,174.023,171.488,159.409,169.848,0.812,0.805,0.755,0.753,0.744,0.758,0.773,0.784,0.803,0.79,0.794,0.811,1.0,1.0,1.0,1.0,1.0,1.0,1.0,1.0,1.0,1.0,1.0,1.0,88.7,88.3,85.3,85.2,84.6,85.5,86.4,87.1,88.2,87.4,87.6,88.6
WEST LAWN,7.647,1111.5,1318.0,1289.0,1041.5,995.5,967.5,830.0,784.0,749.0,724.5,675.5,639.5,145.351,172.355,168.563,136.197,130.182,126.52,108.539,102.524,97.947,94.743,88.335,83.628,587.5,671.0,621.0,480.5,457.5,493.5,552.0,563.0,549.5,541.0,505.0,487.5,76.828,87.747,81.208,62.835,59.827,64.535,72.185,73.624,71.858,70.747,66.039,63.75,1431.5,1577.0,1453.0,1135.0,1073.5,1158.0,1296.0,1334.5,1311.0,1301.5,1225.0,1190.0,187.198,206.225,190.009,148.424,140.382,151.432,169.478,174.513,171.44,170.197,160.194,155.617,194.5,227.0,223.0,181.0,193.0,210.5,150.0,143.0,143.5,120.5,108.5,112.0,25.435,29.685,29.162,23.669,25.239,27.527,19.616,18.7,18.766,15.758,14.189,14.646,1237.0,1350.0,1230.0,954.0,880.5,947.5,1146.0,1191.5,1167.5,1181.0,1116.5,1078.0,161.763,176.54,160.847,124.755,115.143,123.905,149.863,155.813,152.674,154.44,146.005,140.97,0.88,0.874,0.867,0.862,0.848,0.846,0.896,0.903,0.901,0.915,0.919,0.914,1.0,1.0,1.0,1.0,1.0,1.0,1.0,1.0,1.0,1.0,1.0,1.0,92.8,92.5,92.0,91.7,90.9,90.8,93.8,94.2,94.1,94.9,95.1,94.8
WEST PULLMAN,9.231,659.5,741.5,713.0,557.0,544.0,491.5,363.5,339.0,325.5,329.0,317.5,286.5,71.444,80.327,77.24,60.34,58.932,53.245,39.378,36.724,35.262,35.641,34.395,31.037,317.0,355.0,343.0,259.0,275.0,275.0,231.0,211.0,203.5,207.5,209.5,192.0,34.341,38.457,37.157,28.058,29.791,29.791,25.024,22.858,22.045,22.479,22.695,20.799,842.0,921.0,877.5,652.0,708.0,711.5,603.5,538.0,515.0,524.0,507.5,485.0,91.214,99.773,95.06,70.632,76.698,77.077,65.378,58.282,55.79,56.765,54.978,52.54,281.0,327.5,325.5,223.0,223.0,200.5,148.0,161.5,150.0,131.5,121.5,111.0,30.441,35.478,35.262,24.158,24.158,21.72,16.033,17.495,16.25,14.245,13.162,12.025,561.0,593.5,552.0,429.0,485.0,511.0,455.5,376.5,365.0,392.5,386.0,374.0,60.773,64.294,59.799,46.474,52.54,55.357,49.345,40.786,39.541,42.52,41.816,40.516,0.75,0.738,0.729,0.745,0.76,0.78,0.803,0.769,0.774,0.799,0.807,0.814,1.0,1.0,1.0,1.0,1.0,1.0,1.0,0.974,0.963,0.969,0.972,0.946,85.0,84.3,83.8,84.7,85.6,86.8,88.2,85.1,85.0,86.7,87.3,86.7
WEST RIDGE,9.144,2460.5,3126.5,2938.5,2325.5,2262.5,2159.0,1835.5,1757.0,1685.5,1631.5,1493.5,1435.5,269.084,341.918,321.358,254.32,247.43,236.111,200.733,192.148,184.329,178.423,163.331,156.988,1455.5,1818.5,1683.5,1317.5,1305.5,1315.0,1296.0,1281.5,1259.0,1240.0,1141.0,1126.0,159.175,198.874,184.11,144.084,142.771,143.81,141.732,140.147,137.686,135.608,124.781,123.141,3633.0,4445.0,4111.0,3171.5,3138.0,3152.0,3134.0,3123.0,3074.5,3072.5,2853.0,2847.5,397.31,486.111,449.584,346.839,343.176,344.707,342.738,341.535,336.231,336.013,312.008,311.406,458.0,603.5,582.0,477.0,468.5,452.0,314.0,301.5,296.0,272.0,263.0,244.5,50.087,66.0,63.648,52.165,51.236,49.431,34.339,32.972,32.371,29.746,28.762,26.739,3175.0,3841.5,3529.0,2694.5,2669.5,2700.0,2820.0,2821.5,2778.5,2800.5,2590.0,2603.0,347.222,420.112,385.936,294.674,291.94,295.276,308.399,308.563,303.86,306.266,283.246,284.668,0.888,0.88,0.876,0.869,0.87,0.875,0.909,0.912,0.912,0.919,0.916,0.921,1.0,1.0,1.0,1.0,1.0,1.0,1.0,1.0,1.0,1.0,1.0,1.0,93.3,92.8,92.6,92.2,92.2,92.5,94.5,94.7,94.7,95.1,94.9,95.3
WEST TOWN,11.851,4778.0,5920.0,5739.0,4585.5,4752.0,4858.0,4356.5,4309.0,4303.0,4362.0,4016.5,3976.5,403.173,499.536,484.263,386.929,400.979,409.923,367.606,363.598,363.092,368.07,338.917,335.541,2597.0,3069.5,2860.0,2327.0,2463.5,2710.0,2849.0,3018.0,3111.0,3284.0,3086.5,3117.0,219.138,259.008,241.33,196.355,207.873,228.673,240.402,254.662,262.509,277.107,260.442,263.016,6840.5,8020.5,7432.5,6034.0,6393.5,7011.0,7303.0,7693.0,7956.5,8485.5,8037.5,8113.5,577.209,676.778,627.162,509.155,539.49,591.596,616.235,649.144,671.378,716.016,678.213,684.626,1070.0,1322.0,1315.0,983.5,1031.5,1156.0,951.5,830.0,722.5,655.5,563.5,535.5,90.288,111.552,110.961,82.989,87.039,97.545,80.289,70.036,60.965,55.312,47.549,45.186,5770.5,6698.5,6117.5,5050.5,5362.0,5855.0,6351.5,6863.0,7234.0,7830.0,7474.0,7578.0,486.921,565.227,516.201,426.167,452.451,494.051,535.946,579.107,610.413,660.704,630.664,639.44,0.865,0.858,0.85,0.86,0.861,0.858,0.885,0.903,0.917,0.928,0.934,0.938,1.0,1.0,1.0,1.0,1.0,1.0,1.0,1.0,1.0,1.0,1.0,1.0,91.9,91.5,91.0,91.6,91.7,91.5,93.1,94.2,95.0,95.7,96.1,96.3
WOODLAWN,5.371,519.5,642.5,621.0,521.5,499.0,453.5,378.0,372.5,373.0,417.5,405.5,377.5,96.723,119.624,115.621,97.096,92.906,84.435,70.378,69.354,69.447,77.732,75.498,70.285,333.5,416.0,399.5,321.0,314.0,308.5,304.5,299.5,294.0,318.0,311.0,300.5,62.093,77.453,74.381,59.765,58.462,57.438,56.693,55.762,54.738,59.207,57.904,55.949,860.5,1065.0,1023.5,826.5,824.0,820.0,808.5,761.5,759.0,833.0,815.0,795.0,160.212,198.287,190.56,153.882,153.416,152.672,150.531,141.78,141.314,155.092,151.741,148.017,67.0,94.5,97.0,74.0,70.5,62.5,49.5,47.5,48.5,50.0,46.0,36.5,12.474,17.594,18.06,13.778,13.126,11.637,9.216,8.844,9.03,9.309,8.565,6.796,793.5,970.5,926.5,752.5,753.5,757.5,759.0,714.0,710.5,783.0,769.0,758.5,147.738,180.693,172.5,140.104,140.29,141.035,141.314,132.936,132.284,145.783,143.176,141.221,0.928,0.918,0.913,0.918,0.921,0.929,0.942,0.941,0.94,0.943,0.947,0.956,1.0,1.0,1.0,1.0,1.0,1.0,1.0,1.0,1.0,1.0,1.0,1.0,95.7,95.1,94.8,95.1,95.3,95.8,96.5,96.5,96.4,96.6,96.8,97.4
