aggregation_unit,year,period_start_year,period_end_year,years_in_period,land_area_sqmi,active_license_count,active_license_density_per_sqmi,positive_storefront_count,positive_storefront_density_per_sqmi,positive_weight,positive_weight_density_per_sqmi,negative_weight,negative_weight_density_per_sqmi,net_weight,net_weight_density_per_sqmi,mix_balance,destination_intensity,walkability_score
ALBANY PARK,2002,2002,2003,2,,2074.0,,1205.5,,3066.5,,544.5,,2522.0,,0.849,0.0,51.0
ALBANY PARK,2004,2004,2005,2,,2443.0,,1412.0,,3521.5,,591.5,,2930.0,,0.856,0.0,51.4
ALBANY PARK,2006,2006,2007,2,,2408.5,,1318.5,,3264.0,,632.5,,2631.5,,0.838,0.0,50.3
ALBANY PARK,2008,2008,2009,2,,1781.5,,948.5,,2328.0,,439.5,,1888.5,,0.841,0.0,50.5
ALBANY PARK,2010,2010,2011,2,,1786.5,,934.0,,2296.5,,449.5,,1847.0,,0.836,0.0,50.2
ALBANY PARK,2012,2012,2013,2,,1761.0,,972.5,,2390.5,,465.0,,1925.5,,0.837,0.0,50.2
ALBANY PARK,2014,2014,2015,2,,1531.0,,1003.5,,2478.5,,348.5,,2130.0,,0.877,0.0,52.6
ALBANY PARK,2016,2016,2017,2,,1478.0,,1016.5,,2493.5,,331.0,,2162.5,,0.883,0.0,53.0
ALBANY PARK,2018,2018,2019,2,,1406.0,,1012.0,,2501.0,,320.0,,2181.0,,0.887,0.0,53.2
ALBANY PARK,2020,2020,2021,2,,1411.5,,1052.5,,2662.5,,303.0,,2359.5,,0.898,0.0,53.9
ALBANY PARK,2022,2022,2023,2,,1323.5,,1007.0,,2568.0,,272.5,,2295.5,,0.904,0.0,54.2
ALBANY PARK,2024,2024,2025,2,,1249.0,,960.5,,2496.0,,258.0,,2238.0,,0.906,0.0,54.4
ARCHER HEIGHTS,2002,2002,2003,2,,738.0,,353.5,,906.0,,373.0,,533.0,,0.708,0.0,42.5
ARCHER HEIGHTS,2004,2004,2005,2,,902.0,,429.5,,1071.0,,475.0,,596.0,,0.693,0.0,41.6
ARCHER HEIGHTS,2006,2006,2007,2,,856.0,,391.5,,967.5,,490.5,,477.0,,0.664,0.0,39.8
ARCHER HEIGHTS,2008,2008,2009,2,,698.0,,305.0,,757.5,,400.0,,357.5,,0.654,0.0,39.3
ARCHER HEIGHTS,2010,2010,2011,2,,694.0,,295.0,,744.5,,442.5,,302.0,,0.627,0.0,37.6
ARCHER HEIGHTS,2012,2012,2013,2,,653.0,,303.5,,784.0,,410.0,,374.0,,0.657,0.0,39.4
ARCHER HEIGHTS,2014,2014,2015,2,,553.5,,301.0,,781.5,,344.5,,437.0,,0.694,0.0,41.6
ARCHER HEIGHTS,2016,2016,2017,2,,544.0,,307.5,,800.0,,358.5,,441.5,,0.691,0.0,41.4
ARCHER HEIGHTS,2018,2018,2019,2,,540.5,,315.5,,817.0,,356.0,,461.0,,0.697,0.0,41.8
ARCHER HEIGHTS,2020,2020,2021,2,,532.5,,321.0,,837.5,,348.5,,489.0,,0.706,0.0,42.4
ARCHER HEIGHTS,2022,2022,2023,2,,506.5,,308.5,,806.5,,328.0,,478.5,,0.711,0.0,42.7
ARCHER HEIGHTS,2024,2024,2025,2,,510.0,,326.0,,850.5,,314.0,,536.5,,0.73,0.0,43.8
ARMOUR SQUARE,2002,2002,2003,2,,739.0,,464.5,,1197.5,,128.5,,1069.0,,0.903,0.0,54.2
ARMOUR SQUARE,2004,2004,2005,2,,921.0,,593.5,,1489.5,,158.5,,1331.0,,0.904,0.0,54.2
ARMOUR SQUARE,2006,2006,2007,2,,905.0,,581.0,,1456.5,,155.5,,1301.0,,0.904,0.0,54.2
ARMOUR SQUARE,2008,2008,2009,2,,724.0,,465.0,,1159.5,,111.5,,1048.0,,0.912,0.0,54.7
ARMOUR SQUARE,2010,2010,2011,2,,782.0,,510.5,,1277.0,,105.5,,1171.5,,0.924,0.0,55.4
ARMOUR SQUARE,2012,2012,2013,2,,777.0,,537.0,,1365.0,,121.0,,1244.0,,0.919,0.0,55.1
ARMOUR SQUARE,2014,2014,2015,2,,707.0,,529.0,,1383.5,,82.0,,1301.5,,0.944,0.0,56.6
ARMOUR SQUARE,2016,2016,2017,2,,691.5,,544.0,,1421.5,,71.0,,1350.5,,0.952,0.0,57.1
ARMOUR SQUARE,2018,2018,2019,2,,698.5,,558.5,,1462.0,,67.5,,1394.5,,0.956,0.0,57.4
ARMOUR SQUARE,2020,2020,2021,2,,687.0,,560.0,,1483.5,,58.5,,1425.0,,0.962,0.0,57.7
ARMOUR SQUARE,2022,2022,2023,2,,650.0,,551.5,,1478.5,,41.5,,1437.0,,0.973,0.0,58.4
ARMOUR SQUARE,2024,2024,2025,2,,664.0,,583.0,,1555.0,,43.0,,1512.0,,0.973,0.0,58.4
ASHBURN,2002,2002,2003,2,,1086.0,,507.5,,1279.0,,416.0,,863.0,,0.755,0.0,45.3
ASHBURN,2004,2004,2005,2,,1302.5,,591.5,,1464.5,,528.5,,936.0,,0.735,0.0,44.1
ASHBURN,2006,2006,2007,2,,1247.0,,551.5,,1361.5,,496.0,,865.5,,0.733,0.0,44.0
ASHBURN,2008,2008,2009,2,,960.0,,424.5,,1041.0,,339.0,,702.0,,0.754,0.0,45.3
ASHBURN,2010,2010,2011,2,,942.5,,436.5,,1064.0,,337.5,,726.5,,0.759,0.0,45.6
ASHBURN,2012,2012,2013,2,,940.0,,473.0,,1145.0,,386.5,,758.5,,0.748,0.0,44.9
ASHBURN,2014,2014,2015,2,,764.0,,471.0,,1121.5,,295.5,,826.0,,0.791,0.0,47.5
ASHBURN,2016,2016,2017,2,,754.5,,472.0,,1106.5,,308.0,,798.5,,0.782,0.0,46.9
ASHBURN,2018,2018,2019,2,,750.5,,480.0,,1150.0,,306.0,,844.0,,0.79,0.0,47.4
ASHBURN,2020,2020,2021,2,,762.0,,487.0,,1187.5,,297.5,,890.0,,0.8,0.0,48.0
ASHBURN,2022,2022,2023,2,,722.5,,468.0,,1147.0,,272.0,,875.0,,0.808,0.0,48.5
ASHBURN,2024,2024,2025,2,,648.5,,425.0,,1055.5,,258.5,,797.0,,0.803,0.0,48.2
AUBURN GRESHAM,2002,2002,2003,2,,1295.0,,708.0,,1809.5,,347.0,,1462.5,,0.839,0.0,50.3
AUBURN GRESHAM,2004,2004,2005,2,,1609.5,,878.5,,2237.0,,457.0,,1780.0,,0.83,0.0,49.8
AUBURN GRESHAM,2006,2006,2007,2,,1549.0,,833.5,,2108.5,,458.5,,1650.0,,0.821,0.0,49.3
AUBURN GRESHAM,2008,2008,2009,2,,1170.5,,618.5,,1567.0,,338.5,,1228.5,,0.822,0.0,49.3
AUBURN GRESHAM,2010,2010,2011,2,,1160.5,,631.0,,1604.0,,323.5,,1280.5,,0.832,0.0,49.9
AUBURN GRESHAM,2012,2012,2013,2,,1101.5,,680.5,,1742.0,,319.0,,1423.0,,0.845,0.0,50.7
AUBURN GRESHAM,2014,2014,2015,2,,881.0,,619.0,,1565.0,,231.5,,1333.5,,0.871,0.0,52.3
AUBURN GRESHAM,2016,2016,2017,2,,826.0,,587.0,,1473.0,,224.0,,1249.0,,0.868,0.0,52.1
AUBURN GRESHAM,2018,2018,2019,2,,799.0,,595.5,,1505.0,,215.5,,1289.5,,0.875,0.0,52.5
AUBURN GRESHAM,2020,2020,2021,2,,805.5,,601.0,,1501.5,,212.5,,1289.0,,0.876,0.0,52.6
AUBURN GRESHAM,2022,2022,2023,2,,723.0,,560.0,,1420.5,,172.5,,1248.0,,0.892,0.0,53.5
AUBURN GRESHAM,2024,2024,2025,2,,660.5,,527.5,,1374.5,,154.5,,1220.0,,0.899,0.0,53.9
AUSTIN,2002,2002,2003,2,,3093.5,,1562.5,,3989.0,,1142.5,,2846.5,,0.777,0.0,46.6
AUSTIN,2004,2004,2005,2,,4073.0,,1946.0,,4856.0,,1594.0,,3262.0,,0.753,0.0,45.2
AUSTIN,2006,2006,2007,2,,3749.0,,1783.5,,4472.0,,1551.5,,2920.5,,0.742,0.0,44.5
AUSTIN,2008,2008,2009,2,,3052.5,,1409.5,,3560.0,,1280.5,,2279.5,,0.735,0.0,44.1
AUSTIN,2010,2010,2011,2,,2974.5,,1417.5,,3605.5,,1282.5,,2323.0,,0.738,0.0,44.3
AUSTIN,2012,2012,2013,2,,2751.0,,1429.0,,3618.5,,1258.5,,2360.0,,0.742,0.0,44.5
AUSTIN,2014,2014,2015,2,,2251.0,,1422.0,,3557.0,,964.0,,2593.0,,0.787,0.0,47.2
AUSTIN,2016,2016,2017,2,,2168.5,,1392.5,,3435.5,,1002.5,,2433.0,,0.774,0.0,46.4
AUSTIN,2018,2018,2019,2,,2119.5,,1345.5,,3274.0,,1074.0,,2200.0,,0.753,0.0,45.2
AUSTIN,2020,2020,2021,2,,2119.0,,1357.5,,3345.0,,1014.5,,2330.5,,0.767,0.0,46.0
AUSTIN,2022,2022,2023,2,,2019.5,,1317.5,,3315.0,,938.0,,2377.0,,0.779,0.0,46.8
AUSTIN,2024,2024,2025,2,,1839.5,,1239.5,,3183.0,,850.0,,2333.0,,0.789,0.0,47.4
AVALON PARK,2002,2002,2003,2,,405.5,,191.0,,450.5,,149.5,,301.0,,0.751,0.0,45.1
AVALON PARK,2004,2004,2005,2,,488.5,,236.0,,559.5,,181.0,,378.5,,0.756,0.0,45.3
AVALON PARK,2006,2006,2007,2,,445.5,,206.5,,488.5,,153.5,,335.0,,0.761,0.0,45.7
AVALON PARK,2008,2008,2009,2,,343.0,,153.5,,357.5,,118.5,,239.0,,0.751,0.0,45.1
AVALON PARK,2010,2010,2011,2,,347.5,,166.0,,392.0,,120.0,,272.0,,0.766,0.0,45.9
AVALON PARK,2012,2012,2013,2,,325.0,,190.5,,446.0,,102.5,,343.5,,0.813,0.0,48.8
AVALON PARK,2014,2014,2015,2,,254.0,,175.5,,418.5,,84.0,,334.5,,0.833,0.0,50.0
AVALON PARK,2016,2016,2017,2,,249.5,,173.5,,413.0,,94.0,,319.0,,0.815,0.0,48.9
AVALON PARK,2018,2018,2019,2,,258.0,,180.5,,417.0,,93.0,,324.0,,0.818,0.0,49.1
AVALON PARK,2020,2020,2021,2,,270.5,,189.0,,441.0,,91.5,,349.5,,0.828,0.0,49.7
AVALON PARK,2022,2022,2023,2,,257.0,,176.5,,427.5,,76.5,,351.0,,0.848,0.0,50.9
AVALON PARK,2024,2024,2025,2,,250.0,,179.5,,454.0,,68.5,,385.5,,0.869,0.0,52.1
AVONDALE,2002,2002,2003,2,,1873.5,,970.5,,2485.0,,624.0,,1861.0,,0.799,0.0,48.0
AVONDALE,2004,2004,2005,2,,2325.0,,1189.5,,2968.0,,759.5,,2208.5,,0.796,0.0,47.8
AVONDALE,2006,2006,2007,2,,2200.5,,1110.0,,2777.0,,710.0,,2067.0,,0.796,0.0,47.8
AVONDALE,2008,2008,2009,2,,1598.0,,800.5,,2008.0,,544.5,,1463.5,,0.787,0.0,47.2
AVONDALE,2010,2010,2011,2,,1556.5,,763.0,,1927.5,,563.0,,1364.5,,0.774,0.0,46.4
AVONDALE,2012,2012,2013,2,,1556.5,,764.5,,1957.0,,614.5,,1342.5,,0.761,0.0,45.7
AVONDALE,2014,2014,2015,2,,1357.0,,799.5,,2046.0,,470.0,,1576.0,,0.813,0.0,48.8
AVONDALE,2016,2016,2017,2,,1295.0,,827.5,,2101.0,,440.0,,1661.0,,0.827,0.0,49.6
AVONDALE,2018,2018,2019,2,,1245.0,,823.0,,2094.5,,432.0,,1662.5,,0.829,0.0,49.7
AVONDALE,2020,2020,2021,2,,1231.0,,841.0,,2150.5,,422.0,,1728.5,,0.836,0.0,50.2
AVONDALE,2022,2022,2023,2,,1171.0,,844.0,,2155.5,,333.5,,1822.0,,0.866,0.0,52.0
AVONDALE,2024,2024,2025,2,,1172.5,,872.5,,2275.0,,290.0,,1985.0,,0.887,0.0,53.2
BELMONT CRAGIN,2002,2002,2003,2,,2996.5,,1462.0,,3679.5,,1099.0,,2580.5,,0.77,0.0,46.2
BELMONT CRAGIN,2004,2004,2005,2,,3866.0,,1837.5,,4530.5,,1445.0,,3085.5,,0.758,0.0,45.5
BELMONT CRAGIN,2006,2006,2007,2,,3829.5,,1758.5,,4332.5,,1481.5,,2851.0,,0.745,0.0,44.7
BELMONT CRAGIN,2008,2008,2009,2,,2867.5,,1312.0,,3245.0,,1174.0,,2071.0,,0.734,0.0,44.1
BELMONT CRAGIN,2010,2010,2011,2,,2749.5,,1265.0,,3129.5,,1203.0,,1926.5,,0.722,0.0,43.3
BELMONT CRAGIN,2012,2012,2013,2,,2597.5,,1285.5,,3231.0,,1202.5,,2028.5,,0.729,0.0,43.7
BELMONT CRAGIN,2014,2014,2015,2,,2152.5,,1295.5,,3217.0,,896.0,,2321.0,,0.782,0.0,46.9
BELMONT CRAGIN,2016,2016,2017,2,,2079.0,,1296.0,,3200.0,,874.0,,2326.0,,0.785,0.0,47.1
BELMONT CRAGIN,2018,2018,2019,2,,2017.0,,1317.5,,3262.5,,890.0,,2372.5,,0.786,0.0,47.1
BELMONT CRAGIN,2020,2020,2021,2,,1921.5,,1318.5,,3286.5,,839.0,,2447.5,,0.797,0.0,47.8
BELMONT CRAGIN,2022,2022,2023,2,,1817.5,,1264.0,,3172.0,,756.0,,2416.0,,0.808,0.0,48.5
BELMONT CRAGIN,2024,2024,2025,2,,1757.0,,1231.0,,3127.5,,737.0,,2390.5,,0.809,0.0,48.6
BEVERLY,2002,2002,2003,2,,785.5,,379.5,,869.5,,127.5,,742.0,,0.872,0.0,52.3
BEVERLY,2004,2004,2005,2,,963.5,,455.0,,1049.5,,167.0,,882.5,,0.863,0.0,51.8
BEVERLY,2006,2006,2007,2,,929.0,,446.0,,1059.0,,170.0,,889.0,,0.862,0.0,51.7
BEVERLY,2008,2008,2009,2,,703.0,,338.5,,813.0,,130.5,,682.5,,0.862,0.0,51.7
BEVERLY,2010,2010,2011,2,,678.0,,335.5,,816.0,,126.0,,690.0,,0.866,0.0,52.0
BEVERLY,2012,2012,2013,2,,685.5,,358.5,,859.5,,132.5,,727.0,,0.866,0.0,52.0
BEVERLY,2014,2014,2015,2,,599.5,,358.0,,844.5,,100.0,,744.5,,0.894,0.0,53.6
BEVERLY,2016,2016,2017,2,,535.0,,340.0,,802.0,,88.5,,713.5,,0.901,0.0,54.0
BEVERLY,2018,2018,2019,2,,507.0,,344.5,,815.0,,86.5,,728.5,,0.904,0.0,54.2
BEVERLY,2020,2020,2021,2,,512.5,,376.0,,889.0,,78.0,,811.0,,0.919,0.0,55.2
BEVERLY,2022,2022,2023,2,,506.0,,381.5,,918.5,,83.0,,835.5,,0.917,0.0,55.0
BEVERLY,2024,2024,2025,2,,477.0,,363.0,,885.0,,76.0,,809.0,,0.921,0.0,55.3
BRIDGEPORT,2002,2002,2003,2,,1419.5,,555.0,,1461.5,,508.0,,953.5,,0.742,0.0,44.5
BRIDGEPORT,2004,2004,2005,2,,1794.5,,661.0,,1698.5,,648.5,,1050.0,,0.724,0.0,43.4
BRIDGEPORT,2006,2006,2007,2,,1790.0,,629.0,,1637.5,,714.5,,923.0,,0.696,0.0,41.8
BRIDGEPORT,2008,2008,2009,2,,1201.0,,440.5,,1124.0,,463.5,,660.5,,0.708,0.0,42.5
BRIDGEPORT,2010,2010,2011,2,,1137.0,,440.5,,1108.0,,449.5,,658.5,,0.711,0.0,42.7
BRIDGEPORT,2012,2012,2013,2,,1073.5,,475.0,,1192.5,,498.5,,694.0,,0.705,0.0,42.3
BRIDGEPORT,2014,2014,2015,2,,916.5,,492.0,,1241.0,,393.0,,848.0,,0.759,0.0,45.6
BRIDGEPORT,2016,2016,2017,2,,907.5,,522.5,,1308.5,,374.0,,934.5,,0.778,0.0,46.7
BRIDGEPORT,2018,2018,2019,2,,892.5,,536.5,,1332.5,,364.0,,968.5,,0.785,0.0,47.1
BRIDGEPORT,2020,2020,2021,2,,874.5,,546.5,,1347.0,,353.5,,993.5,,0.792,0.0,47.5
BRIDGEPORT,2022,2022,2023,2,,850.0,,546.0,,1360.0,,319.5,,1040.5,,0.81,0.0,48.6
BRIDGEPORT,2024,2024,2025,2,,821.0,,550.5,,1390.0,,299.0,,1091.0,,0.823,0.0,49.4
BRIGHTON PARK,2002,2002,2003,2,,1542.0,,767.5,,2002.5,,733.0,,1269.5,,0.732,0.0,43.9
BRIGHTON PARK,2004,2004,2005,2,,1909.5,,919.5,,2374.0,,964.0,,1410.0,,0.711,0.0,42.7
BRIGHTON PARK,2006,2006,2007,2,,1873.5,,889.0,,2299.0,,943.0,,1356.0,,0.709,0.0,42.5
BRIGHTON PARK,2008,2008,2009,2,,1460.5,,639.5,,1642.5,,760.5,,882.0,,0.684,0.0,41.0
BRIGHTON PARK,2010,2010,2011,2,,1440.5,,626.5,,1607.5,,748.5,,859.0,,0.682,0.0,40.9
BRIGHTON PARK,2012,2012,2013,2,,1320.5,,632.5,,1609.0,,725.0,,884.0,,0.689,0.0,41.4
BRIGHTON PARK,2014,2014,2015,2,,1130.5,,677.0,,1718.0,,563.0,,1155.0,,0.753,0.0,45.2
BRIGHTON PARK,2016,2016,2017,2,,1121.5,,685.0,,1738.5,,550.0,,1188.5,,0.76,0.0,45.6
BRIGHTON PARK,2018,2018,2019,2,,1113.5,,686.0,,1721.0,,571.5,,1149.5,,0.751,0.0,45.0
BRIGHTON PARK,2020,2020,2021,2,,1056.5,,669.0,,1667.5,,561.5,,1106.0,,0.748,0.0,44.9
BRIGHTON PARK,2022,2022,2023,2,,989.0,,617.5,,1538.5,,557.0,,981.5,,0.734,0.0,44.1
BRIGHTON PARK,2024,2024,2025,2,,952.0,,604.0,,1520.0,,533.5,,986.5,,0.74,0.0,44.4
BURNSIDE,2002,2002,2003,2,,79.0,,29.0,,74.0,,36.5,,37.5,,0.67,0.0,40.2
BURNSIDE,2004,2004,2005,2,,103.0,,39.5,,100.0,,41.0,,59.0,,0.709,0.0,42.6
BURNSIDE,2006,2006,2007,2,,86.5,,34.5,,85.5,,39.5,,46.0,,0.684,0.0,41.0
BURNSIDE,2008,2008,2009,2,,66.0,,27.5,,67.5,,35.0,,32.5,,0.659,0.0,39.5
BURNSIDE,2010,2010,2011,2,,71.5,,28.5,,69.5,,38.0,,31.5,,0.647,0.0,38.8
BURNSIDE,2012,2012,2013,2,,71.5,,30.0,,72.0,,42.5,,29.5,,0.629,0.0,37.7
BURNSIDE,2014,2014,2015,2,,59.0,,31.5,,74.0,,32.0,,42.0,,0.698,0.0,41.9
BURNSIDE,2016,2016,2017,2,,54.5,,33.0,,79.0,,28.5,,50.5,,0.735,0.0,44.1
BURNSIDE,2018,2018,2019,2,,52.5,,34.5,,86.0,,25.5,,60.5,,0.771,0.0,46.3
BURNSIDE,2020,2020,2021,2,,50.0,,30.5,,76.5,,27.0,,49.5,,0.739,0.0,44.3
BURNSIDE,2022,2022,2023,2,,48.0,,30.0,,72.0,,26.5,,45.5,,0.731,0.0,43.9
BURNSIDE,2024,2024,2025,2,,42.5,,30.0,,73.0,,20.5,,52.5,,0.781,0.0,46.8
CALUMET HEIGHTS,2002,2002,2003,2,,394.5,,180.0,,448.5,,89.0,,359.5,,0.834,0.0,50.1
CALUMET HEIGHTS,2004,2004,2005,2,,471.0,,231.5,,566.5,,98.0,,468.5,,0.853,0.0,51.2
CALUMET HEIGHTS,2006,2006,2007,2,,477.5,,237.5,,575.0,,117.0,,458.0,,0.831,0.0,49.9
CALUMET HEIGHTS,2008,2008,2009,2,,373.5,,183.0,,440.5,,99.0,,341.5,,0.816,0.0,49.0
CALUMET HEIGHTS,2010,2010,2011,2,,372.0,,183.5,,448.5,,105.5,,343.0,,0.81,0.0,48.6
CALUMET HEIGHTS,2012,2012,2013,2,,362.5,,197.0,,487.5,,115.0,,372.5,,0.809,0.0,48.5
CALUMET HEIGHTS,2014,2014,2015,2,,296.5,,193.0,,468.0,,80.0,,388.0,,0.854,0.0,51.2
CALUMET HEIGHTS,2016,2016,2017,2,,264.5,,178.0,,424.5,,76.0,,348.5,,0.848,0.0,50.9
CALUMET HEIGHTS,2018,2018,2019,2,,252.5,,169.5,,403.5,,74.0,,329.5,,0.845,0.0,50.7
CALUMET HEIGHTS,2020,2020,2021,2,,265.5,,180.0,,433.0,,70.5,,362.5,,0.86,0.0,51.6
CALUMET HEIGHTS,2022,2022,2023,2,,237.0,,163.5,,406.5,,65.5,,341.0,,0.861,0.0,51.7
CALUMET HEIGHTS,2024,2024,2025,2,,209.5,,148.5,,376.0,,64.0,,312.0,,0.855,0.0,51.3
CHATHAM,2002,2002,2003,2,,1116.5,,640.0,,1584.5,,183.5,,1401.0,,0.896,0.0,53.8
CHATHAM,2004,2004,2005,2,,1358.0,,766.5,,1856.5,,260.0,,1596.5,,0.877,0.0,52.6
CHATHAM,2006,2006,2007,2,,1284.0,,703.0,,1702.0,,261.0,,1441.0,,0.867,0.0,52.0
CHATHAM,2008,2008,2009,2,,993.0,,535.5,,1303.0,,201.5,,1101.5,,0.866,0.0,52.0
CHATHAM,2010,2010,2011,2,,1033.0,,560.5,,1368.0,,193.0,,1175.0,,0.876,0.0,52.6
CHATHAM,2012,2012,2013,2,,973.5,,607.5,,1459.0,,191.0,,1268.0,,0.884,0.0,53.1
CHATHAM,2014,2014,2015,2,,858.0,,638.5,,1525.5,,157.0,,1368.5,,0.907,0.0,54.4
CHATHAM,2016,2016,2017,2,,803.0,,619.0,,1468.5,,149.5,,1319.0,,0.908,0.0,54.5
CHATHAM,2018,2018,2019,2,,773.5,,595.5,,1411.5,,144.5,,1267.0,,0.907,0.0,54.4
CHATHAM,2020,2020,2021,2,,773.5,,584.5,,1416.0,,145.0,,1271.0,,0.907,0.0,54.4
CHATHAM,2022,2022,2023,2,,721.0,,553.0,,1369.5,,119.5,,1250.0,,0.92,0.0,55.2
CHATHAM,2024,2024,2025,2,,678.0,,531.5,,1342.5,,123.0,,1219.5,,0.916,0.0,55.0
CHICAGO LAWN,2002,2002,2003,2,,1505.0,,849.0,,2155.5,,514.5,,1641.0,,0.807,0.0,48.4
CHICAGO LAWN,2004,2004,2005,2,,1790.0,,994.0,,2487.5,,604.5,,1883.0,,0.804,0.0,48.3
CHICAGO LAWN,2006,2006,2007,2,,1715.0,,926.0,,2308.5,,616.0,,1692.5,,0.789,0.0,47.4
CHICAGO LAWN,2008,2008,2009,2,,1329.0,,691.5,,1728.5,,486.0,,1242.5,,0.781,0.0,46.8
CHICAGO LAWN,2010,2010,2011,2,,1285.5,,671.0,,1670.5,,513.0,,1157.5,,0.765,0.0,45.9
CHICAGO LAWN,2012,2012,2013,2,,1234.0,,699.0,,1752.0,,518.5,,1233.5,,0.772,0.0,46.3
CHICAGO LAWN,2014,2014,2015,2,,1016.0,,695.0,,1767.0,,370.5,,1396.5,,0.827,0.0,49.6
CHICAGO LAWN,2016,2016,2017,2,,975.0,,675.0,,1711.0,,374.0,,1337.0,,0.821,0.0,49.2
CHICAGO LAWN,2018,2018,2019,2,,943.0,,660.5,,1674.5,,391.5,,1283.0,,0.811,0.0,48.6
CHICAGO LAWN,2020,2020,2021,2,,919.5,,652.0,,1681.0,,378.0,,1303.0,,0.816,0.0,49.0
CHICAGO LAWN,2022,2022,2023,2,,864.0,,616.0,,1604.0,,338.0,,1266.0,,0.826,0.0,49.6
CHICAGO LAWN,2024,2024,2025,2,,843.0,,619.5,,1638.0,,310.5,,1327.5,,0.841,0.0,50.4
CLEARING,2002,2002,2003,2,,688.5,,309.5,,828.0,,351.0,,477.0,,0.702,0.0,42.1
CLEARING,2004,2004,2005,2,,861.5,,354.0,,922.0,,474.0,,448.0,,0.66,0.0,39.6
CLEARING,2006,2006,2007,2,,853.0,,335.5,,867.0,,479.0,,388.0,,0.644,0.0,38.6
CLEARING,2008,2008,2009,2,,638.5,,261.5,,675.0,,344.5,,330.5,,0.662,0.0,39.7
CLEARING,2010,2010,2011,2,,638.0,,262.5,,676.5,,343.5,,333.0,,0.663,0.0,39.8
CLEARING,2012,2012,2013,2,,643.5,,283.5,,741.0,,399.5,,341.5,,0.65,0.0,39.0
CLEARING,2014,2014,2015,2,,514.0,,260.0,,670.0,,330.5,,339.5,,0.67,0.0,40.2
CLEARING,2016,2016,2017,2,,482.0,,251.0,,638.0,,327.0,,311.0,,0.661,0.0,39.7
CLEARING,2018,2018,2019,2,,469.0,,259.0,,660.0,,326.5,,333.5,,0.669,0.0,40.1
CLEARING,2020,2020,2021,2,,466.0,,268.5,,689.0,,317.5,,371.5,,0.685,0.0,41.1
CLEARING,2022,2022,2023,2,,455.5,,260.0,,674.5,,310.0,,364.5,,0.685,0.0,41.1
CLEARING,2024,2024,2025,2,,433.0,,254.5,,660.0,,293.0,,367.0,,0.693,0.0,41.6
DOUGLAS,2002,2002,2003,2,,435.0,,231.0,,609.0,,39.0,,570.0,,0.94,0.0,56.4
DOUGLAS,2004,2004,2005,2,,532.5,,275.5,,702.5,,66.0,,636.5,,0.914,0.0,54.8
DOUGLAS,2006,2006,2007,2,,523.5,,249.0,,625.5,,66.5,,559.0,,0.904,0.0,54.2
DOUGLAS,2008,2008,2009,2,,421.5,,209.0,,515.0,,46.0,,469.0,,0.918,0.0,55.1
DOUGLAS,2010,2010,2011,2,,426.0,,214.0,,524.5,,53.0,,471.5,,0.908,0.0,54.5
DOUGLAS,2012,2012,2013,2,,445.5,,254.0,,630.5,,56.5,,574.0,,0.918,0.0,55.1
DOUGLAS,2014,2014,2015,2,,375.0,,261.5,,659.5,,30.5,,629.0,,0.956,0.0,57.3
DOUGLAS,2016,2016,2017,2,,377.0,,270.0,,689.0,,28.5,,660.5,,0.96,0.0,57.6
DOUGLAS,2018,2018,2019,2,,383.5,,278.5,,702.5,,26.5,,676.0,,0.964,0.0,57.8
DOUGLAS,2020,2020,2021,2,,379.0,,275.5,,679.0,,23.5,,655.5,,0.967,0.0,58.0
DOUGLAS,2022,2022,2023,2,,347.5,,252.0,,628.5,,23.0,,605.5,,0.965,0.0,57.9
DOUGLAS,2024,2024,2025,2,,313.0,,233.0,,587.5,,20.0,,567.5,,0.967,0.0,58.0
DUNNING,2002,2002,2003,2,,1391.5,,729.0,,1821.5,,307.0,,1514.5,,0.856,0.0,51.3
DUNNING,2004,2004,2005,2,,1722.0,,866.5,,2178.5,,379.0,,1799.5,,0.852,0.0,51.1
DUNNING,2006,2006,2007,2,,1602.5,,777.0,,1944.5,,375.5,,1569.0,,0.838,0.0,50.3
DUNNING,2008,2008,2009,2,,1177.5,,592.0,,1478.5,,300.5,,1178.0,,0.831,0.0,49.9
DUNNING,2010,2010,2011,2,,1104.5,,565.5,,1415.5,,294.5,,1121.0,,0.828,0.0,49.7
DUNNING,2012,2012,2013,2,,1098.0,,583.5,,1471.5,,309.5,,1162.0,,0.826,0.0,49.6
DUNNING,2014,2014,2015,2,,942.5,,596.5,,1494.0,,229.0,,1265.0,,0.867,0.0,52.0
DUNNING,2016,2016,2017,2,,924.0,,608.5,,1522.5,,233.0,,1289.5,,0.867,0.0,52.0
DUNNING,2018,2018,2019,2,,903.5,,612.0,,1526.5,,224.5,,1302.0,,0.872,0.0,52.3
DUNNING,2020,2020,2021,2,,919.5,,649.5,,1631.5,,216.5,,1415.0,,0.883,0.0,53.0
DUNNING,2022,2022,2023,2,,844.0,,615.0,,1545.5,,196.5,,1349.0,,0.887,0.0,53.2
DUNNING,2024,2024,2025,2,,798.5,,582.5,,1486.5,,191.0,,1295.5,,0.886,0.0,53.2
EAST GARFIELD PARK,2002,2002,2003,2,,581.5,,295.0,,819.0,,232.5,,586.5,,0.779,0.0,46.7
EAST GARFIELD PARK,2004,2004,2005,2,,706.5,,349.0,,964.0,,271.5,,692.5,,0.78,0.0,46.8
EAST GARFIELD PARK,2006,2006,2007,2,,681.5,,306.0,,814.0,,268.5,,545.5,,0.752,0.0,45.1
EAST GARFIELD PARK,2008,2008,2009,2,,545.0,,246.5,,661.5,,231.0,,430.5,,0.741,0.0,44.5
EAST GARFIELD PARK,2010,2010,2011,2,,531.5,,242.5,,659.5,,206.5,,453.0,,0.762,0.0,45.7
EAST GARFIELD PARK,2012,2012,2013,2,,498.0,,259.0,,689.0,,207.0,,482.0,,0.769,0.0,46.1
EAST GARFIELD PARK,2014,2014,2015,2,,412.0,,252.5,,643.0,,165.5,,477.5,,0.795,0.0,47.7
EAST GARFIELD PARK,2016,2016,2017,2,,400.5,,253.0,,624.0,,160.5,,463.5,,0.795,0.0,47.7
EAST GARFIELD PARK,2018,2018,2019,2,,385.0,,239.5,,588.5,,150.0,,438.5,,0.797,0.0,47.8
EAST GARFIELD PARK,2020,2020,2021,2,,417.0,,245.5,,598.5,,150.0,,448.5,,0.8,0.0,48.0
EAST GARFIELD PARK,2022,2022,2023,2,,417.5,,240.0,,593.5,,135.0,,458.5,,0.815,0.0,48.9
EAST GARFIELD PARK,2024,2024,2025,2,,408.0,,259.5,,656.5,,107.5,,549.0,,0.859,0.0,51.6
EAST SIDE,2002,2002,2003,2,,516.5,,264.0,,684.0,,169.5,,514.5,,0.801,0.0,48.1
EAST SIDE,2004,2004,2005,2,,624.0,,297.5,,756.5,,226.0,,530.5,,0.77,0.0,46.2
EAST SIDE,2006,2006,2007,2,,628.5,,282.0,,714.0,,255.0,,459.0,,0.737,0.0,44.2
EAST SIDE,2008,2008,2009,2,,478.5,,209.0,,523.5,,187.0,,336.5,,0.737,0.0,44.2
EAST SIDE,2010,2010,2011,2,,479.0,,208.5,,522.5,,193.0,,329.5,,0.73,0.0,43.8
EAST SIDE,2012,2012,2013,2,,493.5,,231.5,,589.0,,209.0,,380.0,,0.738,0.0,44.3
EAST SIDE,2014,2014,2015,2,,405.0,,238.5,,600.0,,137.5,,462.5,,0.814,0.0,48.8
EAST SIDE,2016,2016,2017,2,,367.5,,221.5,,548.5,,132.5,,416.0,,0.805,0.0,48.3
EAST SIDE,2018,2018,2019,2,,370.5,,231.5,,576.5,,129.0,,447.5,,0.817,0.0,49.0
EAST SIDE,2020,2020,2021,2,,353.5,,223.0,,554.0,,128.0,,426.0,,0.812,0.0,48.7
EAST SIDE,2022,2022,2023,2,,343.0,,216.5,,530.0,,122.5,,407.5,,0.812,0.0,48.7
EAST SIDE,2024,2024,2025,2,,335.0,,212.0,,522.0,,120.0,,402.0,,0.813,0.0,48.8
EDGEWATER,2002,2002,2003,2,,1921.0,,1198.0,,3005.5,,419.0,,2586.5,,0.878,0.0,52.7
EDGEWATER,2004,2004,2005,2,,2381.0,,1453.5,,3616.5,,550.5,,3066.0,,0.868,0.0,52.1
EDGEWATER,2006,2006,2007,2,,2247.5,,1313.5,,3329.5,,493.0,,2836.5,,0.871,0.0,52.3
EDGEWATER,2008,2008,2009,2,,1761.0,,1024.0,,2628.5,,366.5,,2262.0,,0.878,0.0,52.7
EDGEWATER,2010,2010,2011,2,,1721.0,,1023.0,,2628.5,,357.0,,2271.5,,0.88,0.0,52.8
EDGEWATER,2012,2012,2013,2,,1733.5,,1082.0,,2813.5,,378.5,,2435.0,,0.881,0.0,52.9
EDGEWATER,2014,2014,2015,2,,1486.5,,1096.0,,2864.0,,253.5,,2610.5,,0.919,0.0,55.1
EDGEWATER,2016,2016,2017,2,,1440.5,,1094.5,,2883.5,,227.0,,2656.5,,0.927,0.0,55.6
EDGEWATER,2018,2018,2019,2,,1380.5,,1074.0,,2840.0,,202.5,,2637.5,,0.933,0.0,56.0
EDGEWATER,2020,2020,2021,2,,1351.5,,1078.5,,2889.0,,157.5,,2731.5,,0.948,0.0,56.9
EDGEWATER,2022,2022,2023,2,,1336.5,,1069.5,,2871.0,,156.0,,2715.0,,0.948,0.0,56.9
EDGEWATER,2024,2024,2025,2,,1274.5,,1032.5,,2786.5,,157.5,,2629.0,,0.947,0.0,56.8
EDISON PARK,2002,2002,2003,2,,441.0,,217.5,,549.0,,71.0,,478.0,,0.885,0.0,53.1
EDISON PARK,2004,2004,2005,2,,579.5,,294.5,,730.5,,90.5,,640.0,,0.89,0.0,53.4
EDISON PARK,2006,2006,2007,2,,536.5,,268.0,,671.0,,85.0,,586.0,,0.888,0.0,53.3
EDISON PARK,2008,2008,2009,2,,419.0,,212.0,,523.5,,74.0,,449.5,,0.876,0.0,52.6
EDISON PARK,2010,2010,2011,2,,408.0,,218.0,,536.0,,78.0,,458.0,,0.873,0.0,52.4
EDISON PARK,2012,2012,2013,2,,397.5,,227.5,,558.0,,105.0,,453.0,,0.842,0.0,50.5
EDISON PARK,2014,2014,2015,2,,348.5,,232.5,,567.5,,79.5,,488.0,,0.877,0.0,52.6
EDISON PARK,2016,2016,2017,2,,332.0,,224.5,,543.0,,95.0,,448.0,,0.851,0.0,51.1
EDISON PARK,2018,2018,2019,2,,312.0,,220.5,,539.5,,82.0,,457.5,,0.868,0.0,52.1
EDISON PARK,2020,2020,2021,2,,323.0,,237.0,,580.5,,62.5,,518.0,,0.903,0.0,54.2
EDISON PARK,2022,2022,2023,2,,285.5,,214.0,,522.0,,42.5,,479.5,,0.925,0.0,55.5
EDISON PARK,2024,2024,2025,2,,258.0,,202.0,,488.0,,42.0,,446.0,,0.921,0.0,55.2
ENGLEWOOD,2002,2002,2003,2,,809.0,,527.5,,1415.5,,175.5,,1240.0,,0.89,0.0,53.4
ENGLEWOOD,2004,2004,2005,2,,873.5,,570.0,,1571.5,,233.0,,1338.5,,0.871,0.0,52.3
ENGLEWOOD,2006,2006,2007,2,,788.5,,500.0,,1352.0,,204.5,,1147.5,,0.869,0.0,52.1
ENGLEWOOD,2008,2008,2009,2,,647.5,,398.0,,1079.5,,155.0,,924.5,,0.874,0.0,52.5
ENGLEWOOD,2010,2010,2011,2,,645.0,,415.5,,1116.5,,167.0,,949.5,,0.87,0.0,52.2
ENGLEWOOD,2012,2012,2013,2,,574.0,,399.5,,1080.0,,166.5,,913.5,,0.866,0.0,52.0
ENGLEWOOD,2014,2014,2015,2,,468.0,,368.0,,988.0,,132.0,,856.0,,0.882,0.0,52.9
ENGLEWOOD,2016,2016,2017,2,,432.5,,347.5,,905.5,,115.5,,790.0,,0.887,0.0,53.2
ENGLEWOOD,2018,2018,2019,2,,406.0,,325.0,,837.5,,106.5,,731.0,,0.887,0.0,53.2
ENGLEWOOD,2020,2020,2021,2,,400.5,,312.5,,808.5,,97.5,,711.0,,0.892,0.0,53.5
ENGLEWOOD,2022,2022,2023,2,,353.0,,281.0,,736.5,,89.5,,647.0,,0.892,0.0,53.5
ENGLEWOOD,2024,2024,2025,2,,323.0,,265.5,,701.5,,96.0,,605.5,,0.88,0.0,52.8
FOREST GLEN,2002,2002,2003,2,,605.0,,249.0,,595.0,,100.5,,494.5,,0.855,0.0,51.3
FOREST GLEN,2004,2004,2005,2,,786.5,,335.5,,783.0,,117.5,,665.5,,0.87,0.0,52.2
FOREST GLEN,2006,2006,2007,2,,813.0,,345.0,,788.5,,112.5,,676.0,,0.875,0.0,52.5
FOREST GLEN,2008,2008,2009,2,,626.0,,279.0,,639.5,,77.5,,562.0,,0.892,0.0,53.5
FOREST GLEN,2010,2010,2011,2,,603.5,,286.5,,651.0,,77.5,,573.5,,0.894,0.0,53.6
FOREST GLEN,2012,2012,2013,2,,608.0,,298.0,,671.5,,81.5,,590.0,,0.892,0.0,53.5
FOREST GLEN,2014,2014,2015,2,,503.0,,286.0,,651.0,,65.0,,586.0,,0.909,0.0,54.6
FOREST GLEN,2016,2016,2017,2,,468.5,,283.0,,638.5,,56.5,,582.0,,0.919,0.0,55.1
FOREST GLEN,2018,2018,2019,2,,446.0,,284.5,,651.5,,51.0,,600.5,,0.927,0.0,55.6
FOREST GLEN,2020,2020,2021,2,,462.0,,296.0,,681.5,,50.0,,631.5,,0.932,0.0,55.9
FOREST GLEN,2022,2022,2023,2,,410.0,,270.5,,631.0,,48.0,,583.0,,0.929,0.0,55.8
FOREST GLEN,2024,2024,2025,2,,379.0,,263.0,,624.0,,45.0,,579.0,,0.933,0.0,56.0
FULLER PARK,2002,2002,2003,2,,172.0,,99.0,,259.5,,59.5,,200.0,,0.813,0.0,48.8
FULLER PARK,2004,2004,2005,2,,220.5,,119.0,,310.0,,81.5,,228.5,,0.792,0.0,47.5
FULLER PARK,2006,2006,2007,2,,208.0,,121.0,,308.0,,78.0,,230.0,,0.798,0.0,47.9
FULLER PARK,2008,2008,2009,2,,158.5,,93.5,,231.0,,57.0,,174.0,,0.802,0.0,48.1
FULLER PARK,2010,2010,2011,2,,159.5,,99.0,,248.5,,58.5,,190.0,,0.809,0.0,48.6
FULLER PARK,2012,2012,2013,2,,159.5,,105.0,,261.0,,65.0,,196.0,,0.801,0.0,48.0
FULLER PARK,2014,2014,2015,2,,134.0,,94.0,,238.0,,53.0,,185.0,,0.818,0.0,49.1
FULLER PARK,2016,2016,2017,2,,136.5,,94.0,,239.0,,56.0,,183.0,,0.81,0.0,48.6
FULLER PARK,2018,2018,2019,2,,140.0,,96.0,,233.5,,53.5,,180.0,,0.814,0.0,48.8
FULLER PARK,2020,2020,2021,2,,148.5,,99.0,,246.0,,56.5,,189.5,,0.813,0.0,48.8
FULLER PARK,2022,2022,2023,2,,142.5,,99.0,,250.5,,50.5,,200.0,,0.832,0.0,49.9
FULLER PARK,2024,2024,2025,2,,133.5,,96.0,,244.5,,48.0,,196.5,,0.836,0.0,50.2
GAGE PARK,2002,2002,2003,2,,956.5,,478.5,,1230.5,,385.0,,845.5,,0.762,0.0,45.7
GAGE PARK,2004,2004,2005,2,,1162.5,,600.5,,1501.5,,514.5,,987.0,,0.745,0.0,44.7
GAGE PARK,2006,2006,2007,2,,1141.0,,571.0,,1420.0,,509.0,,911.0,,0.736,0.0,44.2
GAGE PARK,2008,2008,2009,2,,893.5,,437.0,,1093.0,,398.5,,694.5,,0.733,0.0,44.0
GAGE PARK,2010,2010,2011,2,,906.0,,436.5,,1095.0,,422.5,,672.5,,0.722,0.0,43.3
GAGE PARK,2012,2012,2013,2,,883.5,,464.0,,1192.0,,426.5,,765.5,,0.736,0.0,44.2
GAGE PARK,2014,2014,2015,2,,719.5,,463.5,,1178.5,,331.0,,847.5,,0.781,0.0,46.8
GAGE PARK,2016,2016,2017,2,,725.5,,484.0,,1234.0,,317.5,,916.5,,0.795,0.0,47.7
GAGE PARK,2018,2018,2019,2,,742.5,,509.0,,1286.0,,302.0,,984.0,,0.81,0.0,48.6
GAGE PARK,2020,2020,2021,2,,712.5,,498.5,,1279.0,,287.0,,992.0,,0.817,0.0,49.0
GAGE PARK,2022,2022,2023,2,,645.5,,449.5,,1154.5,,267.0,,887.5,,0.812,0.0,48.7
GAGE PARK,2024,2024,2025,2,,673.0,,491.5,,1255.5,,256.5,,999.0,,0.83,0.0,49.8
GARFIELD RIDGE,2002,2002,2003,2,,1216.0,,694.0,,1832.5,,330.0,,1502.5,,0.847,0.0,50.8
GARFIELD RIDGE,2004,2004,2005,2,,1521.5,,837.0,,2178.0,,423.0,,1755.0,,0.837,0.0,50.2
GARFIELD RIDGE,2006,2006,2007,2,,1491.0,,801.5,,2087.0,,403.5,,1683.5,,0.838,0.0,50.3
GARFIELD RIDGE,2008,2008,2009,2,,1127.0,,595.5,,1549.0,,294.0,,1255.0,,0.84,0.0,50.4
GARFIELD RIDGE,2010,2010,2011,2,,1109.5,,585.5,,1518.0,,302.5,,1215.5,,0.834,0.0,50.0
GARFIELD RIDGE,2012,2012,2013,2,,1092.0,,611.0,,1587.0,,334.5,,1252.5,,0.826,0.0,49.6
GARFIELD RIDGE,2014,2014,2015,2,,944.0,,607.5,,1569.5,,265.5,,1304.0,,0.855,0.0,51.3
GARFIELD RIDGE,2016,2016,2017,2,,955.0,,648.5,,1677.5,,263.0,,1414.5,,0.864,0.0,51.9
GARFIELD RIDGE,2018,2018,2019,2,,961.0,,687.5,,1811.5,,247.0,,1564.5,,0.88,0.0,52.8
GARFIELD RIDGE,2020,2020,2021,2,,905.0,,665.5,,1746.5,,231.5,,1515.0,,0.883,0.0,53.0
GARFIELD RIDGE,2022,2022,2023,2,,877.0,,652.5,,1707.0,,222.0,,1485.0,,0.885,0.0,53.1
GARFIELD RIDGE,2024,2024,2025,2,,849.0,,647.5,,1706.0,,205.5,,1500.5,,0.892,0.0,53.5
GRAND BOULEVARD,2002,2002,2003,2,,665.0,,415.0,,1053.0,,66.0,,987.0,,0.941,0.0,56.5
GRAND BOULEVARD,2004,2004,2005,2,,791.5,,489.0,,1217.0,,79.0,,1138.0,,0.939,0.0,56.3
GRAND BOULEVARD,2006,2006,2007,2,,781.0,,438.0,,1063.0,,82.5,,980.5,,0.928,0.0,55.7
GRAND BOULEVARD,2008,2008,2009,2,,587.0,,321.5,,789.5,,50.0,,739.5,,0.94,0.0,56.4
GRAND BOULEVARD,2010,2010,2011,2,,532.5,,306.5,,748.0,,42.5,,705.5,,0.946,0.0,56.8
GRAND BOULEVARD,2012,2012,2013,2,,511.5,,329.5,,785.5,,44.0,,741.5,,0.947,0.0,56.8
GRAND BOULEVARD,2014,2014,2015,2,,428.0,,323.5,,763.5,,27.5,,736.0,,0.965,0.0,57.9
GRAND BOULEVARD,2016,2016,2017,2,,427.5,,328.0,,784.0,,30.0,,754.0,,0.963,0.0,57.8
GRAND BOULEVARD,2018,2018,2019,2,,434.0,,328.0,,794.5,,34.5,,760.0,,0.958,0.0,57.5
GRAND BOULEVARD,2020,2020,2021,2,,457.5,,333.5,,830.0,,37.0,,793.0,,0.957,0.0,57.4
GRAND BOULEVARD,2022,2022,2023,2,,463.5,,344.5,,879.5,,37.5,,842.0,,0.959,0.0,57.5
GRAND BOULEVARD,2024,2024,2025,2,,458.0,,351.5,,905.0,,31.5,,873.5,,0.966,0.0,58.0
GREATER GRAND CROSSING,2002,2002,2003,2,,1351.5,,777.5,,2019.5,,350.5,,1669.0,,0.852,0.0,51.1
GREATER GRAND CROSSING,2004,2004,2005,2,,1575.0,,860.0,,2205.5,,432.0,,1773.5,,0.836,0.0,50.2
GREATER GRAND CROSSING,2006,2006,2007,2,,1474.5,,820.0,,2095.5,,412.5,,1683.0,,0.836,0.0,50.1
GREATER GRAND CROSSING,2008,2008,2009,2,,1093.5,,631.5,,1613.0,,281.5,,1331.5,,0.851,0.0,51.1
GREATER GRAND CROSSING,2010,2010,2011,2,,1097.0,,626.5,,1616.5,,286.5,,1330.0,,0.849,0.0,51.0
GREATER GRAND CROSSING,2012,2012,2013,2,,1031.5,,643.0,,1636.5,,270.0,,1366.5,,0.858,0.0,51.5
GREATER GRAND CROSSING,2014,2014,2015,2,,852.0,,603.0,,1521.0,,211.5,,1309.5,,0.878,0.0,52.7
GREATER GRAND CROSSING,2016,2016,2017,2,,790.0,,588.5,,1490.5,,205.0,,1285.5,,0.879,0.0,52.7
GREATER GRAND CROSSING,2018,2018,2019,2,,768.0,,596.5,,1520.0,,183.0,,1337.0,,0.893,0.0,53.6
GREATER GRAND CROSSING,2020,2020,2021,2,,823.0,,643.5,,1645.0,,178.0,,1467.0,,0.902,0.0,54.1
GREATER GRAND CROSSING,2022,2022,2023,2,,731.0,,571.5,,1453.5,,157.5,,1296.0,,0.902,0.0,54.1
GREATER GRAND CROSSING,2024,2024,2025,2,,676.5,,534.5,,1380.0,,153.0,,1227.0,,0.9,0.0,54.0
HEGEWISCH,2002,2002,2003,2,,327.0,,212.0,,565.5,,75.5,,490.0,,0.882,0.0,52.9
HEGEWISCH,2004,2004,2005,2,,369.0,,220.0,,585.0,,115.5,,469.5,,0.835,0.0,50.1
HEGEWISCH,2006,2006,2007,2,,343.0,,191.0,,502.0,,129.5,,372.5,,0.795,0.0,47.7
HEGEWISCH,2008,2008,2009,2,,256.5,,138.0,,355.0,,116.5,,238.5,,0.753,0.0,45.2
HEGEWISCH,2010,2010,2011,2,,251.0,,134.0,,347.5,,106.0,,241.5,,0.766,0.0,46.0
HEGEWISCH,2012,2012,2013,2,,233.0,,126.0,,334.0,,103.0,,231.0,,0.764,0.0,45.9
HEGEWISCH,2014,2014,2015,2,,182.0,,116.5,,313.0,,77.5,,235.5,,0.802,0.0,48.1
HEGEWISCH,2016,2016,2017,2,,167.5,,115.0,,311.0,,66.5,,244.5,,0.824,0.0,49.4
HEGEWISCH,2018,2018,2019,2,,159.5,,109.5,,296.5,,65.5,,231.0,,0.819,0.0,49.1
HEGEWISCH,2020,2020,2021,2,,156.5,,107.0,,291.0,,67.0,,224.0,,0.813,0.0,48.8
HEGEWISCH,2022,2022,2023,2,,144.5,,101.5,,273.5,,63.0,,210.5,,0.813,0.0,48.8
HEGEWISCH,2024,2024,2025,2,,132.0,,95.5,,252.0,,51.0,,201.0,,0.832,0.0,49.9
HERMOSA,2002,2002,2003,2,,772.5,,344.0,,849.5,,333.0,,516.5,,0.718,0.0,43.1
HERMOSA,2004,2004,2005,2,,988.5,,431.5,,1034.5,,410.5,,624.0,,0.716,0.0,43.0
HERMOSA,2006,2006,2007,2,,1001.5,,434.0,,1035.5,,400.0,,635.5,,0.721,0.0,43.3
HERMOSA,2008,2008,2009,2,,775.5,,321.5,,775.5,,299.5,,476.0,,0.721,0.0,43.3
HERMOSA,2010,2010,2011,2,,775.5,,334.0,,794.5,,298.0,,496.5,,0.727,0.0,43.6
HERMOSA,2012,2012,2013,2,,716.5,,344.5,,831.0,,295.0,,536.0,,0.738,0.0,44.3
HERMOSA,2014,2014,2015,2,,647.5,,397.5,,962.0,,243.0,,719.0,,0.798,0.0,47.9
HERMOSA,2016,2016,2017,2,,642.5,,410.0,,992.0,,250.0,,742.0,,0.799,0.0,47.9
HERMOSA,2018,2018,2019,2,,631.5,,405.0,,970.0,,247.5,,722.5,,0.797,0.0,47.8
HERMOSA,2020,2020,2021,2,,638.5,,428.0,,1041.5,,234.5,,807.0,,0.816,0.0,49.0
HERMOSA,2022,2022,2023,2,,618.5,,427.0,,1047.0,,223.5,,823.5,,0.824,0.0,49.4
HERMOSA,2024,2024,2025,2,,588.0,,420.0,,1024.0,,203.0,,821.0,,0.835,0.0,50.1
HUMBOLDT PARK,2002,2002,2003,2,,2327.5,,1124.0,,2732.5,,944.5,,1788.0,,0.743,0.0,44.6
HUMBOLDT PARK,2004,2004,2005,2,,2822.0,,1351.5,,3299.5,,1266.0,,2033.5,,0.723,0.0,43.4
HUMBOLDT PARK,2006,2006,2007,2,,2639.0,,1218.5,,2961.0,,1253.0,,1708.0,,0.703,0.0,42.2
HUMBOLDT PARK,2008,2008,2009,2,,2043.0,,915.5,,2243.5,,931.5,,1312.0,,0.707,0.0,42.4
HUMBOLDT PARK,2010,2010,2011,2,,1939.0,,846.5,,2116.5,,946.5,,1170.0,,0.691,0.0,41.5
HUMBOLDT PARK,2012,2012,2013,2,,1800.5,,892.5,,2239.0,,924.5,,1314.5,,0.708,0.0,42.5
HUMBOLDT PARK,2014,2014,2015,2,,1530.5,,933.0,,2307.0,,714.5,,1592.5,,0.764,0.0,45.8
HUMBOLDT PARK,2016,2016,2017,2,,1457.0,,926.0,,2232.0,,707.0,,1525.0,,0.759,0.0,45.6
HUMBOLDT PARK,2018,2018,2019,2,,1444.5,,947.5,,2266.0,,692.0,,1574.0,,0.766,0.0,46.0
HUMBOLDT PARK,2020,2020,2021,2,,1423.5,,963.0,,2324.0,,625.5,,1698.5,,0.788,0.0,47.3
HUMBOLDT PARK,2022,2022,2023,2,,1350.5,,919.5,,2232.5,,597.0,,1635.5,,0.789,0.0,47.3
HUMBOLDT PARK,2024,2024,2025,2,,1280.5,,874.0,,2144.0,,568.5,,1575.5,,0.79,0.0,47.4
HYDE PARK,2002,2002,2003,2,,862.0,,500.0,,1275.5,,56.5,,1219.0,,0.958,0.0,57.5
HYDE PARK,2004,2004,2005,2,,1110.5,,627.5,,1583.5,,68.0,,1515.5,,0.959,0.0,57.5
HYDE PARK,2006,2006,2007,2,,1062.5,,618.0,,1577.5,,74.5,,1503.0,,0.955,0.0,57.3
HYDE PARK,2008,2008,2009,2,,804.0,,477.5,,1224.0,,50.5,,1173.5,,0.96,0.0,57.6
HYDE PARK,2010,2010,2011,2,,824.0,,480.5,,1246.0,,57.0,,1189.0,,0.956,0.0,57.4
HYDE PARK,2012,2012,2013,2,,807.0,,498.5,,1293.5,,57.5,,1236.0,,0.957,0.0,57.4
HYDE PARK,2014,2014,2015,2,,718.5,,519.5,,1367.0,,41.5,,1325.5,,0.971,0.0,58.2
HYDE PARK,2016,2016,2017,2,,743.5,,577.5,,1525.0,,35.5,,1489.5,,0.977,0.0,58.6
HYDE PARK,2018,2018,2019,2,,780.0,,611.0,,1630.5,,42.0,,1588.5,,0.975,0.0,58.5
HYDE PARK,2020,2020,2021,2,,772.5,,617.5,,1644.5,,37.5,,1607.0,,0.978,0.0,58.7
HYDE PARK,2022,2022,2023,2,,720.5,,597.0,,1590.0,,30.5,,1559.5,,0.981,0.0,58.9
HYDE PARK,2024,2024,2025,2,,674.5,,580.0,,1545.0,,33.5,,1511.5,,0.979,0.0,58.7
IRVING PARK,2002,2002,2003,2,,2503.5,,1152.0,,2931.0,,910.5,,2020.5,,0.763,0.0,45.8
IRVING PARK,2004,2004,2005,2,,3142.0,,1418.0,,3550.5,,1125.0,,2425.5,,0.759,0.0,45.6
IRVING PARK,2006,2006,2007,2,,2987.0,,1322.5,,3335.5,,1089.0,,2246.5,,0.754,0.0,45.2
IRVING PARK,2008,2008,2009,2,,2142.0,,974.5,,2467.0,,815.5,,1651.5,,0.752,0.0,45.1
IRVING PARK,2010,2010,2011,2,,2173.0,,1025.0,,2598.5,,813.5,,1785.0,,0.762,0.0,45.7
IRVING PARK,2012,2012,2013,2,,2177.5,,1090.5,,2772.0,,887.0,,1885.0,,0.758,0.0,45.5
IRVING PARK,2014,2014,2015,2,,1795.0,,1058.0,,2665.0,,680.0,,1985.0,,0.797,0.0,47.8
IRVING PARK,2016,2016,2017,2,,1770.5,,1097.5,,2735.0,,685.0,,2050.0,,0.8,0.0,48.0
IRVING PARK,2018,2018,2019,2,,1715.0,,1095.0,,2748.0,,667.0,,2081.0,,0.805,0.0,48.3
IRVING PARK,2020,2020,2021,2,,1655.0,,1089.5,,2786.5,,624.5,,2162.0,,0.817,0.0,49.0
IRVING PARK,2022,2022,2023,2,,1489.5,,990.0,,2543.5,,595.0,,1948.5,,0.81,0.0,48.6
IRVING PARK,2024,2024,2025,2,,1450.5,,988.0,,2580.0,,560.0,,2020.0,,0.822,0.0,49.3
JEFFERSON PARK,2002,2002,2003,2,,1040.0,,508.5,,1305.5,,308.5,,997.0,,0.809,0.0,48.5
JEFFERSON PARK,2004,2004,2005,2,,1270.0,,583.0,,1470.5,,398.0,,1072.5,,0.787,0.0,47.2
JEFFERSON PARK,2006,2006,2007,2,,1355.5,,607.0,,1546.0,,457.5,,1088.5,,0.772,0.0,46.3
JEFFERSON PARK,2008,2008,2009,2,,911.5,,407.0,,1033.0,,299.5,,733.5,,0.775,0.0,46.5
JEFFERSON PARK,2010,2010,2011,2,,880.5,,397.5,,1022.0,,265.5,,756.5,,0.794,0.0,47.6
JEFFERSON PARK,2012,2012,2013,2,,860.0,,410.5,,1039.5,,285.5,,754.0,,0.785,0.0,47.1
JEFFERSON PARK,2014,2014,2015,2,,729.5,,419.0,,1047.5,,220.0,,827.5,,0.826,0.0,49.6
JEFFERSON PARK,2016,2016,2017,2,,662.5,,405.0,,1006.0,,192.5,,813.5,,0.839,0.0,50.4
JEFFERSON PARK,2018,2018,2019,2,,650.0,,411.5,,1017.5,,189.0,,828.5,,0.843,0.0,50.6
JEFFERSON PARK,2020,2020,2021,2,,632.0,,412.0,,1027.5,,183.0,,844.5,,0.849,0.0,50.9
JEFFERSON PARK,2022,2022,2023,2,,588.0,,392.5,,969.0,,174.5,,794.5,,0.847,0.0,50.8
JEFFERSON PARK,2024,2024,2025,2,,548.0,,386.5,,960.0,,174.5,,785.5,,0.846,0.0,50.8
KENWOOD,2002,2002,2003,2,,260.5,,122.5,,323.0,,30.0,,293.0,,0.915,0.0,54.9
KENWOOD,2004,2004,2005,2,,342.0,,143.0,,356.0,,42.0,,314.0,,0.894,0.0,53.7
KENWOOD,2006,2006,2007,2,,327.5,,126.5,,311.5,,40.0,,271.5,,0.886,0.0,53.2
KENWOOD,2008,2008,2009,2,,251.5,,102.0,,256.0,,25.5,,230.5,,0.909,0.0,54.6
KENWOOD,2010,2010,2011,2,,274.0,,118.5,,299.5,,27.0,,272.5,,0.917,0.0,55.0
KENWOOD,2012,2012,2013,2,,286.0,,146.5,,380.0,,27.0,,353.0,,0.934,0.0,56.0
KENWOOD,2014,2014,2015,2,,230.0,,150.5,,392.5,,19.5,,373.0,,0.953,0.0,57.2
KENWOOD,2016,2016,2017,2,,219.5,,147.0,,389.5,,19.5,,370.0,,0.952,0.0,57.1
KENWOOD,2018,2018,2019,2,,233.5,,146.0,,388.0,,23.5,,364.5,,0.943,0.0,56.6
KENWOOD,2020,2020,2021,2,,248.0,,153.0,,412.0,,23.0,,389.0,,0.947,0.0,56.8
KENWOOD,2022,2022,2023,2,,238.5,,150.5,,401.5,,19.5,,382.0,,0.954,0.0,57.2
KENWOOD,2024,2024,2025,2,,216.5,,148.5,,404.5,,19.5,,385.0,,0.954,0.0,57.2
LAKE VIEW,2002,2002,2003,2,,4850.5,,3260.0,,8657.5,,450.5,,8207.0,,0.951,0.0,57.0
LAKE VIEW,2004,2004,2005,2,,6106.0,,3960.5,,10372.5,,545.0,,9827.5,,0.95,0.0,57.0
LAKE VIEW,2006,2006,2007,2,,5884.5,,3777.5,,9945.5,,485.5,,9460.0,,0.953,0.0,57.2
LAKE VIEW,2008,2008,2009,2,,4736.0,,3022.0,,7973.0,,337.5,,7635.5,,0.959,0.0,57.6
LAKE VIEW,2010,2010,2011,2,,4739.0,,3033.5,,7999.5,,347.5,,7652.0,,0.958,0.0,57.5
LAKE VIEW,2012,2012,2013,2,,4732.5,,3175.0,,8465.0,,385.5,,8079.5,,0.956,0.0,57.4
LAKE VIEW,2014,2014,2015,2,,4224.5,,3179.0,,8530.0,,287.0,,8243.0,,0.967,0.0,58.0
LAKE VIEW,2016,2016,2017,2,,4004.5,,3115.0,,8329.5,,261.5,,8068.0,,0.97,0.0,58.2
LAKE VIEW,2018,2018,2019,2,,4010.0,,3203.5,,8625.0,,233.5,,8391.5,,0.974,0.0,58.4
LAKE VIEW,2020,2020,2021,2,,3844.0,,3159.0,,8573.0,,208.0,,8365.0,,0.976,0.0,58.6
LAKE VIEW,2022,2022,2023,2,,3698.0,,3073.0,,8282.0,,169.5,,8112.5,,0.98,0.0,58.8
LAKE VIEW,2024,2024,2025,2,,3635.0,,3051.5,,8303.5,,155.0,,8148.5,,0.982,0.0,58.9
LINCOLN PARK,2002,2002,2003,2,,3605.5,,2380.0,,6272.5,,355.0,,5917.5,,0.946,0.0,56.8
LINCOLN PARK,2004,2004,2005,2,,4970.0,,3060.0,,7845.0,,499.5,,7345.5,,0.94,0.0,56.4
LINCOLN PARK,2006,2006,2007,2,,4338.0,,2750.0,,7185.5,,423.0,,6762.5,,0.944,0.0,56.7
LINCOLN PARK,2008,2008,2009,2,,3395.5,,2159.0,,5657.0,,335.0,,5322.0,,0.944,0.0,56.6
LINCOLN PARK,2010,2010,2011,2,,3324.0,,2159.0,,5667.5,,350.0,,5317.5,,0.942,0.0,56.5
LINCOLN PARK,2012,2012,2013,2,,3404.5,,2276.0,,5964.0,,486.5,,5477.5,,0.925,0.0,55.5
LINCOLN PARK,2014,2014,2015,2,,3101.5,,2340.0,,6192.0,,402.0,,5790.0,,0.939,0.0,56.3
LINCOLN PARK,2016,2016,2017,2,,2961.5,,2301.0,,6109.0,,360.5,,5748.5,,0.944,0.0,56.7
LINCOLN PARK,2018,2018,2019,2,,2832.5,,2227.5,,5923.5,,318.5,,5605.0,,0.949,0.0,56.9
LINCOLN PARK,2020,2020,2021,2,,2709.0,,2210.0,,5929.5,,249.0,,5680.5,,0.96,0.0,57.6
LINCOLN PARK,2022,2022,2023,2,,2558.0,,2131.5,,5746.5,,229.5,,5517.0,,0.962,0.0,57.7
LINCOLN PARK,2024,2024,2025,2,,2498.0,,2110.0,,5678.5,,248.0,,5430.5,,0.958,0.0,57.5
LINCOLN SQUARE,2002,2002,2003,2,,1945.0,,1214.5,,3148.5,,337.0,,2811.5,,0.903,0.0,54.2
LINCOLN SQUARE,2004,2004,2005,2,,2269.5,,1365.0,,3486.0,,414.5,,3071.5,,0.894,0.0,53.6
LINCOLN SQUARE,2006,2006,2007,2,,2062.0,,1200.0,,3093.5,,398.0,,2695.5,,0.886,0.0,53.2
LINCOLN SQUARE,2008,2008,2009,2,,1632.5,,942.5,,2429.0,,290.5,,2138.5,,0.893,0.0,53.6
LINCOLN SQUARE,2010,2010,2011,2,,1599.0,,944.0,,2440.5,,253.5,,2187.0,,0.906,0.0,54.4
LINCOLN SQUARE,2012,2012,2013,2,,1605.5,,1006.5,,2617.5,,266.0,,2351.5,,0.908,0.0,54.5
LINCOLN SQUARE,2014,2014,2015,2,,1426.5,,1026.0,,2670.5,,209.0,,2461.5,,0.927,0.0,55.6
LINCOLN SQUARE,2016,2016,2017,2,,1386.5,,1026.5,,2672.5,,196.5,,2476.0,,0.932,0.0,55.9
LINCOLN SQUARE,2018,2018,2019,2,,1331.5,,998.0,,2606.0,,178.0,,2428.0,,0.936,0.0,56.2
LINCOLN SQUARE,2020,2020,2021,2,,1295.0,,999.5,,2614.0,,178.0,,2436.0,,0.936,0.0,56.2
LINCOLN SQUARE,2022,2022,2023,2,,1251.5,,982.0,,2568.5,,165.0,,2403.5,,0.94,0.0,56.4
LINCOLN SQUARE,2024,2024,2025,2,,1220.0,,976.5,,2575.0,,162.5,,2412.5,,0.941,0.0,56.4
LOGAN SQUARE,2002,2002,2003,2,,3328.5,,1844.5,,4601.5,,891.0,,3710.5,,0.838,0.0,50.3
LOGAN SQUARE,2004,2004,2005,2,,4458.5,,2324.0,,5728.5,,1301.5,,4427.0,,0.815,0.0,48.9
LOGAN SQUARE,2006,2006,2007,2,,3884.0,,1976.5,,4888.0,,1072.5,,3815.5,,0.82,0.0,49.2
LOGAN SQUARE,2008,2008,2009,2,,3062.5,,1543.0,,3883.5,,826.5,,3057.0,,0.825,0.0,49.5
LOGAN SQUARE,2010,2010,2011,2,,3043.5,,1570.5,,4018.5,,840.0,,3178.5,,0.827,0.0,49.6
LOGAN SQUARE,2012,2012,2013,2,,3051.5,,1732.0,,4466.5,,889.5,,3577.0,,0.834,0.0,50.0
LOGAN SQUARE,2014,2014,2015,2,,2644.5,,1785.0,,4619.5,,661.5,,3958.0,,0.875,0.0,52.5
LOGAN SQUARE,2016,2016,2017,2,,2560.0,,1805.5,,4709.5,,597.5,,4112.0,,0.887,0.0,53.2
LOGAN SQUARE,2018,2018,2019,2,,2568.5,,1876.0,,4931.5,,548.5,,4383.0,,0.9,0.0,54.0
LOGAN SQUARE,2020,2020,2021,2,,2602.0,,1993.5,,5298.5,,490.0,,4808.5,,0.915,0.0,54.9
LOGAN SQUARE,2022,2022,2023,2,,2504.5,,1946.0,,5200.5,,429.0,,4771.5,,0.924,0.0,55.4
LOGAN SQUARE,2024,2024,2025,2,,2466.5,,1946.0,,5241.5,,400.0,,4841.5,,0.929,0.0,55.7
LOOP,2002,2002,2003,2,,8284.5,,4226.5,,10726.5,,327.0,,10399.5,,0.97,0.0,58.2
LOOP,2004,2004,2005,2,,10734.0,,5284.5,,13238.0,,370.0,,12868.0,,0.973,0.0,58.4
LOOP,2006,2006,2007,2,,10638.0,,5037.5,,12737.5,,374.0,,12363.5,,0.971,0.0,58.3
LOOP,2008,2008,2009,2,,9966.0,,4237.5,,10691.0,,387.5,,10303.5,,0.965,0.0,57.9
LOOP,2010,2010,2011,2,,10040.5,,4333.5,,11001.0,,479.5,,10521.5,,0.958,0.0,57.5
LOOP,2012,2012,2013,2,,9558.5,,4629.0,,11376.5,,680.5,,10696.0,,0.944,0.0,56.6
LOOP,2014,2014,2015,2,,8883.0,,5121.0,,11992.0,,629.5,,11362.5,,0.95,0.0,57.0
LOOP,2016,2016,2017,2,,8482.5,,5472.0,,12515.5,,586.5,,11929.0,,0.955,0.0,57.3
LOOP,2018,2018,2019,2,,8170.0,,5605.0,,12828.0,,594.5,,12233.5,,0.956,0.0,57.3
LOOP,2020,2020,2021,2,,7646.0,,5441.0,,12355.0,,466.5,,11888.5,,0.964,0.0,57.8
LOOP,2022,2022,2023,2,,6646.5,,4919.5,,11217.5,,433.5,,10784.0,,0.963,0.0,57.8
LOOP,2024,2024,2025,2,,6050.5,,4590.0,,10675.5,,432.0,,10243.5,,0.961,0.0,57.7
LOWER WEST SIDE,2002,2002,2003,2,,2340.0,,1030.0,,2711.5,,1204.0,,1507.5,,0.693,0.0,41.6
LOWER WEST SIDE,2004,2004,2005,2,,2908.5,,1216.5,,3178.0,,1486.5,,1691.5,,0.681,0.0,40.9
LOWER WEST SIDE,2006,2006,2007,2,,3345.5,,1364.0,,3516.5,,1823.5,,1693.0,,0.659,0.0,39.5
LOWER WEST SIDE,2008,2008,2009,2,,2221.0,,856.5,,2189.5,,1139.0,,1050.5,,0.658,0.0,39.5
LOWER WEST SIDE,2010,2010,2011,2,,2182.0,,847.0,,2179.5,,1180.5,,999.0,,0.649,0.0,38.9
LOWER WEST SIDE,2012,2012,2013,2,,2151.0,,955.0,,2448.0,,1234.0,,1214.0,,0.665,0.0,39.9
LOWER WEST SIDE,2014,2014,2015,2,,1869.0,,1015.5,,2565.5,,957.0,,1608.5,,0.728,0.0,43.7
LOWER WEST SIDE,2016,2016,2017,2,,1873.0,,1055.5,,2649.0,,938.0,,1711.0,,0.739,0.0,44.3
LOWER WEST SIDE,2018,2018,2019,2,,1895.5,,1113.5,,2756.0,,867.0,,1889.0,,0.761,0.0,45.6
LOWER WEST SIDE,2020,2020,2021,2,,1820.5,,1174.0,,2938.0,,746.0,,2192.0,,0.798,0.0,47.9
LOWER WEST SIDE,2022,2022,2023,2,,1749.5,,1165.0,,2917.0,,676.5,,2240.5,,0.812,0.0,48.7
LOWER WEST SIDE,2024,2024,2025,2,,1671.0,,1107.0,,2795.0,,612.5,,2182.5,,0.82,0.0,49.2
MCKINLEY PARK,2002,2002,2003,2,,670.0,,244.0,,662.5,,335.5,,327.0,,0.664,0.0,39.8
MCKINLEY PARK,2004,2004,2005,2,,864.5,,297.5,,802.0,,410.0,,392.0,,0.662,0.0,39.7
MCKINLEY PARK,2006,2006,2007,2,,854.0,,325.5,,860.0,,428.5,,431.5,,0.667,0.0,40.0
MCKINLEY PARK,2008,2008,2009,2,,576.5,,218.0,,577.5,,311.5,,266.0,,0.65,0.0,39.0
MCKINLEY PARK,2010,2010,2011,2,,583.5,,223.5,,587.0,,320.5,,266.5,,0.647,0.0,38.8
MCKINLEY PARK,2012,2012,2013,2,,573.0,,251.0,,643.0,,317.5,,325.5,,0.669,0.0,40.2
MCKINLEY PARK,2014,2014,2015,2,,489.0,,256.5,,634.5,,237.0,,397.5,,0.728,0.0,43.7
MCKINLEY PARK,2016,2016,2017,2,,474.0,,261.5,,634.0,,235.5,,398.5,,0.729,0.0,43.7
MCKINLEY PARK,2018,2018,2019,2,,460.5,,264.5,,643.5,,226.5,,417.0,,0.74,0.0,44.4
MCKINLEY PARK,2020,2020,2021,2,,457.0,,268.5,,665.0,,213.0,,452.0,,0.757,0.0,45.4
MCKINLEY PARK,2022,2022,2023,2,,439.5,,274.5,,686.5,,181.0,,505.5,,0.791,0.0,47.5
MCKINLEY PARK,2024,2024,2025,2,,433.0,,283.5,,705.5,,158.5,,547.0,,0.817,0.0,49.0
MONTCLARE,2002,2002,2003,2,,484.5,,247.0,,643.5,,175.5,,468.0,,0.786,0.0,47.1
MONTCLARE,2004,2004,2005,2,,592.0,,276.0,,688.5,,219.0,,469.5,,0.759,0.0,45.5
MONTCLARE,2006,2006,2007,2,,565.0,,243.0,,607.0,,245.0,,362.0,,0.712,0.0,42.7
MONTCLARE,2008,2008,2009,2,,401.5,,184.5,,461.5,,183.0,,278.5,,0.716,0.0,43.0
MONTCLARE,2010,2010,2011,2,,404.5,,192.0,,475.5,,176.0,,299.5,,0.73,0.0,43.8
MONTCLARE,2012,2012,2013,2,,404.0,,203.5,,512.5,,173.5,,339.0,,0.747,0.0,44.8
MONTCLARE,2014,2014,2015,2,,321.5,,194.5,,486.5,,114.0,,372.5,,0.81,0.0,48.6
MONTCLARE,2016,2016,2017,2,,310.0,,194.5,,489.5,,114.0,,375.5,,0.811,0.0,48.7
MONTCLARE,2018,2018,2019,2,,301.0,,189.0,,479.5,,125.5,,354.0,,0.793,0.0,47.6
MONTCLARE,2020,2020,2021,2,,302.0,,191.5,,479.0,,123.0,,356.0,,0.796,0.0,47.7
MONTCLARE,2022,2022,2023,2,,272.0,,172.5,,428.5,,120.0,,308.5,,0.781,0.0,46.9
MONTCLARE,2024,2024,2025,2,,259.0,,172.0,,440.5,,102.5,,338.0,,0.811,0.0,48.7
MORGAN PARK,2002,2002,2003,2,,658.5,,364.5,,928.5,,100.0,,828.5,,0.903,0.0,54.2
MORGAN PARK,2004,2004,2005,2,,806.5,,440.0,,1104.0,,135.0,,969.0,,0.891,0.0,53.5
MORGAN PARK,2006,2006,2007,2,,765.0,,402.0,,1008.5,,135.5,,873.0,,0.882,0.0,52.9
MORGAN PARK,2008,2008,2009,2,,621.0,,335.5,,837.5,,98.5,,739.0,,0.895,0.0,53.7
MORGAN PARK,2010,2010,2011,2,,589.0,,323.0,,803.5,,86.0,,717.5,,0.903,0.0,54.2
MORGAN PARK,2012,2012,2013,2,,557.0,,333.0,,825.5,,98.5,,727.0,,0.893,0.0,53.6
MORGAN PARK,2014,2014,2015,2,,485.5,,357.0,,878.5,,75.5,,803.0,,0.921,0.0,55.3
MORGAN PARK,2016,2016,2017,2,,464.5,,348.5,,865.5,,76.5,,789.0,,0.919,0.0,55.1
MORGAN PARK,2018,2018,2019,2,,452.5,,341.5,,831.0,,67.5,,763.5,,0.925,0.0,55.5
MORGAN PARK,2020,2020,2021,2,,435.5,,333.0,,822.5,,66.0,,756.5,,0.926,0.0,55.5
MORGAN PARK,2022,2022,2023,2,,419.5,,319.0,,792.5,,67.5,,725.0,,0.922,0.0,55.3
MORGAN PARK,2024,2024,2025,2,,409.0,,324.5,,817.5,,64.5,,753.0,,0.927,0.0,55.6
MOUNT GREENWOOD,2002,2002,2003,2,,439.5,,241.0,,652.5,,112.5,,540.0,,0.853,0.0,51.2
MOUNT GREENWOOD,2004,2004,2005,2,,538.5,,282.0,,743.0,,155.0,,588.0,,0.827,0.0,49.6
MOUNT GREENWOOD,2006,2006,2007,2,,516.5,,274.0,,725.0,,146.0,,579.0,,0.832,0.0,49.9
MOUNT GREENWOOD,2008,2008,2009,2,,380.5,,203.0,,530.5,,87.0,,443.5,,0.859,0.0,51.5
MOUNT GREENWOOD,2010,2010,2011,2,,373.5,,195.5,,515.5,,77.0,,438.5,,0.87,0.0,52.2
MOUNT GREENWOOD,2012,2012,2013,2,,373.5,,200.5,,531.5,,76.0,,455.5,,0.875,0.0,52.5
MOUNT GREENWOOD,2014,2014,2015,2,,330.5,,206.5,,544.5,,69.0,,475.5,,0.888,0.0,53.3
MOUNT GREENWOOD,2016,2016,2017,2,,308.0,,207.5,,538.5,,60.5,,478.0,,0.899,0.0,53.9
MOUNT GREENWOOD,2018,2018,2019,2,,303.5,,208.0,,530.5,,58.5,,472.0,,0.901,0.0,54.0
MOUNT GREENWOOD,2020,2020,2021,2,,308.5,,220.0,,567.0,,55.0,,512.0,,0.912,0.0,54.7
MOUNT GREENWOOD,2022,2022,2023,2,,301.0,,224.0,,578.5,,47.0,,531.5,,0.925,0.0,55.5
MOUNT GREENWOOD,2024,2024,2025,2,,288.5,,215.0,,558.0,,43.5,,514.5,,0.928,0.0,55.7
NEAR NORTH SIDE,2002,2002,2003,2,,9412.0,,5526.5,,14916.5,,875.0,,14041.5,,0.945,0.0,56.7
NEAR NORTH SIDE,2004,2004,2005,2,,11706.5,,6451.0,,17097.5,,1003.5,,16094.0,,0.945,0.0,56.7
NEAR NORTH SIDE,2006,2006,2007,2,,11927.5,,6488.5,,17266.5,,1166.5,,16100.0,,0.937,0.0,56.2
NEAR NORTH SIDE,2008,2008,2009,2,,9825.5,,5162.0,,13679.5,,825.0,,12854.5,,0.943,0.0,56.6
NEAR NORTH SIDE,2010,2010,2011,2,,10034.5,,5245.0,,13907.0,,1114.5,,12792.5,,0.926,0.0,55.5
NEAR NORTH SIDE,2012,2012,2013,2,,10223.5,,5613.0,,14884.5,,2257.0,,12627.5,,0.868,0.0,52.1
NEAR NORTH SIDE,2014,2014,2015,2,,9379.0,,6002.0,,15540.0,,2105.0,,13435.0,,0.881,0.0,52.8
NEAR NORTH SIDE,2016,2016,2017,2,,8870.0,,6080.0,,15571.5,,1948.5,,13623.0,,0.889,0.0,53.3
NEAR NORTH SIDE,2018,2018,2019,2,,8583.5,,6159.0,,15838.0,,1762.0,,14076.0,,0.9,0.0,54.0
NEAR NORTH SIDE,2020,2020,2021,2,,8022.5,,6054.5,,15596.0,,1321.0,,14275.0,,0.922,0.0,55.3
NEAR NORTH SIDE,2022,2022,2023,2,,7329.5,,5691.0,,14592.5,,1189.0,,13403.5,,0.925,0.0,55.5
NEAR NORTH SIDE,2024,2024,2025,2,,6946.0,,5424.0,,14147.5,,1273.0,,12874.5,,0.917,0.0,55.0
NEAR SOUTH SIDE,2002,2002,2003,2,,808.5,,432.0,,1094.0,,166.5,,927.5,,0.868,0.0,52.1
NEAR SOUTH SIDE,2004,2004,2005,2,,977.5,,532.5,,1349.5,,182.0,,1167.5,,0.881,0.0,52.9
NEAR SOUTH SIDE,2006,2006,2007,2,,979.0,,554.0,,1432.0,,174.0,,1258.0,,0.892,0.0,53.5
NEAR SOUTH SIDE,2008,2008,2009,2,,811.5,,473.5,,1236.5,,107.5,,1129.0,,0.92,0.0,55.2
NEAR SOUTH SIDE,2010,2010,2011,2,,853.0,,497.5,,1294.5,,127.5,,1167.0,,0.91,0.0,54.6
NEAR SOUTH SIDE,2012,2012,2013,2,,939.0,,541.0,,1419.5,,188.0,,1231.5,,0.883,0.0,53.0
NEAR SOUTH SIDE,2014,2014,2015,2,,878.0,,591.0,,1555.5,,157.0,,1398.5,,0.908,0.0,54.5
NEAR SOUTH SIDE,2016,2016,2017,2,,839.0,,599.0,,1580.5,,131.5,,1449.0,,0.923,0.0,55.4
NEAR SOUTH SIDE,2018,2018,2019,2,,941.5,,672.0,,1796.0,,137.5,,1658.5,,0.929,0.0,55.7
NEAR SOUTH SIDE,2020,2020,2021,2,,986.5,,722.0,,1930.5,,128.5,,1802.0,,0.938,0.0,56.3
NEAR SOUTH SIDE,2022,2022,2023,2,,953.5,,718.0,,1914.5,,121.5,,1793.0,,0.94,0.0,56.4
NEAR SOUTH SIDE,2024,2024,2025,2,,929.0,,714.5,,1901.0,,123.0,,1778.0,,0.939,0.0,56.4
NEAR WEST SIDE,2002,2002,2003,2,,4648.0,,2200.5,,5973.0,,1560.0,,4413.0,,0.793,0.0,47.6
NEAR WEST SIDE,2004,2004,2005,2,,5745.5,,2641.5,,7110.0,,1866.0,,5244.0,,0.792,0.0,47.5
NEAR WEST SIDE,2006,2006,2007,2,,5974.5,,2727.0,,7296.0,,1799.5,,5496.5,,0.802,0.0,48.1
NEAR WEST SIDE,2008,2008,2009,2,,4911.5,,2259.0,,6023.5,,1371.5,,4652.0,,0.815,0.0,48.9
NEAR WEST SIDE,2010,2010,2011,2,,5253.0,,2508.5,,6711.5,,1450.5,,5261.0,,0.822,0.0,49.3
NEAR WEST SIDE,2012,2012,2013,2,,5422.5,,2779.5,,7302.5,,1682.5,,5620.0,,0.813,0.0,48.8
NEAR WEST SIDE,2014,2014,2015,2,,5065.0,,3088.5,,7814.5,,1421.0,,6393.5,,0.846,0.0,50.8
NEAR WEST SIDE,2016,2016,2017,2,,5005.5,,3309.5,,8239.5,,1328.0,,6911.5,,0.861,0.0,51.7
NEAR WEST SIDE,2018,2018,2019,2,,5030.5,,3543.5,,8802.0,,1189.5,,7612.5,,0.881,0.0,52.9
NEAR WEST SIDE,2020,2020,2021,2,,4967.5,,3679.5,,9116.0,,944.5,,8171.5,,0.906,0.0,54.4
NEAR WEST SIDE,2022,2022,2023,2,,4779.0,,3612.0,,8920.0,,845.0,,8075.0,,0.913,0.0,54.8
NEAR WEST SIDE,2024,2024,2025,2,,4686.5,,3604.0,,8993.5,,805.0,,8188.5,,0.918,0.0,55.1
NEW CITY,2002,2002,2003,2,,1968.5,,907.0,,2337.5,,794.0,,1543.5,,0.746,0.0,44.8
NEW CITY,2004,2004,2005,2,,2637.5,,1165.0,,2936.5,,1012.5,,1924.0,,0.744,0.0,44.6
NEW CITY,2006,2006,2007,2,,3151.5,,1190.5,,2858.0,,1019.5,,1838.5,,0.737,0.0,44.2
NEW CITY,2008,2008,2009,2,,2478.5,,891.5,,2128.5,,790.0,,1338.5,,0.729,0.0,43.8
NEW CITY,2010,2010,2011,2,,2446.5,,891.0,,2130.5,,822.5,,1308.0,,0.721,0.0,43.3
NEW CITY,2012,2012,2013,2,,2177.0,,956.0,,2274.5,,855.0,,1419.5,,0.727,0.0,43.6
NEW CITY,2014,2014,2015,2,,1720.5,,913.5,,2202.5,,682.0,,1520.5,,0.764,0.0,45.8
NEW CITY,2016,2016,2017,2,,1542.0,,862.0,,2097.0,,678.0,,1419.0,,0.756,0.0,45.3
NEW CITY,2018,2018,2019,2,,1439.5,,845.5,,2041.5,,643.5,,1398.0,,0.76,0.0,45.6
NEW CITY,2020,2020,2021,2,,1921.0,,1362.5,,3464.5,,629.5,,2835.0,,0.846,0.0,50.8
NEW CITY,2022,2022,2023,2,,2317.0,,1803.5,,4620.0,,593.5,,4026.5,,0.886,0.0,53.2
NEW CITY,2024,2024,2025,2,,2331.5,,1845.0,,4714.5,,571.5,,4143.0,,0.892,0.0,53.5
NORTH CENTER,2002,2002,2003,2,,1755.5,,925.0,,2443.0,,494.5,,1948.5,,0.832,0.0,49.9
NORTH CENTER,2004,2004,2005,2,,2231.5,,1135.0,,2945.5,,592.5,,2353.0,,0.833,0.0,50.0
NORTH CENTER,2006,2006,2007,2,,2235.5,,1080.0,,2847.0,,593.0,,2254.0,,0.828,0.0,49.7
NORTH CENTER,2008,2008,2009,2,,1732.0,,836.5,,2194.5,,420.5,,1774.0,,0.839,0.0,50.4
NORTH CENTER,2010,2010,2011,2,,1756.0,,867.5,,2270.5,,452.5,,1818.0,,0.834,0.0,50.0
NORTH CENTER,2012,2012,2013,2,,1777.0,,913.5,,2360.0,,465.0,,1895.0,,0.835,0.0,50.1
NORTH CENTER,2014,2014,2015,2,,1555.0,,966.0,,2475.0,,311.0,,2164.0,,0.888,0.0,53.3
NORTH CENTER,2016,2016,2017,2,,1514.0,,1009.0,,2584.0,,276.0,,2308.0,,0.903,0.0,54.2
NORTH CENTER,2018,2018,2019,2,,1492.5,,1010.5,,2592.0,,243.5,,2348.5,,0.914,0.0,54.8
NORTH CENTER,2020,2020,2021,2,,1480.5,,1051.5,,2737.0,,227.0,,2510.0,,0.923,0.0,55.4
NORTH CENTER,2022,2022,2023,2,,1286.0,,952.0,,2477.0,,195.5,,2281.5,,0.927,0.0,55.6
NORTH CENTER,2024,2024,2025,2,,1246.0,,950.0,,2491.5,,189.5,,2302.0,,0.929,0.0,55.8
NORTH LAWNDALE,2002,2002,2003,2,,1055.5,,542.5,,1455.5,,425.5,,1030.0,,0.774,0.0,46.4
NORTH LAWNDALE,2004,2004,2005,2,,1367.0,,691.0,,1833.0,,583.0,,1250.0,,0.759,0.0,45.5
NORTH LAWNDALE,2006,2006,2007,2,,1378.0,,659.5,,1743.0,,661.0,,1082.0,,0.725,0.0,43.5
NORTH LAWNDALE,2008,2008,2009,2,,1029.5,,478.0,,1265.0,,512.5,,752.5,,0.712,0.0,42.7
NORTH LAWNDALE,2010,2010,2011,2,,1029.0,,485.5,,1288.0,,539.5,,748.5,,0.705,0.0,42.3
NORTH LAWNDALE,2012,2012,2013,2,,954.5,,506.0,,1328.0,,497.0,,831.0,,0.728,0.0,43.7
NORTH LAWNDALE,2014,2014,2015,2,,781.0,,468.0,,1191.5,,429.5,,762.0,,0.735,0.0,44.1
NORTH LAWNDALE,2016,2016,2017,2,,712.0,,429.0,,1055.5,,428.0,,627.5,,0.711,0.0,42.7
NORTH LAWNDALE,2018,2018,2019,2,,679.0,,420.5,,1041.5,,382.0,,659.5,,0.732,0.0,43.9
NORTH LAWNDALE,2020,2020,2021,2,,672.0,,425.5,,1076.0,,355.0,,721.0,,0.752,0.0,45.1
NORTH LAWNDALE,2022,2022,2023,2,,630.5,,410.5,,1060.5,,310.5,,750.0,,0.774,0.0,46.4
NORTH LAWNDALE,2024,2024,2025,2,,582.5,,387.0,,988.5,,280.0,,708.5,,0.779,0.0,46.8
NORTH PARK,2002,2002,2003,2,,776.5,,392.5,,1005.0,,186.0,,819.0,,0.844,0.0,50.6
NORTH PARK,2004,2004,2005,2,,986.5,,494.5,,1238.5,,229.0,,1009.5,,0.844,0.0,50.6
NORTH PARK,2006,2006,2007,2,,964.5,,484.5,,1201.0,,231.5,,969.5,,0.838,0.0,50.3
NORTH PARK,2008,2008,2009,2,,767.0,,368.0,,902.0,,176.5,,725.5,,0.836,0.0,50.2
NORTH PARK,2010,2010,2011,2,,753.0,,376.0,,938.5,,180.5,,758.0,,0.839,0.0,50.3
NORTH PARK,2012,2012,2013,2,,687.5,,359.0,,911.0,,181.0,,730.0,,0.834,0.0,50.1
NORTH PARK,2014,2014,2015,2,,592.0,,365.5,,941.0,,132.5,,808.5,,0.877,0.0,52.6
NORTH PARK,2016,2016,2017,2,,552.0,,362.5,,923.0,,121.5,,801.5,,0.884,0.0,53.0
NORTH PARK,2018,2018,2019,2,,514.0,,348.5,,893.0,,117.0,,776.0,,0.884,0.0,53.0
NORTH PARK,2020,2020,2021,2,,507.5,,357.0,,911.5,,119.0,,792.5,,0.885,0.0,53.1
NORTH PARK,2022,2022,2023,2,,457.5,,328.5,,849.5,,103.5,,746.0,,0.891,0.0,53.5
NORTH PARK,2024,2024,2025,2,,437.5,,321.5,,829.0,,99.5,,729.5,,0.893,0.0,53.6
NORWOOD PARK,2002,2002,2003,2,,1096.0,,520.5,,1291.5,,292.0,,999.5,,0.816,0.0,48.9
NORWOOD PARK,2004,2004,2005,2,,1320.5,,625.5,,1511.5,,378.0,,1133.5,,0.8,0.0,48.0
NORWOOD PARK,2006,2006,2007,2,,1237.5,,581.5,,1403.0,,365.0,,1038.0,,0.794,0.0,47.6
NORWOOD PARK,2008,2008,2009,2,,953.0,,448.5,,1079.5,,273.0,,806.5,,0.798,0.0,47.9
NORWOOD PARK,2010,2010,2011,2,,929.5,,438.0,,1059.5,,262.5,,797.0,,0.801,0.0,48.1
NORWOOD PARK,2012,2012,2013,2,,954.5,,464.5,,1114.5,,293.0,,821.5,,0.792,0.0,47.5
NORWOOD PARK,2014,2014,2015,2,,816.0,,474.5,,1142.5,,198.5,,944.0,,0.852,0.0,51.1
NORWOOD PARK,2016,2016,2017,2,,803.5,,495.5,,1189.0,,190.0,,999.0,,0.862,0.0,51.7
NORWOOD PARK,2018,2018,2019,2,,781.0,,499.5,,1201.0,,169.0,,1032.0,,0.877,0.0,52.6
NORWOOD PARK,2020,2020,2021,2,,767.5,,511.5,,1236.0,,160.0,,1076.0,,0.885,0.0,53.1
NORWOOD PARK,2022,2022,2023,2,,709.5,,479.0,,1166.0,,162.5,,1003.5,,0.878,0.0,52.7
NORWOOD PARK,2024,2024,2025,2,,688.0,,488.5,,1194.5,,158.5,,1036.0,,0.883,0.0,53.0
OAKLAND,2002,2002,2003,2,,31.0,,12.5,,25.5,,4.5,,21.0,,0.85,0.0,51.0
OAKLAND,2004,2004,2005,2,,54.5,,17.0,,35.0,,7.5,,27.5,,0.824,0.0,49.4
OAKLAND,2006,2006,2007,2,,38.5,,14.5,,29.5,,2.0,,27.5,,0.937,0.0,56.2
OAKLAND,2008,2008,2009,2,,32.5,,8.5,,15.5,,0.0,,15.5,,1.0,0.0,60.0
OAKLAND,2010,2010,2011,2,,32.5,,9.0,,16.5,,0.0,,16.5,,1.0,0.0,60.0
OAKLAND,2012,2012,2013,2,,40.5,,18.0,,42.5,,0.0,,42.5,,1.0,0.0,60.0
OAKLAND,2014,2014,2015,2,,44.0,,26.0,,64.0,,0.0,,64.0,,1.0,0.0,60.0
OAKLAND,2016,2016,2017,2,,42.0,,26.0,,62.5,,0.0,,62.5,,1.0,0.0,60.0
OAKLAND,2018,2018,2019,2,,51.0,,29.0,,73.0,,0.0,,73.0,,1.0,0.0,60.0
OAKLAND,2020,2020,2021,2,,52.5,,27.5,,76.5,,0.0,,76.5,,1.0,0.0,60.0
OAKLAND,2022,2022,2023,2,,53.5,,27.5,,77.5,,0.0,,77.5,,1.0,0.0,60.0
OAKLAND,2024,2024,2025,2,,41.5,,22.5,,59.5,,0.0,,59.5,,1.0,0.0,60.0
OHARE,2002,2002,2003,2,,1054.0,,627.0,,1729.5,,43.0,,1686.5,,0.976,0.0,58.5
OHARE,2004,2004,2005,2,,1356.0,,786.5,,2135.5,,56.0,,2079.5,,0.974,0.0,58.5
OHARE,2006,2006,2007,2,,1364.5,,783.5,,2126.5,,34.0,,2092.5,,0.984,0.0,59.1
OHARE,2008,2008,2009,2,,1052.5,,598.0,,1643.5,,31.0,,1612.5,,0.981,0.0,58.9
OHARE,2010,2010,2011,2,,1040.5,,587.5,,1623.5,,44.0,,1579.5,,0.974,0.0,58.4
OHARE,2012,2012,2013,2,,1009.5,,587.5,,1619.5,,75.0,,1544.5,,0.956,0.0,57.3
OHARE,2014,2014,2015,2,,916.5,,612.5,,1669.5,,61.5,,1608.0,,0.964,0.0,57.9
OHARE,2016,2016,2017,2,,909.5,,660.0,,1777.0,,50.0,,1727.0,,0.973,0.0,58.4
OHARE,2018,2018,2019,2,,904.5,,685.0,,1791.0,,52.5,,1738.5,,0.972,0.0,58.3
OHARE,2020,2020,2021,2,,878.0,,694.0,,1798.5,,42.0,,1756.5,,0.977,0.0,58.6
OHARE,2022,2022,2023,2,,858.5,,698.0,,1827.5,,38.0,,1789.5,,0.98,0.0,58.8
OHARE,2024,2024,2025,2,,868.0,,721.5,,1896.5,,35.0,,1861.5,,0.982,0.0,58.9
PORTAGE PARK,2002,2002,2003,2,,2493.0,,1281.5,,3233.5,,639.0,,2594.5,,0.835,0.0,50.1
PORTAGE PARK,2004,2004,2005,2,,3102.5,,1559.5,,3882.0,,804.5,,3077.5,,0.828,0.0,49.7
PORTAGE PARK,2006,2006,2007,2,,2967.5,,1442.0,,3613.5,,762.5,,2851.0,,0.826,0.0,49.5
PORTAGE PARK,2008,2008,2009,2,,2089.0,,1022.0,,2546.5,,555.0,,1991.5,,0.821,0.0,49.3
PORTAGE PARK,2010,2010,2011,2,,1989.0,,1009.5,,2525.0,,553.0,,1972.0,,0.82,0.0,49.2
PORTAGE PARK,2012,2012,2013,2,,1976.5,,1022.0,,2574.5,,561.5,,2013.0,,0.821,0.0,49.3
PORTAGE PARK,2014,2014,2015,2,,1735.0,,1046.5,,2636.0,,403.5,,2232.5,,0.867,0.0,52.0
PORTAGE PARK,2016,2016,2017,2,,1684.0,,1071.0,,2702.5,,391.5,,2311.0,,0.873,0.0,52.4
PORTAGE PARK,2018,2018,2019,2,,1577.5,,1047.5,,2663.0,,385.0,,2278.0,,0.874,0.0,52.4
PORTAGE PARK,2020,2020,2021,2,,1486.5,,1039.0,,2664.0,,381.5,,2282.5,,0.875,0.0,52.5
PORTAGE PARK,2022,2022,2023,2,,1406.5,,1000.5,,2565.5,,370.0,,2195.5,,0.874,0.0,52.4
PORTAGE PARK,2024,2024,2025,2,,1390.0,,1011.0,,2600.0,,341.5,,2258.5,,0.884,0.0,53.0
PULLMAN,2002,2002,2003,2,,281.0,,93.5,,254.5,,189.5,,65.0,,0.573,0.0,34.4
PULLMAN,2004,2004,2005,2,,353.0,,123.5,,332.5,,241.0,,91.5,,0.58,0.0,34.8
PULLMAN,2006,2006,2007,2,,336.5,,103.5,,283.5,,246.0,,37.5,,0.535,0.0,32.1
PULLMAN,2008,2008,2009,2,,274.0,,79.0,,210.0,,208.5,,1.5,,0.502,0.0,30.1
PULLMAN,2010,2010,2011,2,,264.5,,71.5,,191.0,,202.0,,-11.0,,0.486,0.0,29.2
PULLMAN,2012,2012,2013,2,,228.5,,79.5,,213.5,,163.0,,50.5,,0.567,0.0,34.0
PULLMAN,2014,2014,2015,2,,194.5,,105.5,,266.0,,101.0,,165.0,,0.725,0.0,43.5
PULLMAN,2016,2016,2017,2,,195.5,,109.0,,266.5,,103.0,,163.5,,0.721,0.0,43.3
PULLMAN,2018,2018,2019,2,,197.5,,116.5,,281.0,,96.5,,184.5,,0.744,0.0,44.7
PULLMAN,2020,2020,2021,2,,204.0,,122.0,,299.5,,96.5,,203.0,,0.756,0.0,45.4
PULLMAN,2022,2022,2023,2,,194.0,,117.0,,287.5,,96.0,,191.5,,0.75,0.0,45.0
PULLMAN,2024,2024,2025,2,,166.0,,99.0,,238.5,,81.5,,157.0,,0.745,0.0,44.7
RIVERDALE,2002,2002,2003,2,,139.5,,47.5,,127.5,,89.5,,38.0,,0.588,0.0,35.3
RIVERDALE,2004,2004,2005,2,,166.0,,50.0,,137.0,,112.0,,25.0,,0.55,0.0,33.0
RIVERDALE,2006,2006,2007,2,,135.5,,39.5,,110.5,,107.5,,3.0,,0.507,0.0,30.4
RIVERDALE,2008,2008,2009,2,,102.0,,32.0,,91.0,,83.0,,8.0,,0.523,0.0,31.4
RIVERDALE,2010,2010,2011,2,,102.5,,33.0,,94.5,,84.0,,10.5,,0.529,0.0,31.8
RIVERDALE,2012,2012,2013,2,,93.0,,33.0,,92.0,,83.0,,9.0,,0.526,0.0,31.5
RIVERDALE,2014,2014,2015,2,,73.0,,33.5,,91.5,,62.0,,29.5,,0.596,0.0,35.8
RIVERDALE,2016,2016,2017,2,,68.5,,34.0,,87.5,,52.5,,35.0,,0.625,0.0,37.5
RIVERDALE,2018,2018,2019,2,,67.5,,31.5,,82.5,,46.0,,36.5,,0.642,0.0,38.5
RIVERDALE,2020,2020,2021,2,,64.0,,27.0,,72.0,,45.5,,26.5,,0.613,0.0,36.8
RIVERDALE,2022,2022,2023,2,,48.0,,20.5,,56.0,,34.5,,21.5,,0.619,0.0,37.1
RIVERDALE,2024,2024,2025,2,,47.0,,22.0,,60.0,,29.5,,30.5,,0.67,0.0,40.2
ROGERS PARK,2002,2002,2003,2,,1623.5,,1002.5,,2546.0,,310.0,,2236.0,,0.891,0.0,53.5
ROGERS PARK,2004,2004,2005,2,,1962.5,,1142.0,,2903.0,,397.5,,2505.5,,0.88,0.0,52.8
ROGERS PARK,2006,2006,2007,2,,1804.5,,1009.5,,2623.5,,366.0,,2257.5,,0.878,0.0,52.7
ROGERS PARK,2008,2008,2009,2,,1411.5,,817.0,,2138.0,,265.0,,1873.0,,0.89,0.0,53.4
ROGERS PARK,2010,2010,2011,2,,1460.5,,834.5,,2172.0,,268.5,,1903.5,,0.89,0.0,53.4
ROGERS PARK,2012,2012,2013,2,,1416.0,,875.0,,2273.5,,283.0,,1990.5,,0.889,0.0,53.4
ROGERS PARK,2014,2014,2015,2,,1245.0,,896.0,,2358.0,,193.0,,2165.0,,0.924,0.0,55.5
ROGERS PARK,2016,2016,2017,2,,1218.5,,917.5,,2399.5,,184.5,,2215.0,,0.929,0.0,55.7
ROGERS PARK,2018,2018,2019,2,,1179.0,,905.0,,2382.5,,195.5,,2187.0,,0.924,0.0,55.4
ROGERS PARK,2020,2020,2021,2,,1118.0,,873.5,,2321.5,,187.5,,2134.0,,0.925,0.0,55.5
ROGERS PARK,2022,2022,2023,2,,1030.0,,796.0,,2114.5,,164.5,,1950.0,,0.928,0.0,55.7
ROGERS PARK,2024,2024,2025,2,,993.5,,786.0,,2100.5,,151.0,,1949.5,,0.933,0.0,56.0
ROSELAND,2002,2002,2003,2,,1135.5,,616.0,,1511.0,,218.5,,1292.5,,0.874,0.0,52.4
ROSELAND,2004,2004,2005,2,,1330.5,,728.5,,1777.5,,267.0,,1510.5,,0.869,0.0,52.2
ROSELAND,2006,2006,2007,2,,1214.5,,680.0,,1656.0,,221.5,,1434.5,,0.882,0.0,52.9
ROSELAND,2008,2008,2009,2,,968.0,,534.0,,1303.0,,164.0,,1139.0,,0.888,0.0,53.3
ROSELAND,2010,2010,2011,2,,952.0,,527.0,,1309.0,,171.5,,1137.5,,0.884,0.0,53.0
ROSELAND,2012,2012,2013,2,,889.5,,543.0,,1351.5,,170.0,,1181.5,,0.888,0.0,53.3
ROSELAND,2014,2014,2015,2,,735.5,,536.0,,1316.5,,122.0,,1194.5,,0.915,0.0,54.9
ROSELAND,2016,2016,2017,2,,664.5,,490.5,,1200.0,,104.0,,1096.0,,0.92,0.0,55.2
ROSELAND,2018,2018,2019,2,,632.5,,478.5,,1177.5,,94.5,,1083.0,,0.926,0.0,55.5
ROSELAND,2020,2020,2021,2,,626.5,,463.5,,1135.5,,95.5,,1040.0,,0.922,0.0,55.3
ROSELAND,2022,2022,2023,2,,561.5,,411.0,,1001.5,,85.0,,916.5,,0.922,0.0,55.3
ROSELAND,2024,2024,2025,2,,507.0,,394.0,,995.0,,75.0,,920.0,,0.93,0.0,55.8
SOUTH CHICAGO,2002,2002,2003,2,,934.5,,533.0,,1345.0,,190.0,,1155.0,,0.876,0.0,52.6
SOUTH CHICAGO,2004,2004,2005,2,,1145.5,,630.5,,1577.0,,248.5,,1328.5,,0.864,0.0,51.8
SOUTH CHICAGO,2006,2006,2007,2,,1092.0,,590.5,,1452.0,,264.5,,1187.5,,0.846,0.0,50.8
SOUTH CHICAGO,2008,2008,2009,2,,807.0,,440.0,,1084.0,,203.5,,880.5,,0.842,0.0,50.5
SOUTH CHICAGO,2010,2010,2011,2,,774.5,,417.0,,1044.0,,216.0,,828.0,,0.829,0.0,49.7
SOUTH CHICAGO,2012,2012,2013,2,,712.0,,422.0,,1058.0,,223.5,,834.5,,0.826,0.0,49.5
SOUTH CHICAGO,2014,2014,2015,2,,540.0,,381.5,,937.0,,154.5,,782.5,,0.858,0.0,51.5
SOUTH CHICAGO,2016,2016,2017,2,,489.5,,346.0,,838.0,,157.5,,680.5,,0.842,0.0,50.5
SOUTH CHICAGO,2018,2018,2019,2,,485.0,,346.0,,834.5,,150.0,,684.5,,0.848,0.0,50.9
SOUTH CHICAGO,2020,2020,2021,2,,491.0,,360.0,,869.0,,148.5,,720.5,,0.854,0.0,51.2
SOUTH CHICAGO,2022,2022,2023,2,,437.5,,330.0,,808.5,,134.5,,674.0,,0.857,0.0,51.4
SOUTH CHICAGO,2024,2024,2025,2,,415.5,,320.0,,798.5,,132.5,,666.0,,0.858,0.0,51.5
SOUTH DEERING,2002,2002,2003,2,,499.5,,229.0,,601.5,,211.0,,390.5,,0.74,0.0,44.4
SOUTH DEERING,2004,2004,2005,2,,612.5,,269.0,,687.5,,283.0,,404.5,,0.708,0.0,42.5
SOUTH DEERING,2006,2006,2007,2,,639.5,,263.0,,660.5,,326.5,,334.0,,0.669,0.0,40.2
SOUTH DEERING,2008,2008,2009,2,,502.5,,203.0,,511.5,,267.5,,244.0,,0.657,0.0,39.4
SOUTH DEERING,2010,2010,2011,2,,511.0,,201.0,,508.5,,283.5,,225.0,,0.642,0.0,38.5
SOUTH DEERING,2012,2012,2013,2,,486.5,,223.5,,572.5,,300.0,,272.5,,0.656,0.0,39.4
SOUTH DEERING,2014,2014,2015,2,,389.5,,229.5,,590.0,,219.0,,371.0,,0.729,0.0,43.8
SOUTH DEERING,2016,2016,2017,2,,365.0,,229.0,,591.0,,200.5,,390.5,,0.747,0.0,44.8
SOUTH DEERING,2018,2018,2019,2,,357.5,,230.5,,595.0,,193.5,,401.5,,0.755,0.0,45.3
SOUTH DEERING,2020,2020,2021,2,,337.5,,217.5,,576.5,,180.5,,396.0,,0.762,0.0,45.7
SOUTH DEERING,2022,2022,2023,2,,325.0,,212.0,,560.5,,171.5,,389.0,,0.766,0.0,45.9
SOUTH DEERING,2024,2024,2025,2,,321.0,,217.5,,567.0,,164.0,,403.0,,0.776,0.0,46.5
SOUTH LAWNDALE,2002,2002,2003,2,,2896.0,,1448.5,,3493.5,,838.5,,2655.0,,0.806,0.0,48.4
SOUTH LAWNDALE,2004,2004,2005,2,,3653.0,,1800.0,,4289.0,,1105.5,,3183.5,,0.795,0.0,47.7
SOUTH LAWNDALE,2006,2006,2007,2,,3820.0,,1760.0,,4128.0,,1171.0,,2957.0,,0.779,0.0,46.7
SOUTH LAWNDALE,2008,2008,2009,2,,2830.5,,1298.5,,3068.0,,867.0,,2201.0,,0.78,0.0,46.8
SOUTH LAWNDALE,2010,2010,2011,2,,2826.5,,1281.0,,3025.5,,862.5,,2163.0,,0.778,0.0,46.7
SOUTH LAWNDALE,2012,2012,2013,2,,2705.5,,1431.5,,3484.0,,892.0,,2592.0,,0.796,0.0,47.8
SOUTH LAWNDALE,2014,2014,2015,2,,2150.5,,1397.5,,3419.0,,629.0,,2790.0,,0.845,0.0,50.7
SOUTH LAWNDALE,2016,2016,2017,2,,2009.5,,1348.0,,3259.5,,617.5,,2642.0,,0.841,0.0,50.4
SOUTH LAWNDALE,2018,2018,2019,2,,1911.0,,1320.5,,3188.0,,618.5,,2569.5,,0.838,0.0,50.3
SOUTH LAWNDALE,2020,2020,2021,2,,1803.5,,1258.0,,3047.5,,584.5,,2463.0,,0.839,0.0,50.3
SOUTH LAWNDALE,2022,2022,2023,2,,1651.0,,1190.5,,2911.5,,529.5,,2382.0,,0.846,0.0,50.8
SOUTH LAWNDALE,2024,2024,2025,2,,1604.5,,1180.0,,2937.5,,522.5,,2415.0,,0.849,0.0,50.9
SOUTH SHORE,2002,2002,2003,2,,1355.5,,753.5,,1874.0,,224.5,,1649.5,,0.893,0.0,53.6
SOUTH SHORE,2004,2004,2005,2,,1762.5,,975.5,,2401.5,,268.5,,2133.0,,0.899,0.0,54.0
SOUTH SHORE,2006,2006,2007,2,,1665.0,,921.5,,2269.0,,211.5,,2057.5,,0.915,0.0,54.9
SOUTH SHORE,2008,2008,2009,2,,1201.0,,687.0,,1695.5,,142.0,,1553.5,,0.923,0.0,55.4
SOUTH SHORE,2010,2010,2011,2,,1143.5,,660.5,,1644.0,,141.0,,1503.0,,0.921,0.0,55.3
SOUTH SHORE,2012,2012,2013,2,,1051.5,,670.0,,1678.5,,134.5,,1544.0,,0.926,0.0,55.5
SOUTH SHORE,2014,2014,2015,2,,877.0,,643.5,,1614.0,,123.0,,1491.0,,0.929,0.0,55.8
SOUTH SHORE,2016,2016,2017,2,,812.5,,606.5,,1500.0,,122.0,,1378.0,,0.925,0.0,55.5
SOUTH SHORE,2018,2018,2019,2,,822.0,,609.0,,1507.5,,124.5,,1383.0,,0.924,0.0,55.4
SOUTH SHORE,2020,2020,2021,2,,885.0,,647.0,,1613.5,,127.5,,1486.0,,0.927,0.0,55.6
SOUTH SHORE,2022,2022,2023,2,,768.5,,570.5,,1433.5,,118.5,,1315.0,,0.924,0.0,55.4
SOUTH SHORE,2024,2024,2025,2,,690.0,,535.0,,1370.5,,110.0,,1260.5,,0.926,0.0,55.5
UPTOWN,2002,2002,2003,2,,2096.0,,1279.0,,3186.5,,367.5,,2819.0,,0.897,0.0,53.8
UPTOWN,2004,2004,2005,2,,2611.5,,1544.5,,3838.5,,464.0,,3374.5,,0.892,0.0,53.5
UPTOWN,2006,2006,2007,2,,2424.5,,1359.5,,3400.0,,457.5,,2942.5,,0.881,0.0,52.9
UPTOWN,2008,2008,2009,2,,1906.0,,1071.0,,2670.5,,344.0,,2326.5,,0.886,0.0,53.2
UPTOWN,2010,2010,2011,2,,1907.5,,1075.0,,2669.0,,348.0,,2321.0,,0.885,0.0,53.1
UPTOWN,2012,2012,2013,2,,1956.5,,1173.5,,2921.5,,328.0,,2593.5,,0.899,0.0,53.9
UPTOWN,2014,2014,2015,2,,1688.5,,1194.5,,2990.5,,267.5,,2723.0,,0.918,0.0,55.1
UPTOWN,2016,2016,2017,2,,1594.0,,1189.5,,2987.0,,259.5,,2727.5,,0.92,0.0,55.2
UPTOWN,2018,2018,2019,2,,1574.5,,1184.5,,3020.0,,242.5,,2777.5,,0.926,0.0,55.5
UPTOWN,2020,2020,2021,2,,1500.5,,1166.5,,3019.5,,202.5,,2817.0,,0.937,0.0,56.2
UPTOWN,2022,2022,2023,2,,1404.0,,1102.0,,2875.0,,159.5,,2715.5,,0.947,0.0,56.8
UPTOWN,2024,2024,2025,2,,1375.5,,1109.5,,2910.5,,128.5,,2782.0,,0.958,0.0,57.5
WASHINGTON HEIGHTS,2002,2002,2003,2,,594.0,,290.5,,720.0,,190.0,,530.0,,0.791,0.0,47.5
WASHINGTON HEIGHTS,2004,2004,2005,2,,775.5,,390.5,,955.5,,257.5,,698.0,,0.788,0.0,47.3
WASHINGTON HEIGHTS,2006,2006,2007,2,,755.0,,385.0,,956.0,,258.5,,697.5,,0.787,0.0,47.2
WASHINGTON HEIGHTS,2008,2008,2009,2,,561.5,,301.0,,743.5,,200.5,,543.0,,0.788,0.0,47.3
WASHINGTON HEIGHTS,2010,2010,2011,2,,537.5,,307.5,,761.5,,196.0,,565.5,,0.795,0.0,47.7
WASHINGTON HEIGHTS,2012,2012,2013,2,,522.5,,316.0,,783.0,,199.5,,583.5,,0.797,0.0,47.8
WASHINGTON HEIGHTS,2014,2014,2015,2,,418.5,,291.0,,730.0,,131.0,,599.0,,0.848,0.0,50.9
WASHINGTON HEIGHTS,2016,2016,2017,2,,415.5,,298.5,,735.5,,121.0,,614.5,,0.859,0.0,51.5
WASHINGTON HEIGHTS,2018,2018,2019,2,,408.0,,301.5,,746.0,,111.0,,635.0,,0.87,0.0,52.2
WASHINGTON HEIGHTS,2020,2020,2021,2,,425.5,,302.5,,750.0,,111.0,,639.0,,0.871,0.0,52.3
WASHINGTON HEIGHTS,2022,2022,2023,2,,402.5,,286.5,,719.5,,106.5,,613.0,,0.871,0.0,52.3
WASHINGTON HEIGHTS,2024,2024,2025,2,,373.5,,278.5,,722.0,,103.0,,619.0,,0.875,0.0,52.5
WASHINGTON PARK,2002,2002,2003,2,,292.0,,181.0,,495.0,,85.0,,410.0,,0.853,0.0,51.2
WASHINGTON PARK,2004,2004,2005,2,,341.5,,204.0,,554.5,,93.5,,461.0,,0.856,0.0,51.3
WASHINGTON PARK,2006,2006,2007,2,,330.5,,177.5,,488.5,,85.0,,403.5,,0.852,0.0,51.1
WASHINGTON PARK,2008,2008,2009,2,,243.5,,131.5,,363.5,,63.0,,300.5,,0.852,0.0,51.1
WASHINGTON PARK,2010,2010,2011,2,,248.0,,147.0,,407.0,,58.5,,348.5,,0.874,0.0,52.5
WASHINGTON PARK,2012,2012,2013,2,,237.0,,156.0,,429.0,,58.5,,370.5,,0.88,0.0,52.8
WASHINGTON PARK,2014,2014,2015,2,,189.0,,139.5,,371.0,,40.5,,330.5,,0.902,0.0,54.1
WASHINGTON PARK,2016,2016,2017,2,,160.0,,121.5,,322.5,,30.0,,292.5,,0.915,0.0,54.9
WASHINGTON PARK,2018,2018,2019,2,,159.5,,127.0,,341.0,,27.0,,314.0,,0.927,0.0,55.6
WASHINGTON PARK,2020,2020,2021,2,,174.5,,141.0,,381.0,,25.5,,355.5,,0.937,0.0,56.2
WASHINGTON PARK,2022,2022,2023,2,,167.0,,134.5,,361.0,,21.0,,340.0,,0.945,0.0,56.7
WASHINGTON PARK,2024,2024,2025,2,,171.5,,146.0,,382.5,,18.0,,364.5,,0.955,0.0,57.3
WEST ELSDON,2002,2002,2003,2,,550.0,,306.0,,734.0,,103.0,,631.0,,0.877,0.0,52.6
WEST ELSDON,2004,2004,2005,2,,696.5,,369.5,,852.0,,149.0,,703.0,,0.851,0.0,51.1
WEST ELSDON,2006,2006,2007,2,,692.0,,354.0,,807.0,,152.5,,654.5,,0.841,0.0,50.5
WEST ELSDON,2008,2008,2009,2,,526.0,,262.0,,594.0,,105.5,,488.5,,0.849,0.0,51.0
WEST ELSDON,2010,2010,2011,2,,522.0,,268.0,,607.5,,94.0,,513.5,,0.866,0.0,52.0
WEST ELSDON,2012,2012,2013,2,,517.0,,306.0,,701.5,,92.0,,609.5,,0.884,0.0,53.0
WEST ELSDON,2014,2014,2015,2,,440.5,,297.5,,688.5,,83.5,,605.0,,0.892,0.0,53.5
WEST ELSDON,2016,2016,2017,2,,429.5,,309.5,,721.5,,80.5,,641.0,,0.9,0.0,54.0
WEST ELSDON,2018,2018,2019,2,,417.0,,309.0,,721.5,,75.0,,646.5,,0.906,0.0,54.4
WEST ELSDON,2020,2020,2021,2,,408.0,,304.0,,711.0,,75.5,,635.5,,0.904,0.0,54.2
WEST ELSDON,2022,2022,2023,2,,387.5,,294.0,,705.5,,66.5,,639.0,,0.914,0.0,54.8
WEST ELSDON,2024,2024,2025,2,,361.5,,281.0,,690.0,,57.5,,632.5,,0.923,0.0,55.4
WEST ENGLEWOOD,2002,2002,2003,2,,835.0,,489.0,,1326.5,,289.0,,1037.5,,0.821,0.0,49.3
WEST ENGLEWOOD,2004,2004,2005,2,,1018.0,,591.0,,1612.5,,327.5,,1285.0,,0.831,0.0,49.9
WEST ENGLEWOOD,2006,2006,2007,2,,1019.5,,581.5,,1572.0,,311.5,,1260.5,,0.835,0.0,50.1
WEST ENGLEWOOD,2008,2008,2009,2,,805.5,,463.5,,1246.0,,258.5,,987.5,,0.828,0.0,49.7
WEST ENGLEWOOD,2010,2010,2011,2,,805.0,,465.5,,1249.0,,296.5,,952.5,,0.808,0.0,48.5
WEST ENGLEWOOD,2012,2012,2013,2,,760.0,,491.0,,1305.0,,295.0,,1010.0,,0.816,0.0,48.9
WEST ENGLEWOOD,2014,2014,2015,2,,600.5,,446.0,,1180.5,,231.0,,949.5,,0.836,0.0,50.2
WEST ENGLEWOOD,2016,2016,2017,2,,535.5,,398.5,,1041.5,,209.5,,832.0,,0.833,0.0,50.0
WEST ENGLEWOOD,2018,2018,2019,2,,509.5,,379.0,,989.5,,192.0,,797.5,,0.837,0.0,50.2
WEST ENGLEWOOD,2020,2020,2021,2,,520.5,,391.0,,1016.0,,196.0,,820.0,,0.838,0.0,50.3
WEST ENGLEWOOD,2022,2022,2023,2,,464.0,,350.0,,908.5,,182.0,,726.5,,0.833,0.0,50.0
WEST ENGLEWOOD,2024,2024,2025,2,,459.5,,353.0,,925.0,,175.0,,750.0,,0.841,0.0,50.5
WEST GARFIELD PARK,2002,2002,2003,2,,699.0,,359.5,,925.5,,214.0,,711.5,,0.812,0.0,48.7
WEST GARFIELD PARK,2004,2004,2005,2,,888.5,,465.0,,1161.0,,281.5,,879.5,,0.805,0.0,48.3
WEST GARFIELD PARK,2006,2006,2007,2,,821.5,,391.0,,930.5,,301.5,,629.0,,0.755,0.0,45.3
WEST GARFIELD PARK,2008,2008,2009,2,,628.5,,294.5,,708.5,,232.5,,476.0,,0.753,0.0,45.2
WEST GARFIELD PARK,2010,2010,2011,2,,657.5,,315.0,,783.5,,270.0,,513.5,,0.744,0.0,44.6
WEST GARFIELD PARK,2012,2012,2013,2,,613.0,,338.5,,826.5,,264.0,,562.5,,0.758,0.0,45.5
WEST GARFIELD PARK,2014,2014,2015,2,,502.0,,315.5,,753.5,,221.5,,532.0,,0.773,0.0,46.4
WEST GARFIELD PARK,2016,2016,2017,2,,482.5,,314.5,,751.0,,206.5,,544.5,,0.784,0.0,47.1
WEST GARFIELD PARK,2018,2018,2019,2,,475.0,,318.0,,773.5,,190.0,,583.5,,0.803,0.0,48.2
WEST GARFIELD PARK,2020,2020,2021,2,,482.0,,318.5,,784.0,,209.0,,575.0,,0.79,0.0,47.4
WEST GARFIELD PARK,2022,2022,2023,2,,438.0,,291.0,,722.0,,187.5,,534.5,,0.794,0.0,47.6
WEST GARFIELD PARK,2024,2024,2025,2,,431.0,,296.0,,743.0,,173.5,,569.5,,0.811,0.0,48.6
WEST LAWN,2002,2002,2003,2,,1111.5,,587.5,,1431.5,,194.5,,1237.0,,0.88,0.0,52.8
WEST LAWN,2004,2004,2005,2,,1318.0,,671.0,,1577.0,,227.0,,1350.0,,0.874,0.0,52.5
WEST LAWN,2006,2006,2007,2,,1289.0,,621.0,,1453.0,,223.0,,1230.0,,0.867,0.0,52.0
WEST LAWN,2008,2008,2009,2,,1041.5,,480.5,,1135.0,,181.0,,954.0,,0.862,0.0,51.7
WEST LAWN,2010,2010,2011,2,,995.5,,457.5,,1073.5,,193.0,,880.5,,0.848,0.0,50.9
WEST LAWN,2012,2012,2013,2,,967.5,,493.5,,1158.0,,210.5,,947.5,,0.846,0.0,50.8
WEST LAWN,2014,2014,2015,2,,830.0,,552.0,,1296.0,,150.0,,1146.0,,0.896,0.0,53.8
WEST LAWN,2016,2016,2017,2,,784.0,,563.0,,1334.5,,143.0,,1191.5,,0.903,0.0,54.2
WEST LAWN,2018,2018,2019,2,,749.0,,549.5,,1311.0,,143.5,,1167.5,,0.901,0.0,54.1
WEST LAWN,2020,2020,2021,2,,724.5,,541.0,,1301.5,,120.5,,1181.0,,0.915,0.0,54.9
WEST LAWN,2022,2022,2023,2,,675.5,,505.0,,1225.0,,108.5,,1116.5,,0.919,0.0,55.1
WEST LAWN,2024,2024,2025,2,,639.5,,487.5,,1190.0,,112.0,,1078.0,,0.914,0.0,54.8
WEST PULLMAN,2002,2002,2003,2,,659.5,,317.0,,842.0,,281.0,,561.0,,0.75,0.0,45.0
WEST PULLMAN,2004,2004,2005,2,,741.5,,355.0,,921.0,,327.5,,593.5,,0.738,0.0,44.3
WEST PULLMAN,2006,2006,2007,2,,713.0,,343.0,,877.5,,325.5,,552.0,,0.729,0.0,43.8
WEST PULLMAN,2008,2008,2009,2,,557.0,,259.0,,652.0,,223.0,,429.0,,0.745,0.0,44.7
WEST PULLMAN,2010,2010,2011,2,,544.0,,275.0,,708.0,,223.0,,485.0,,0.76,0.0,45.6
WEST PULLMAN,2012,2012,2013,2,,491.5,,275.0,,711.5,,200.5,,511.0,,0.78,0.0,46.8
WEST PULLMAN,2014,2014,2015,2,,363.5,,231.0,,603.5,,148.0,,455.5,,0.803,0.0,48.2
WEST PULLMAN,2016,2016,2017,2,,339.0,,211.0,,538.0,,161.5,,376.5,,0.769,0.0,46.1
WEST PULLMAN,2018,2018,2019,2,,325.5,,203.5,,515.0,,150.0,,365.0,,0.774,0.0,46.5
WEST PULLMAN,2020,2020,2021,2,,329.0,,207.5,,524.0,,131.5,,392.5,,0.799,0.0,48.0
WEST PULLMAN,2022,2022,2023,2,,317.5,,209.5,,507.5,,121.5,,386.0,,0.807,0.0,48.4
WEST PULLMAN,2024,2024,2025,2,,286.5,,192.0,,485.0,,111.0,,374.0,,0.814,0.0,48.8
WEST RIDGE,2002,2002,2003,2,,2460.5,,1455.5,,3633.0,,458.0,,3175.0,,0.888,0.0,53.3
WEST RIDGE,2004,2004,2005,2,,3126.5,,1818.5,,4445.0,,603.5,,3841.5,,0.88,0.0,52.8
WEST RIDGE,2006,2006,2007,2,,2938.5,,1683.5,,4111.0,,582.0,,3529.0,,0.876,0.0,52.6
WEST RIDGE,2008,2008,2009,2,,2325.5,,1317.5,,3171.5,,477.0,,2694.5,,0.869,0.0,52.2
WEST RIDGE,2010,2010,2011,2,,2262.5,,1305.5,,3138.0,,468.5,,2669.5,,0.87,0.0,52.2
WEST RIDGE,2012,2012,2013,2,,2159.0,,1315.0,,3152.0,,452.0,,2700.0,,0.875,0.0,52.5
WEST RIDGE,2014,2014,2015,2,,1835.5,,1296.0,,3134.0,,314.0,,2820.0,,0.909,0.0,54.5
WEST RIDGE,2016,2016,2017,2,,1757.0,,1281.5,,3123.0,,301.5,,2821.5,,0.912,0.0,54.7
WEST RIDGE,2018,2018,2019,2,,1685.5,,1259.0,,3074.5,,296.0,,2778.5,,0.912,0.0,54.7
WEST RIDGE,2020,2020,2021,2,,1631.5,,1240.0,,3072.5,,272.0,,2800.5,,0.919,0.0,55.1
WEST RIDGE,2022,2022,2023,2,,1493.5,,1141.0,,2853.0,,263.0,,2590.0,,0.916,0.0,54.9
WEST RIDGE,2024,2024,2025,2,,1435.5,,1126.0,,2847.5,,244.5,,2603.0,,0.921,0.0,55.3
WEST TOWN,2002,2002,2003,2,,4778.0,,2597.0,,6840.5,,1070.0,,5770.5,,0.865,0.0,51.9
WEST TOWN,2004,2004,2005,2,,5920.0,,3069.5,,8020.5,,1322.0,,6698.5,,0.858,0.0,51.5
WEST TOWN,2006,2006,2007,2,,5739.0,,2860.0,,7432.5,,1315.0,,6117.5,,0.85,0.0,51.0
WEST TOWN,2008,2008,2009,2,,4585.5,,2327.0,,6034.0,,983.5,,5050.5,,0.86,0.0,51.6
WEST TOWN,2010,2010,2011,2,,4752.0,,2463.5,,6393.5,,1031.5,,5362.0,,0.861,0.0,51.7
WEST TOWN,2012,2012,2013,2,,4858.0,,2710.0,,7011.0,,1156.0,,5855.0,,0.858,0.0,51.5
WEST TOWN,2014,2014,2015,2,,4356.5,,2849.0,,7303.0,,951.5,,6351.5,,0.885,0.0,53.1
WEST TOWN,2016,2016,2017,2,,4309.0,,3018.0,,7693.0,,830.0,,6863.0,,0.903,0.0,54.2
WEST TOWN,2018,2018,2019,2,,4303.0,,3111.0,,7956.5,,722.5,,7234.0,,0.917,0.0,55.0
WEST TOWN,2020,2020,2021,2,,4362.0,,3284.0,,8485.5,,655.5,,7830.0,,0.928,0.0,55.7
WEST TOWN,2022,2022,2023,2,,4016.5,,3086.5,,8037.5,,563.5,,7474.0,,0.934,0.0,56.1
WEST TOWN,2024,2024,2025,2,,3976.5,,3117.0,,8113.5,,535.5,,7578.0,,0.938,0.0,56.3
WOODLAWN,2002,2002,2003,2,,519.5,,333.5,,860.5,,67.0,,793.5,,0.928,0.0,55.7
WOODLAWN,2004,2004,2005,2,,642.5,,416.0,,1065.0,,94.5,,970.5,,0.918,0.0,55.1
WOODLAWN,2006,2006,2007,2,,621.0,,399.5,,1023.5,,97.0,,926.5,,0.913,0.0,54.8
WOODLAWN,2008,2008,2009,2,,521.5,,321.0,,826.5,,74.0,,752.5,,0.918,0.0,55.1
WOODLAWN,2010,2010,2011,2,,499.0,,314.0,,824.0,,70.5,,753.5,,0.921,0.0,55.3
WOODLAWN,2012,2012,2013,2,,453.5,,308.5,,820.0,,62.5,,757.5,,0.929,0.0,55.8
WOODLAWN,2014,2014,2015,2,,378.0,,304.5,,808.5,,49.5,,759.0,,0.942,0.0,56.5
WOODLAWN,2016,2016,2017,2,,372.5,,299.5,,761.5,,47.5,,714.0,,0.941,0.0,56.5
WOODLAWN,2018,2018,2019,2,,373.0,,294.0,,759.0,,48.5,,710.5,,0.94,0.0,56.4
WOODLAWN,2020,2020,2021,2,,417.5,,318.0,,833.0,,50.0,,783.0,,0.943,0.0,56.6
WOODLAWN,2022,2022,2023,2,,405.5,,311.0,,815.0,,46.0,,769.0,,0.947,0.0,56.8
WOODLAWN,2024,2024,2025,2,,377.5,,300.5,,795.0,,36.5,,758.5,,0.956,0.0,57.4
